{
"type": "FeatureCollection",
"name": "kriterier_grid",
"crs": { "type": "name", "properties": { "name": "urn:ogc:def:crs:OGC:1.3:CRS84" } },
"features": [
{ "type": "Feature", "properties": { "cell_id": 1, "area_m2": 35080.9, "bund": 38.9, "dybde": 57.0, "stroem": 73.3, "natur": 43.0 }, "geometry": { "type": "Polygon", "coordinates": [ [ [ 9.721339, 57.047283 ], [ 9.720711, 57.047286 ], [ 9.719041, 57.049916 ], [ 9.719014, 57.049967 ], [ 9.718806, 57.050441 ], [ 9.7214, 57.050426 ], [ 9.721339, 57.047283 ] ] ] } },
{ "type": "Feature", "properties": { "cell_id": 2, "area_m2": 70419.5, "bund": 38.4, "dybde": 57.7, "stroem": 73.3, "natur": 43.0 }, "geometry": { "type": "Polygon", "coordinates": [ [ [ 9.7214, 57.050426 ], [ 9.718806, 57.050441 ], [ 9.717421, 57.053594 ], [ 9.721461, 57.05357 ], [ 9.7214, 57.050426 ] ] ] } },
{ "type": "Feature", "properties": { "cell_id": 3, "area_m2": 96550.3, "bund": 37.7, "dybde": 58.4, "stroem": 73.1, "natur": 43.0 }, "geometry": { "type": "Polygon", "coordinates": [ [ [ 9.721461, 57.05357 ], [ 9.717421, 57.053594 ], [ 9.717229, 57.054031 ], [ 9.717211, 57.054083 ], [ 9.71654, 57.056743 ], [ 9.721522, 57.056714 ], [ 9.721461, 57.05357 ] ] ] } },
{ "type": "Feature", "properties": { "cell_id": 4, "area_m2": 113202.1, "bund": 36.7, "dybde": 59.0, "stroem": 72.7, "natur": 43.0 }, "geometry": { "type": "Polygon", "coordinates": [ [ [ 9.721522, 57.056714 ], [ 9.71654, 57.056743 ], [ 9.716166, 57.058223 ], [ 9.716157, 57.058275 ], [ 9.716043, 57.05989 ], [ 9.721583, 57.059858 ], [ 9.721522, 57.056714 ] ] ] } },
{ "type": "Feature", "properties": { "cell_id": 5, "area_m2": 120420.0, "bund": 35.6, "dybde": 59.7, "stroem": 72.2, "natur": 43.0 }, "geometry": { "type": "Polygon", "coordinates": [ [ [ 9.721583, 57.059858 ], [ 9.716043, 57.05989 ], [ 9.715861, 57.062451 ], [ 9.715862, 57.062504 ], [ 9.715921, 57.063035 ], [ 9.721644, 57.063002 ], [ 9.721583, 57.059858 ] ] ] } },
{ "type": "Feature", "properties": { "cell_id": 6, "area_m2": 118473.0, "bund": 34.5, "dybde": 60.3, "stroem": 71.8, "natur": 43.0 }, "geometry": { "type": "Polygon", "coordinates": [ [ [ 9.721644, 57.063002 ], [ 9.715921, 57.063035 ], [ 9.716265, 57.066177 ], [ 9.721705, 57.066146 ], [ 9.721644, 57.063002 ] ] ] } },
{ "type": "Feature", "properties": { "cell_id": 7, "area_m2": 108234.8, "bund": 33.3, "dybde": 60.8, "stroem": 71.4, "natur": 43.0 }, "geometry": { "type": "Polygon", "coordinates": [ [ [ 9.721705, 57.066146 ], [ 9.716265, 57.066177 ], [ 9.716319, 57.066675 ], [ 9.71633, 57.066727 ], [ 9.717086, 57.069317 ], [ 9.721766, 57.06929 ], [ 9.721705, 57.066146 ] ] ] } },
{ "type": "Feature", "properties": { "cell_id": 8, "area_m2": 88655.5, "bund": 32.2, "dybde": 61.3, "stroem": 71.2, "natur": 43.0 }, "geometry": { "type": "Polygon", "coordinates": [ [ [ 9.721766, 57.06929 ], [ 9.717086, 57.069317 ], [ 9.717535, 57.070854 ], [ 9.717555, 57.070906 ], [ 9.718299, 57.072454 ], [ 9.721827, 57.072434 ], [ 9.721766, 57.06929 ] ] ] } },
{ "type": "Feature", "properties": { "cell_id": 9, "area_m2": 59268.5, "bund": 31.2, "dybde": 61.7, "stroem": 71.0, "natur": 43.0 }, "geometry": { "type": "Polygon", "coordinates": [ [ [ 9.721827, 57.072434 ], [ 9.718299, 57.072454 ], [ 9.719497, 57.074948 ], [ 9.719526, 57.074999 ], [ 9.719927, 57.075589 ], [ 9.721888, 57.075578 ], [ 9.721827, 57.072434 ] ] ] } },
{ "type": "Feature", "properties": { "cell_id": 10, "area_m2": 19738.3, "bund": 30.4, "dybde": 62.0, "stroem": 70.9, "natur": 43.0 }, "geometry": { "type": "Polygon", "coordinates": [ [ [ 9.719927, 57.075589 ], [ 9.721946, 57.078562 ], [ 9.721888, 57.075578 ], [ 9.719927, 57.075589 ] ] ] } },
{ "type": "Feature", "properties": { "cell_id": 11, "area_m2": 53940.0, "bund": 41.0, "dybde": 56.4, "stroem": 73.1, "natur": 43.0 }, "geometry": { "type": "Polygon", "coordinates": [ [ [ 9.726984, 57.040961 ], [ 9.726023, 57.040967 ], [ 9.724833, 57.042075 ], [ 9.724788, 57.042122 ], [ 9.723095, 57.044128 ], [ 9.727046, 57.044105 ], [ 9.726984, 57.040961 ] ] ] } },
{ "type": "Feature", "properties": { "cell_id": 12, "area_m2": 109562.1, "bund": 41.2, "dybde": 57.1, "stroem": 73.9, "natur": 43.0 }, "geometry": { "type": "Polygon", "coordinates": [ [ [ 9.727107, 57.047249 ], [ 9.727046, 57.044105 ], [ 9.723095, 57.044128 ], [ 9.721584, 57.045918 ], [ 9.721548, 57.045967 ], [ 9.72132, 57.046326 ], [ 9.721339, 57.047283 ], [ 9.727107, 57.047249 ] ] ] } },
{ "type": "Feature", "properties": { "cell_id": 13, "area_m2": 122500.0, "bund": 41.7, "dybde": 58.1, "stroem": 74.6, "natur": 43.0 }, "geometry": { "type": "Polygon", "coordinates": [ [ [ 9.7214, 57.050426 ], [ 9.727168, 57.050393 ], [ 9.727107, 57.047249 ], [ 9.721339, 57.047283 ], [ 9.7214, 57.050426 ] ] ] } },
{ "type": "Feature", "properties": { "cell_id": 14, "area_m2": 122500.0, "bund": 41.8, "dybde": 59.2, "stroem": 75.2, "natur": 43.0 }, "geometry": { "type": "Polygon", "coordinates": [ [ [ 9.721461, 57.05357 ], [ 9.72723, 57.053537 ], [ 9.727168, 57.050393 ], [ 9.7214, 57.050426 ], [ 9.721461, 57.05357 ] ] ] } },
{ "type": "Feature", "properties": { "cell_id": 15, "area_m2": 122500.0, "bund": 41.4, "dybde": 60.2, "stroem": 75.2, "natur": 43.0 }, "geometry": { "type": "Polygon", "coordinates": [ [ [ 9.721522, 57.056714 ], [ 9.727291, 57.056681 ], [ 9.72723, 57.053537 ], [ 9.721461, 57.05357 ], [ 9.721522, 57.056714 ] ] ] } },
{ "type": "Feature", "properties": { "cell_id": 16, "area_m2": 122500.0, "bund": 40.4, "dybde": 61.2, "stroem": 74.6, "natur": 43.0 }, "geometry": { "type": "Polygon", "coordinates": [ [ [ 9.721583, 57.059858 ], [ 9.727353, 57.059825 ], [ 9.727291, 57.056681 ], [ 9.721522, 57.056714 ], [ 9.721583, 57.059858 ] ] ] } },
{ "type": "Feature", "properties": { "cell_id": 17, "area_m2": 122500.0, "bund": 39.0, "dybde": 62.0, "stroem": 73.7, "natur": 43.0 }, "geometry": { "type": "Polygon", "coordinates": [ [ [ 9.721644, 57.063002 ], [ 9.727414, 57.062969 ], [ 9.727353, 57.059825 ], [ 9.721583, 57.059858 ], [ 9.721644, 57.063002 ] ] ] } },
{ "type": "Feature", "properties": { "cell_id": 18, "area_m2": 122500.0, "bund": 37.4, "dybde": 62.7, "stroem": 72.7, "natur": 43.0 }, "geometry": { "type": "Polygon", "coordinates": [ [ [ 9.721705, 57.066146 ], [ 9.727476, 57.066113 ], [ 9.727414, 57.062969 ], [ 9.721644, 57.063002 ], [ 9.721705, 57.066146 ] ] ] } },
{ "type": "Feature", "properties": { "cell_id": 19, "area_m2": 122500.0, "bund": 35.6, "dybde": 63.2, "stroem": 71.9, "natur": 43.0 }, "geometry": { "type": "Polygon", "coordinates": [ [ [ 9.721766, 57.06929 ], [ 9.727537, 57.069257 ], [ 9.727476, 57.066113 ], [ 9.721705, 57.066146 ], [ 9.721766, 57.06929 ] ] ] } },
{ "type": "Feature", "properties": { "cell_id": 20, "area_m2": 122500.0, "bund": 33.9, "dybde": 63.5, "stroem": 71.4, "natur": 43.0 }, "geometry": { "type": "Polygon", "coordinates": [ [ [ 9.721827, 57.072434 ], [ 9.727599, 57.072401 ], [ 9.727537, 57.069257 ], [ 9.721766, 57.06929 ], [ 9.721827, 57.072434 ] ] ] } },
{ "type": "Feature", "properties": { "cell_id": 21, "area_m2": 122500.0, "bund": 32.3, "dybde": 63.7, "stroem": 71.1, "natur": 43.0 }, "geometry": { "type": "Polygon", "coordinates": [ [ [ 9.721888, 57.075578 ], [ 9.72766, 57.075545 ], [ 9.727599, 57.072401 ], [ 9.721827, 57.072434 ], [ 9.721888, 57.075578 ] ] ] } },
{ "type": "Feature", "properties": { "cell_id": 22, "area_m2": 122443.1, "bund": 30.9, "dybde": 63.7, "stroem": 71.0, "natur": 43.0 }, "geometry": { "type": "Polygon", "coordinates": [ [ [ 9.72766, 57.075545 ], [ 9.721888, 57.075578 ], [ 9.721946, 57.078562 ], [ 9.722054, 57.078721 ], [ 9.727722, 57.078689 ], [ 9.72766, 57.075545 ] ] ] } },
{ "type": "Feature", "properties": { "cell_id": 23, "area_m2": 92257.9, "bund": 29.9, "dybde": 63.8, "stroem": 70.9, "natur": 43.1 }, "geometry": { "type": "Polygon", "coordinates": [ [ [ 9.727722, 57.078689 ], [ 9.722054, 57.078721 ], [ 9.722187, 57.078918 ], [ 9.722226, 57.078966 ], [ 9.724799, 57.08185 ], [ 9.727784, 57.081832 ], [ 9.727722, 57.078689 ] ] ] } },
{ "type": "Feature", "properties": { "cell_id": 24, "area_m2": 30639.6, "bund": 28.9, "dybde": 64.0, "stroem": 70.9, "natur": 43.1 }, "geometry": { "type": "Polygon", "coordinates": [ [ [ 9.724799, 57.08185 ], [ 9.72558, 57.082725 ], [ 9.725627, 57.082771 ], [ 9.72784, 57.084734 ], [ 9.727784, 57.081832 ], [ 9.724799, 57.08185 ] ] ] } },
{ "type": "Feature", "properties": { "cell_id": 25, "area_m2": 23943.4, "bund": 41.5, "dybde": 55.6, "stroem": 70.4, "natur": 43.0 }, "geometry": { "type": "Polygon", "coordinates": [ [ [ 9.732645, 57.035501 ], [ 9.729585, 57.037802 ], [ 9.73269, 57.037784 ], [ 9.732645, 57.035501 ] ] ] } },
{ "type": "Feature", "properties": { "cell_id": 26, "area_m2": 103011.5, "bund": 42.5, "dybde": 56.2, "stroem": 72.1, "natur": 43.0 }, "geometry": { "type": "Polygon", "coordinates": [ [ [ 9.732752, 57.040928 ], [ 9.73269, 57.037784 ], [ 9.729585, 57.037802 ], [ 9.728757, 57.038424 ], [ 9.728704, 57.038469 ], [ 9.726967, 57.040087 ], [ 9.726984, 57.040961 ], [ 9.732752, 57.040928 ] ] ] } },
{ "type": "Feature", "properties": { "cell_id": 27, "area_m2": 122500.0, "bund": 44.2, "dybde": 57.4, "stroem": 74.0, "natur": 43.0 }, "geometry": { "type": "Polygon", "coordinates": [ [ [ 9.727046, 57.044105 ], [ 9.732814, 57.044072 ], [ 9.732752, 57.040928 ], [ 9.726984, 57.040961 ], [ 9.727046, 57.044105 ] ] ] } },
{ "type": "Feature", "properties": { "cell_id": 28, "area_m2": 122500.0, "bund": 45.7, "dybde": 58.7, "stroem": 76.0, "natur": 43.0 }, "geometry": { "type": "Polygon", "coordinates": [ [ [ 9.727107, 57.047249 ], [ 9.732875, 57.047216 ], [ 9.732814, 57.044072 ], [ 9.727046, 57.044105 ], [ 9.727107, 57.047249 ] ] ] } },
{ "type": "Feature", "properties": { "cell_id": 29, "area_m2": 122500.0, "bund": 46.7, "dybde": 60.0, "stroem": 77.6, "natur": 43.0 }, "geometry": { "type": "Polygon", "coordinates": [ [ [ 9.727168, 57.050393 ], [ 9.732937, 57.05036 ], [ 9.732875, 57.047216 ], [ 9.727107, 57.047249 ], [ 9.727168, 57.050393 ] ] ] } },
{ "type": "Feature", "properties": { "cell_id": 30, "area_m2": 122500.0, "bund": 46.8, "dybde": 61.2, "stroem": 78.6, "natur": 43.0 }, "geometry": { "type": "Polygon", "coordinates": [ [ [ 9.72723, 57.053537 ], [ 9.732999, 57.053503 ], [ 9.732937, 57.05036 ], [ 9.727168, 57.050393 ], [ 9.72723, 57.053537 ] ] ] } },
{ "type": "Feature", "properties": { "cell_id": 31, "area_m2": 122500.0, "bund": 46.2, "dybde": 62.4, "stroem": 78.6, "natur": 43.0 }, "geometry": { "type": "Polygon", "coordinates": [ [ [ 9.727291, 57.056681 ], [ 9.733061, 57.056647 ], [ 9.732999, 57.053503 ], [ 9.72723, 57.053537 ], [ 9.727291, 57.056681 ] ] ] } },
{ "type": "Feature", "properties": { "cell_id": 32, "area_m2": 122500.0, "bund": 45.0, "dybde": 63.5, "stroem": 77.6, "natur": 43.0 }, "geometry": { "type": "Polygon", "coordinates": [ [ [ 9.727353, 57.059825 ], [ 9.733123, 57.059791 ], [ 9.733061, 57.056647 ], [ 9.727291, 57.056681 ], [ 9.727353, 57.059825 ] ] ] } },
{ "type": "Feature", "properties": { "cell_id": 33, "area_m2": 122500.0, "bund": 43.1, "dybde": 64.4, "stroem": 75.9, "natur": 43.0 }, "geometry": { "type": "Polygon", "coordinates": [ [ [ 9.727414, 57.062969 ], [ 9.733185, 57.062935 ], [ 9.733123, 57.059791 ], [ 9.727353, 57.059825 ], [ 9.727414, 57.062969 ] ] ] } },
{ "type": "Feature", "properties": { "cell_id": 34, "area_m2": 122500.0, "bund": 41.0, "dybde": 65.2, "stroem": 74.2, "natur": 43.1 }, "geometry": { "type": "Polygon", "coordinates": [ [ [ 9.727476, 57.066113 ], [ 9.733247, 57.066079 ], [ 9.733185, 57.062935 ], [ 9.727414, 57.062969 ], [ 9.727476, 57.066113 ] ] ] } },
{ "type": "Feature", "properties": { "cell_id": 35, "area_m2": 122500.0, "bund": 38.6, "dybde": 65.8, "stroem": 72.8, "natur": 43.1 }, "geometry": { "type": "Polygon", "coordinates": [ [ [ 9.727537, 57.069257 ], [ 9.733309, 57.069223 ], [ 9.733247, 57.066079 ], [ 9.727476, 57.066113 ], [ 9.727537, 57.069257 ] ] ] } },
{ "type": "Feature", "properties": { "cell_id": 36, "area_m2": 122500.0, "bund": 36.4, "dybde": 66.3, "stroem": 71.8, "natur": 43.1 }, "geometry": { "type": "Polygon", "coordinates": [ [ [ 9.727599, 57.072401 ], [ 9.733371, 57.072367 ], [ 9.733309, 57.069223 ], [ 9.727537, 57.069257 ], [ 9.727599, 57.072401 ] ] ] } },
{ "type": "Feature", "properties": { "cell_id": 37, "area_m2": 122500.0, "bund": 34.2, "dybde": 66.5, "stroem": 71.3, "natur": 43.1 }, "geometry": { "type": "Polygon", "coordinates": [ [ [ 9.72766, 57.075545 ], [ 9.733433, 57.075511 ], [ 9.733371, 57.072367 ], [ 9.727599, 57.072401 ], [ 9.72766, 57.075545 ] ] ] } },
{ "type": "Feature", "properties": { "cell_id": 38, "area_m2": 122500.0, "bund": 32.3, "dybde": 66.5, "stroem": 71.0, "natur": 43.1 }, "geometry": { "type": "Polygon", "coordinates": [ [ [ 9.727722, 57.078689 ], [ 9.733495, 57.078655 ], [ 9.733433, 57.075511 ], [ 9.72766, 57.075545 ], [ 9.727722, 57.078689 ] ] ] } },
{ "type": "Feature", "properties": { "cell_id": 39, "area_m2": 122500.0, "bund": 30.5, "dybde": 66.2, "stroem": 70.9, "natur": 43.1 }, "geometry": { "type": "Polygon", "coordinates": [ [ [ 9.727784, 57.081832 ], [ 9.733557, 57.081799 ], [ 9.733495, 57.078655 ], [ 9.727722, 57.078689 ], [ 9.727784, 57.081832 ] ] ] } },
{ "type": "Feature", "properties": { "cell_id": 40, "area_m2": 122282.6, "bund": 28.9, "dybde": 65.8, "stroem": 70.9, "natur": 43.1 }, "geometry": { "type": "Polygon", "coordinates": [ [ [ 9.733557, 57.081799 ], [ 9.727784, 57.081832 ], [ 9.72784, 57.084734 ], [ 9.728111, 57.084975 ], [ 9.733619, 57.084943 ], [ 9.733557, 57.081799 ] ] ] } },
{ "type": "Feature", "properties": { "cell_id": 41, "area_m2": 77421.4, "bund": 27.5, "dybde": 65.7, "stroem": 70.9, "natur": 43.1 }, "geometry": { "type": "Polygon", "coordinates": [ [ [ 9.733619, 57.084943 ], [ 9.728111, 57.084975 ], [ 9.729642, 57.086332 ], [ 9.729697, 57.086376 ], [ 9.732093, 57.088096 ], [ 9.733681, 57.088087 ], [ 9.733619, 57.084943 ] ] ] } },
{ "type": "Feature", "properties": { "cell_id": 42, "area_m2": 40764.5, "bund": 41.8, "dybde": 55.2, "stroem": 66.3, "natur": 43.0 }, "geometry": { "type": "Polygon", "coordinates": [ [ [ 9.738341, 57.031912 ], [ 9.733916, 57.034632 ], [ 9.738394, 57.034606 ], [ 9.738341, 57.031912 ] ] ] } },
{ "type": "Feature", "properties": { "cell_id": 43, "area_m2": 118938.7, "bund": 43.5, "dybde": 56.1, "stroem": 67.8, "natur": 43.0 }, "geometry": { "type": "Polygon", "coordinates": [ [ [ 9.738457, 57.03775 ], [ 9.738394, 57.034606 ], [ 9.733916, 57.034632 ], [ 9.733317, 57.035 ], [ 9.733256, 57.035042 ], [ 9.732645, 57.035501 ], [ 9.73269, 57.037784 ], [ 9.738457, 57.03775 ] ] ] } },
{ "type": "Feature", "properties": { "cell_id": 44, "area_m2": 122500.0, "bund": 46.4, "dybde": 57.4, "stroem": 70.7, "natur": 43.0 }, "geometry": { "type": "Polygon", "coordinates": [ [ [ 9.732752, 57.040928 ], [ 9.738519, 57.040894 ], [ 9.738457, 57.03775 ], [ 9.73269, 57.037784 ], [ 9.732752, 57.040928 ] ] ] } },
{ "type": "Feature", "properties": { "cell_id": 45, "area_m2": 122500.0, "bund": 49.1, "dybde": 58.9, "stroem": 74.8, "natur": 43.0 }, "geometry": { "type": "Polygon", "coordinates": [ [ [ 9.732814, 57.044072 ], [ 9.738581, 57.044038 ], [ 9.738519, 57.040894 ], [ 9.732752, 57.040928 ], [ 9.732814, 57.044072 ] ] ] } },
{ "type": "Feature", "properties": { "cell_id": 46, "area_m2": 122500.0, "bund": 51.1, "dybde": 60.4, "stroem": 78.6, "natur": 43.0 }, "geometry": { "type": "Polygon", "coordinates": [ [ [ 9.732875, 57.047216 ], [ 9.738644, 57.047182 ], [ 9.738581, 57.044038 ], [ 9.732814, 57.044072 ], [ 9.732875, 57.047216 ] ] ] } },
{ "type": "Feature", "properties": { "cell_id": 47, "area_m2": 122500.0, "bund": 52.3, "dybde": 61.8, "stroem": 81.5, "natur": 43.0 }, "geometry": { "type": "Polygon", "coordinates": [ [ [ 9.732937, 57.05036 ], [ 9.738706, 57.050326 ], [ 9.738644, 57.047182 ], [ 9.732875, 57.047216 ], [ 9.732937, 57.05036 ] ] ] } },
{ "type": "Feature", "properties": { "cell_id": 48, "area_m2": 122500.0, "bund": 52.5, "dybde": 63.2, "stroem": 83.0, "natur": 43.0 }, "geometry": { "type": "Polygon", "coordinates": [ [ [ 9.732999, 57.053503 ], [ 9.738769, 57.05347 ], [ 9.738706, 57.050326 ], [ 9.732937, 57.05036 ], [ 9.732999, 57.053503 ] ] ] } },
{ "type": "Feature", "properties": { "cell_id": 49, "area_m2": 122500.0, "bund": 51.8, "dybde": 64.6, "stroem": 83.0, "natur": 43.0 }, "geometry": { "type": "Polygon", "coordinates": [ [ [ 9.733061, 57.056647 ], [ 9.738831, 57.056613 ], [ 9.738769, 57.05347 ], [ 9.732999, 57.053503 ], [ 9.733061, 57.056647 ] ] ] } },
{ "type": "Feature", "properties": { "cell_id": 50, "area_m2": 122500.0, "bund": 50.2, "dybde": 65.8, "stroem": 81.4, "natur": 43.1 }, "geometry": { "type": "Polygon", "coordinates": [ [ [ 9.733123, 57.059791 ], [ 9.738893, 57.059757 ], [ 9.738831, 57.056613 ], [ 9.733061, 57.056647 ], [ 9.733123, 57.059791 ] ] ] } },
{ "type": "Feature", "properties": { "cell_id": 51, "area_m2": 122500.0, "bund": 47.9, "dybde": 66.9, "stroem": 78.8, "natur": 43.1 }, "geometry": { "type": "Polygon", "coordinates": [ [ [ 9.733185, 57.062935 ], [ 9.738956, 57.062901 ], [ 9.738893, 57.059757 ], [ 9.733123, 57.059791 ], [ 9.733185, 57.062935 ] ] ] } },
{ "type": "Feature", "properties": { "cell_id": 52, "area_m2": 122500.0, "bund": 45.1, "dybde": 67.9, "stroem": 76.1, "natur": 43.1 }, "geometry": { "type": "Polygon", "coordinates": [ [ [ 9.733247, 57.066079 ], [ 9.739018, 57.066045 ], [ 9.738956, 57.062901 ], [ 9.733185, 57.062935 ], [ 9.733247, 57.066079 ] ] ] } },
{ "type": "Feature", "properties": { "cell_id": 53, "area_m2": 122500.0, "bund": 42.1, "dybde": 68.6, "stroem": 73.9, "natur": 43.1 }, "geometry": { "type": "Polygon", "coordinates": [ [ [ 9.733309, 57.069223 ], [ 9.739081, 57.069189 ], [ 9.739018, 57.066045 ], [ 9.733247, 57.066079 ], [ 9.733309, 57.069223 ] ] ] } },
{ "type": "Feature", "properties": { "cell_id": 54, "area_m2": 122500.0, "bund": 39.2, "dybde": 69.1, "stroem": 72.4, "natur": 43.1 }, "geometry": { "type": "Polygon", "coordinates": [ [ [ 9.733371, 57.072367 ], [ 9.739143, 57.072333 ], [ 9.739081, 57.069189 ], [ 9.733309, 57.069223 ], [ 9.733371, 57.072367 ] ] ] } },
{ "type": "Feature", "properties": { "cell_id": 55, "area_m2": 122500.0, "bund": 36.4, "dybde": 69.4, "stroem": 71.5, "natur": 43.1 }, "geometry": { "type": "Polygon", "coordinates": [ [ [ 9.733433, 57.075511 ], [ 9.739206, 57.075477 ], [ 9.739143, 57.072333 ], [ 9.733371, 57.072367 ], [ 9.733433, 57.075511 ] ] ] } },
{ "type": "Feature", "properties": { "cell_id": 56, "area_m2": 122500.0, "bund": 33.8, "dybde": 69.4, "stroem": 71.1, "natur": 43.1 }, "geometry": { "type": "Polygon", "coordinates": [ [ [ 9.733495, 57.078655 ], [ 9.739268, 57.078621 ], [ 9.739206, 57.075477 ], [ 9.733433, 57.075511 ], [ 9.733495, 57.078655 ] ] ] } },
{ "type": "Feature", "properties": { "cell_id": 57, "area_m2": 122500.0, "bund": 31.4, "dybde": 69.1, "stroem": 70.9, "natur": 43.1 }, "geometry": { "type": "Polygon", "coordinates": [ [ [ 9.733557, 57.081799 ], [ 9.739331, 57.081765 ], [ 9.739268, 57.078621 ], [ 9.733495, 57.078655 ], [ 9.733557, 57.081799 ] ] ] } },
{ "type": "Feature", "properties": { "cell_id": 58, "area_m2": 122500.0, "bund": 29.1, "dybde": 68.7, "stroem": 70.9, "natur": 43.1 }, "geometry": { "type": "Polygon", "coordinates": [ [ [ 9.733619, 57.084943 ], [ 9.739394, 57.084909 ], [ 9.739331, 57.081765 ], [ 9.733557, 57.081799 ], [ 9.733619, 57.084943 ] ] ] } },
{ "type": "Feature", "properties": { "cell_id": 59, "area_m2": 122500.0, "bund": 26.9, "dybde": 68.0, "stroem": 70.9, "natur": 43.1 }, "geometry": { "type": "Polygon", "coordinates": [ [ [ 9.733681, 57.088087 ], [ 9.739456, 57.088053 ], [ 9.739394, 57.084909 ], [ 9.733619, 57.084943 ], [ 9.733681, 57.088087 ] ] ] } },
{ "type": "Feature", "properties": { "cell_id": 60, "area_m2": 102222.4, "bund": 24.8, "dybde": 67.4, "stroem": 70.9, "natur": 43.1 }, "geometry": { "type": "Polygon", "coordinates": [ [ [ 9.739456, 57.088053 ], [ 9.733681, 57.088087 ], [ 9.733704, 57.089253 ], [ 9.734335, 57.089705 ], [ 9.734397, 57.089746 ], [ 9.736892, 57.091212 ], [ 9.739519, 57.091197 ], [ 9.739456, 57.088053 ] ] ] } },
{ "type": "Feature", "properties": { "cell_id": 61, "area_m2": 39704.2, "bund": 41.4, "dybde": 54.8, "stroem": 64.5, "natur": 43.0 }, "geometry": { "type": "Polygon", "coordinates": [ [ [ 9.74405, 57.029018 ], [ 9.739222, 57.031457 ], [ 9.744098, 57.031428 ], [ 9.74405, 57.029018 ] ] ] } },
{ "type": "Feature", "properties": { "cell_id": 62, "area_m2": 121174.7, "bund": 43.6, "dybde": 55.7, "stroem": 62.4, "natur": 43.0 }, "geometry": { "type": "Polygon", "coordinates": [ [ [ 9.744161, 57.034572 ], [ 9.744098, 57.031428 ], [ 9.739222, 57.031457 ], [ 9.73847, 57.031836 ], [ 9.738402, 57.031874 ], [ 9.738341, 57.031912 ], [ 9.738394, 57.034606 ], [ 9.744161, 57.034572 ] ] ] } },
{ "type": "Feature", "properties": { "cell_id": 63, "area_m2": 122500.0, "bund": 47.4, "dybde": 57.2, "stroem": 62.1, "natur": 43.0 }, "geometry": { "type": "Polygon", "coordinates": [ [ [ 9.738457, 57.03775 ], [ 9.744223, 57.037716 ], [ 9.744161, 57.034572 ], [ 9.738394, 57.034606 ], [ 9.738457, 57.03775 ] ] ] } },
{ "type": "Feature", "properties": { "cell_id": 64, "area_m2": 122500.0, "bund": 51.1, "dybde": 58.7, "stroem": 67.3, "natur": 43.0 }, "geometry": { "type": "Polygon", "coordinates": [ [ [ 9.738519, 57.040894 ], [ 9.744286, 57.04086 ], [ 9.744223, 57.037716 ], [ 9.738457, 57.03775 ], [ 9.738519, 57.040894 ] ] ] } },
{ "type": "Feature", "properties": { "cell_id": 65, "area_m2": 122500.0, "bund": 54.4, "dybde": 60.3, "stroem": 74.8, "natur": 43.0 }, "geometry": { "type": "Polygon", "coordinates": [ [ [ 9.738581, 57.044038 ], [ 9.744349, 57.044004 ], [ 9.744286, 57.04086 ], [ 9.738519, 57.040894 ], [ 9.738581, 57.044038 ] ] ] } },
{ "type": "Feature", "properties": { "cell_id": 66, "area_m2": 122500.0, "bund": 56.9, "dybde": 62.0, "stroem": 81.1, "natur": 43.0 }, "geometry": { "type": "Polygon", "coordinates": [ [ [ 9.738644, 57.047182 ], [ 9.744412, 57.047148 ], [ 9.744349, 57.044004 ], [ 9.738581, 57.044038 ], [ 9.738644, 57.047182 ] ] ] } },
{ "type": "Feature", "properties": { "cell_id": 67, "area_m2": 122500.0, "bund": 58.4, "dybde": 63.6, "stroem": 85.3, "natur": 43.0 }, "geometry": { "type": "Polygon", "coordinates": [ [ [ 9.738706, 57.050326 ], [ 9.744475, 57.050291 ], [ 9.744412, 57.047148 ], [ 9.738644, 57.047182 ], [ 9.738706, 57.050326 ] ] ] } },
{ "type": "Feature", "properties": { "cell_id": 68, "area_m2": 122500.0, "bund": 58.7, "dybde": 65.2, "stroem": 87.5, "natur": 43.1 }, "geometry": { "type": "Polygon", "coordinates": [ [ [ 9.738769, 57.05347 ], [ 9.744538, 57.053435 ], [ 9.744475, 57.050291 ], [ 9.738706, 57.050326 ], [ 9.738769, 57.05347 ] ] ] } },
{ "type": "Feature", "properties": { "cell_id": 69, "area_m2": 122500.0, "bund": 57.8, "dybde": 66.8, "stroem": 87.5, "natur": 43.1 }, "geometry": { "type": "Polygon", "coordinates": [ [ [ 9.738831, 57.056613 ], [ 9.744601, 57.056579 ], [ 9.744538, 57.053435 ], [ 9.738769, 57.05347 ], [ 9.738831, 57.056613 ] ] ] } },
{ "type": "Feature", "properties": { "cell_id": 70, "area_m2": 122500.0, "bund": 55.8, "dybde": 68.2, "stroem": 85.3, "natur": 43.1 }, "geometry": { "type": "Polygon", "coordinates": [ [ [ 9.738893, 57.059757 ], [ 9.744664, 57.059723 ], [ 9.744601, 57.056579 ], [ 9.738831, 57.056613 ], [ 9.738893, 57.059757 ] ] ] } },
{ "type": "Feature", "properties": { "cell_id": 71, "area_m2": 122500.0, "bund": 53.0, "dybde": 69.5, "stroem": 81.8, "natur": 43.1 }, "geometry": { "type": "Polygon", "coordinates": [ [ [ 9.738956, 57.062901 ], [ 9.744727, 57.062867 ], [ 9.744664, 57.059723 ], [ 9.738893, 57.059757 ], [ 9.738956, 57.062901 ] ] ] } },
{ "type": "Feature", "properties": { "cell_id": 72, "area_m2": 122500.0, "bund": 49.6, "dybde": 70.6, "stroem": 78.1, "natur": 43.1 }, "geometry": { "type": "Polygon", "coordinates": [ [ [ 9.739018, 57.066045 ], [ 9.74479, 57.066011 ], [ 9.744727, 57.062867 ], [ 9.738956, 57.062901 ], [ 9.739018, 57.066045 ] ] ] } },
{ "type": "Feature", "properties": { "cell_id": 73, "area_m2": 122500.0, "bund": 46.0, "dybde": 71.4, "stroem": 75.0, "natur": 43.2 }, "geometry": { "type": "Polygon", "coordinates": [ [ [ 9.739081, 57.069189 ], [ 9.744853, 57.069155 ], [ 9.74479, 57.066011 ], [ 9.739018, 57.066045 ], [ 9.739081, 57.069189 ] ] ] } },
{ "type": "Feature", "properties": { "cell_id": 74, "area_m2": 122500.0, "bund": 42.3, "dybde": 72.0, "stroem": 73.0, "natur": 43.2 }, "geometry": { "type": "Polygon", "coordinates": [ [ [ 9.739143, 57.072333 ], [ 9.744916, 57.072299 ], [ 9.744853, 57.069155 ], [ 9.739081, 57.069189 ], [ 9.739143, 57.072333 ] ] ] } },
{ "type": "Feature", "properties": { "cell_id": 75, "area_m2": 122500.0, "bund": 38.8, "dybde": 72.3, "stroem": 71.8, "natur": 43.2 }, "geometry": { "type": "Polygon", "coordinates": [ [ [ 9.739206, 57.075477 ], [ 9.744979, 57.075443 ], [ 9.744916, 57.072299 ], [ 9.739143, 57.072333 ], [ 9.739206, 57.075477 ] ] ] } },
{ "type": "Feature", "properties": { "cell_id": 76, "area_m2": 122500.0, "bund": 35.5, "dybde": 72.4, "stroem": 71.2, "natur": 43.2 }, "geometry": { "type": "Polygon", "coordinates": [ [ [ 9.739268, 57.078621 ], [ 9.745042, 57.078587 ], [ 9.744979, 57.075443 ], [ 9.739206, 57.075477 ], [ 9.739268, 57.078621 ] ] ] } },
{ "type": "Feature", "properties": { "cell_id": 77, "area_m2": 122500.0, "bund": 32.3, "dybde": 72.2, "stroem": 71.0, "natur": 43.2 }, "geometry": { "type": "Polygon", "coordinates": [ [ [ 9.739331, 57.081765 ], [ 9.745105, 57.081731 ], [ 9.745042, 57.078587 ], [ 9.739268, 57.078621 ], [ 9.739331, 57.081765 ] ] ] } },
{ "type": "Feature", "properties": { "cell_id": 78, "area_m2": 122500.0, "bund": 29.1, "dybde": 71.7, "stroem": 70.9, "natur": 43.2 }, "geometry": { "type": "Polygon", "coordinates": [ [ [ 9.739394, 57.084909 ], [ 9.745168, 57.084875 ], [ 9.745105, 57.081731 ], [ 9.739331, 57.081765 ], [ 9.739394, 57.084909 ] ] ] } },
{ "type": "Feature", "properties": { "cell_id": 79, "area_m2": 122500.0, "bund": 26.0, "dybde": 70.9, "stroem": 70.9, "natur": 43.2 }, "geometry": { "type": "Polygon", "coordinates": [ [ [ 9.739456, 57.088053 ], [ 9.745231, 57.088019 ], [ 9.745168, 57.084875 ], [ 9.739394, 57.084909 ], [ 9.739456, 57.088053 ] ] ] } },
{ "type": "Feature", "properties": { "cell_id": 80, "area_m2": 122500.0, "bund": 22.9, "dybde": 70.0, "stroem": 70.9, "natur": 43.2 }, "geometry": { "type": "Polygon", "coordinates": [ [ [ 9.739519, 57.091197 ], [ 9.745294, 57.091162 ], [ 9.745231, 57.088019 ], [ 9.739456, 57.088053 ], [ 9.739519, 57.091197 ] ] ] } },
{ "type": "Feature", "properties": { "cell_id": 81, "area_m2": 105940.0, "bund": 20.1, "dybde": 69.0, "stroem": 70.9, "natur": 43.2 }, "geometry": { "type": "Polygon", "coordinates": [ [ [ 9.745294, 57.091162 ], [ 9.739519, 57.091197 ], [ 9.73955, 57.092774 ], [ 9.739613, 57.092811 ], [ 9.739682, 57.092848 ], [ 9.742735, 57.094322 ], [ 9.745357, 57.094306 ], [ 9.745294, 57.091162 ] ] ] } },
{ "type": "Feature", "properties": { "cell_id": 82, "area_m2": 21513.9, "bund": 40.5, "dybde": 54.4, "stroem": 67.4, "natur": 43.0 }, "geometry": { "type": "Polygon", "coordinates": [ [ [ 9.749768, 57.026645 ], [ 9.745833, 57.028273 ], [ 9.7498, 57.02825 ], [ 9.749768, 57.026645 ] ] ] } },
{ "type": "Feature", "properties": { "cell_id": 83, "area_m2": 118081.0, "bund": 42.6, "dybde": 55.2, "stroem": 63.9, "natur": 43.0 }, "geometry": { "type": "Polygon", "coordinates": [ [ [ 9.749864, 57.031393 ], [ 9.7498, 57.02825 ], [ 9.745833, 57.028273 ], [ 9.744166, 57.028963 ], [ 9.744092, 57.028997 ], [ 9.74405, 57.029018 ], [ 9.744098, 57.031428 ], [ 9.749864, 57.031393 ] ] ] } },
{ "type": "Feature", "properties": { "cell_id": 84, "area_m2": 122500.0, "bund": 46.8, "dybde": 56.6, "stroem": 58.2, "natur": 43.0 }, "geometry": { "type": "Polygon", "coordinates": [ [ [ 9.744161, 57.034572 ], [ 9.749927, 57.034537 ], [ 9.749864, 57.031393 ], [ 9.744098, 57.031428 ], [ 9.744161, 57.034572 ] ] ] } },
{ "type": "Feature", "properties": { "cell_id": 85, "area_m2": 122500.0, "bund": 51.4, "dybde": 58.2, "stroem": 57.4, "natur": 43.0 }, "geometry": { "type": "Polygon", "coordinates": [ [ [ 9.744223, 57.037716 ], [ 9.74999, 57.037681 ], [ 9.749927, 57.034537 ], [ 9.744161, 57.034572 ], [ 9.744223, 57.037716 ] ] ] } },
{ "type": "Feature", "properties": { "cell_id": 86, "area_m2": 122500.0, "bund": 55.8, "dybde": 59.9, "stroem": 64.5, "natur": 43.0 }, "geometry": { "type": "Polygon", "coordinates": [ [ [ 9.744286, 57.04086 ], [ 9.750054, 57.040825 ], [ 9.74999, 57.037681 ], [ 9.744223, 57.037716 ], [ 9.744286, 57.04086 ] ] ] } },
{ "type": "Feature", "properties": { "cell_id": 87, "area_m2": 122500.0, "bund": 59.7, "dybde": 61.7, "stroem": 74.7, "natur": 43.0 }, "geometry": { "type": "Polygon", "coordinates": [ [ [ 9.744349, 57.044004 ], [ 9.750117, 57.043969 ], [ 9.750054, 57.040825 ], [ 9.744286, 57.04086 ], [ 9.744349, 57.044004 ] ] ] } },
{ "type": "Feature", "properties": { "cell_id": 88, "area_m2": 122500.0, "bund": 62.8, "dybde": 63.5, "stroem": 82.8, "natur": 43.0 }, "geometry": { "type": "Polygon", "coordinates": [ [ [ 9.744412, 57.047148 ], [ 9.75018, 57.047113 ], [ 9.750117, 57.043969 ], [ 9.744349, 57.044004 ], [ 9.744412, 57.047148 ] ] ] } },
{ "type": "Feature", "properties": { "cell_id": 89, "area_m2": 122500.0, "bund": 64.6, "dybde": 65.4, "stroem": 88.1, "natur": 43.1 }, "geometry": { "type": "Polygon", "coordinates": [ [ [ 9.744475, 57.050291 ], [ 9.750244, 57.050257 ], [ 9.75018, 57.047113 ], [ 9.744412, 57.047148 ], [ 9.744475, 57.050291 ] ] ] } },
{ "type": "Feature", "properties": { "cell_id": 90, "area_m2": 122500.0, "bund": 65.0, "dybde": 67.2, "stroem": 90.8, "natur": 43.1 }, "geometry": { "type": "Polygon", "coordinates": [ [ [ 9.744538, 57.053435 ], [ 9.750307, 57.053401 ], [ 9.750244, 57.050257 ], [ 9.744475, 57.050291 ], [ 9.744538, 57.053435 ] ] ] } },
{ "type": "Feature", "properties": { "cell_id": 91, "area_m2": 122500.0, "bund": 64.0, "dybde": 68.9, "stroem": 90.7, "natur": 43.1 }, "geometry": { "type": "Polygon", "coordinates": [ [ [ 9.744601, 57.056579 ], [ 9.750371, 57.056545 ], [ 9.750307, 57.053401 ], [ 9.744538, 57.053435 ], [ 9.744601, 57.056579 ] ] ] } },
{ "type": "Feature", "properties": { "cell_id": 92, "area_m2": 122500.0, "bund": 61.7, "dybde": 70.5, "stroem": 88.1, "natur": 43.1 }, "geometry": { "type": "Polygon", "coordinates": [ [ [ 9.744664, 57.059723 ], [ 9.750434, 57.059689 ], [ 9.750371, 57.056545 ], [ 9.744601, 57.056579 ], [ 9.744664, 57.059723 ] ] ] } },
{ "type": "Feature", "properties": { "cell_id": 93, "area_m2": 122500.0, "bund": 58.3, "dybde": 72.0, "stroem": 83.9, "natur": 43.2 }, "geometry": { "type": "Polygon", "coordinates": [ [ [ 9.744727, 57.062867 ], [ 9.750497, 57.062833 ], [ 9.750434, 57.059689 ], [ 9.744664, 57.059723 ], [ 9.744727, 57.062867 ] ] ] } },
{ "type": "Feature", "properties": { "cell_id": 94, "area_m2": 122500.0, "bund": 54.4, "dybde": 73.2, "stroem": 79.5, "natur": 43.2 }, "geometry": { "type": "Polygon", "coordinates": [ [ [ 9.74479, 57.066011 ], [ 9.750561, 57.065977 ], [ 9.750497, 57.062833 ], [ 9.744727, 57.062867 ], [ 9.74479, 57.066011 ] ] ] } },
{ "type": "Feature", "properties": { "cell_id": 95, "area_m2": 122500.0, "bund": 50.0, "dybde": 74.2, "stroem": 75.8, "natur": 43.2 }, "geometry": { "type": "Polygon", "coordinates": [ [ [ 9.744853, 57.069155 ], [ 9.750624, 57.069121 ], [ 9.750561, 57.065977 ], [ 9.74479, 57.066011 ], [ 9.744853, 57.069155 ] ] ] } },
{ "type": "Feature", "properties": { "cell_id": 96, "area_m2": 122500.0, "bund": 45.7, "dybde": 74.9, "stroem": 73.4, "natur": 43.3 }, "geometry": { "type": "Polygon", "coordinates": [ [ [ 9.744916, 57.072299 ], [ 9.750688, 57.072265 ], [ 9.750624, 57.069121 ], [ 9.744853, 57.069155 ], [ 9.744916, 57.072299 ] ] ] } },
{ "type": "Feature", "properties": { "cell_id": 97, "area_m2": 122500.0, "bund": 41.4, "dybde": 75.3, "stroem": 72.0, "natur": 43.3 }, "geometry": { "type": "Polygon", "coordinates": [ [ [ 9.744979, 57.075443 ], [ 9.750751, 57.075408 ], [ 9.750688, 57.072265 ], [ 9.744916, 57.072299 ], [ 9.744979, 57.075443 ] ] ] } },
{ "type": "Feature", "properties": { "cell_id": 98, "area_m2": 122500.0, "bund": 37.3, "dybde": 75.4, "stroem": 71.3, "natur": 43.3 }, "geometry": { "type": "Polygon", "coordinates": [ [ [ 9.745042, 57.078587 ], [ 9.750815, 57.078552 ], [ 9.750751, 57.075408 ], [ 9.744979, 57.075443 ], [ 9.745042, 57.078587 ] ] ] } },
{ "type": "Feature", "properties": { "cell_id": 99, "area_m2": 122500.0, "bund": 33.2, "dybde": 75.2, "stroem": 71.0, "natur": 43.3 }, "geometry": { "type": "Polygon", "coordinates": [ [ [ 9.745105, 57.081731 ], [ 9.750878, 57.081696 ], [ 9.750815, 57.078552 ], [ 9.745042, 57.078587 ], [ 9.745105, 57.081731 ] ] ] } },
{ "type": "Feature", "properties": { "cell_id": 100, "area_m2": 122500.0, "bund": 29.1, "dybde": 74.7, "stroem": 70.9, "natur": 43.4 }, "geometry": { "type": "Polygon", "coordinates": [ [ [ 9.745168, 57.084875 ], [ 9.750942, 57.08484 ], [ 9.750878, 57.081696 ], [ 9.745105, 57.081731 ], [ 9.745168, 57.084875 ] ] ] } },
{ "type": "Feature", "properties": { "cell_id": 101, "area_m2": 122500.0, "bund": 24.8, "dybde": 73.9, "stroem": 70.9, "natur": 43.4 }, "geometry": { "type": "Polygon", "coordinates": [ [ [ 9.745231, 57.088019 ], [ 9.751005, 57.087984 ], [ 9.750942, 57.08484 ], [ 9.745168, 57.084875 ], [ 9.745231, 57.088019 ] ] ] } },
{ "type": "Feature", "properties": { "cell_id": 102, "area_m2": 122500.0, "bund": 20.5, "dybde": 72.9, "stroem": 70.9, "natur": 43.4 }, "geometry": { "type": "Polygon", "coordinates": [ [ [ 9.745294, 57.091162 ], [ 9.751069, 57.091128 ], [ 9.751005, 57.087984 ], [ 9.745231, 57.088019 ], [ 9.745294, 57.091162 ] ] ] } },
{ "type": "Feature", "properties": { "cell_id": 103, "area_m2": 122500.0, "bund": 16.7, "dybde": 71.6, "stroem": 70.9, "natur": 43.3 }, "geometry": { "type": "Polygon", "coordinates": [ [ [ 9.745357, 57.094306 ], [ 9.751133, 57.094272 ], [ 9.751069, 57.091128 ], [ 9.745294, 57.091162 ], [ 9.745357, 57.094306 ] ] ] } },
{ "type": "Feature", "properties": { "cell_id": 104, "area_m2": 94101.5, "bund": 13.6, "dybde": 70.4, "stroem": 70.9, "natur": 43.3 }, "geometry": { "type": "Polygon", "coordinates": [ [ [ 9.751133, 57.094272 ], [ 9.745357, 57.094306 ], [ 9.745383, 57.0956 ], [ 9.745426, 57.09562 ], [ 9.745502, 57.095654 ], [ 9.749987, 57.097423 ], [ 9.751196, 57.097416 ], [ 9.751133, 57.094272 ] ] ] } },
{ "type": "Feature", "properties": { "cell_id": 105, "area_m2": 99253.9, "bund": 41.0, "dybde": 54.5, "stroem": 68.7, "natur": 43.0 }, "geometry": { "type": "Polygon", "coordinates": [ [ [ 9.755566, 57.028215 ], [ 9.755502, 57.025071 ], [ 9.754317, 57.025078 ], [ 9.75035, 57.026407 ], [ 9.75027, 57.026437 ], [ 9.749768, 57.026645 ], [ 9.7498, 57.02825 ], [ 9.755566, 57.028215 ] ] ] } },
{ "type": "Feature", "properties": { "cell_id": 106, "area_m2": 122500.0, "bund": 45.0, "dybde": 55.8, "stroem": 64.8, "natur": 43.0 }, "geometry": { "type": "Polygon", "coordinates": [ [ [ 9.749864, 57.031393 ], [ 9.75563, 57.031359 ], [ 9.755566, 57.028215 ], [ 9.7498, 57.02825 ], [ 9.749864, 57.031393 ] ] ] } },
{ "type": "Feature", "properties": { "cell_id": 107, "area_m2": 122500.0, "bund": 50.0, "dybde": 57.4, "stroem": 59.6, "natur": 43.0 }, "geometry": { "type": "Polygon", "coordinates": [ [ [ 9.749927, 57.034537 ], [ 9.755693, 57.034503 ], [ 9.75563, 57.031359 ], [ 9.749864, 57.031393 ], [ 9.749927, 57.034537 ] ] ] } },
{ "type": "Feature", "properties": { "cell_id": 108, "area_m2": 122500.0, "bund": 55.2, "dybde": 59.1, "stroem": 59.1, "natur": 43.0 }, "geometry": { "type": "Polygon", "coordinates": [ [ [ 9.74999, 57.037681 ], [ 9.755757, 57.037647 ], [ 9.755693, 57.034503 ], [ 9.749927, 57.034537 ], [ 9.74999, 57.037681 ] ] ] } },
{ "type": "Feature", "properties": { "cell_id": 109, "area_m2": 122500.0, "bund": 60.3, "dybde": 61.0, "stroem": 65.9, "natur": 43.0 }, "geometry": { "type": "Polygon", "coordinates": [ [ [ 9.750054, 57.040825 ], [ 9.755821, 57.040791 ], [ 9.755757, 57.037647 ], [ 9.74999, 57.037681 ], [ 9.750054, 57.040825 ] ] ] } },
{ "type": "Feature", "properties": { "cell_id": 110, "area_m2": 122500.0, "bund": 64.9, "dybde": 62.9, "stroem": 75.6, "natur": 43.0 }, "geometry": { "type": "Polygon", "coordinates": [ [ [ 9.750117, 57.043969 ], [ 9.755885, 57.043935 ], [ 9.755821, 57.040791 ], [ 9.750054, 57.040825 ], [ 9.750117, 57.043969 ] ] ] } },
{ "type": "Feature", "properties": { "cell_id": 111, "area_m2": 122500.0, "bund": 68.4, "dybde": 64.9, "stroem": 83.6, "natur": 43.1 }, "geometry": { "type": "Polygon", "coordinates": [ [ [ 9.75018, 57.047113 ], [ 9.755949, 57.047078 ], [ 9.755885, 57.043935 ], [ 9.750117, 57.043969 ], [ 9.75018, 57.047113 ] ] ] } },
{ "type": "Feature", "properties": { "cell_id": 112, "area_m2": 122500.0, "bund": 70.5, "dybde": 67.0, "stroem": 88.9, "natur": 43.1 }, "geometry": { "type": "Polygon", "coordinates": [ [ [ 9.750244, 57.050257 ], [ 9.756013, 57.050222 ], [ 9.755949, 57.047078 ], [ 9.75018, 57.047113 ], [ 9.750244, 57.050257 ] ] ] } },
{ "type": "Feature", "properties": { "cell_id": 113, "area_m2": 122500.0, "bund": 71.0, "dybde": 69.0, "stroem": 91.6, "natur": 43.1 }, "geometry": { "type": "Polygon", "coordinates": [ [ [ 9.750307, 57.053401 ], [ 9.756076, 57.053366 ], [ 9.756013, 57.050222 ], [ 9.750244, 57.050257 ], [ 9.750307, 57.053401 ] ] ] } },
{ "type": "Feature", "properties": { "cell_id": 114, "area_m2": 122500.0, "bund": 69.9, "dybde": 71.0, "stroem": 91.5, "natur": 43.2 }, "geometry": { "type": "Polygon", "coordinates": [ [ [ 9.750371, 57.056545 ], [ 9.75614, 57.05651 ], [ 9.756076, 57.053366 ], [ 9.750307, 57.053401 ], [ 9.750371, 57.056545 ] ] ] } },
{ "type": "Feature", "properties": { "cell_id": 115, "area_m2": 122500.0, "bund": 67.4, "dybde": 72.8, "stroem": 88.8, "natur": 43.2 }, "geometry": { "type": "Polygon", "coordinates": [ [ [ 9.750434, 57.059689 ], [ 9.756204, 57.059654 ], [ 9.75614, 57.05651 ], [ 9.750371, 57.056545 ], [ 9.750434, 57.059689 ] ] ] } },
{ "type": "Feature", "properties": { "cell_id": 116, "area_m2": 122500.0, "bund": 63.6, "dybde": 74.5, "stroem": 84.5, "natur": 43.3 }, "geometry": { "type": "Polygon", "coordinates": [ [ [ 9.750497, 57.062833 ], [ 9.756268, 57.062798 ], [ 9.756204, 57.059654 ], [ 9.750434, 57.059689 ], [ 9.750497, 57.062833 ] ] ] } },
{ "type": "Feature", "properties": { "cell_id": 117, "area_m2": 122500.0, "bund": 59.1, "dybde": 75.9, "stroem": 79.8, "natur": 43.3 }, "geometry": { "type": "Polygon", "coordinates": [ [ [ 9.750561, 57.065977 ], [ 9.756332, 57.065942 ], [ 9.756268, 57.062798 ], [ 9.750497, 57.062833 ], [ 9.750561, 57.065977 ] ] ] } },
{ "type": "Feature", "properties": { "cell_id": 118, "area_m2": 122500.0, "bund": 54.2, "dybde": 77.0, "stroem": 76.0, "natur": 43.4 }, "geometry": { "type": "Polygon", "coordinates": [ [ [ 9.750624, 57.069121 ], [ 9.756396, 57.069086 ], [ 9.756332, 57.065942 ], [ 9.750561, 57.065977 ], [ 9.750624, 57.069121 ] ] ] } },
{ "type": "Feature", "properties": { "cell_id": 119, "area_m2": 122500.0, "bund": 49.2, "dybde": 77.9, "stroem": 73.5, "natur": 43.4 }, "geometry": { "type": "Polygon", "coordinates": [ [ [ 9.750688, 57.072265 ], [ 9.75646, 57.07223 ], [ 9.756396, 57.069086 ], [ 9.750624, 57.069121 ], [ 9.750688, 57.072265 ] ] ] } },
{ "type": "Feature", "properties": { "cell_id": 120, "area_m2": 122500.0, "bund": 44.2, "dybde": 78.4, "stroem": 72.0, "natur": 43.5 }, "geometry": { "type": "Polygon", "coordinates": [ [ [ 9.750751, 57.075408 ], [ 9.756524, 57.075374 ], [ 9.75646, 57.07223 ], [ 9.750688, 57.072265 ], [ 9.750751, 57.075408 ] ] ] } },
{ "type": "Feature", "properties": { "cell_id": 121, "area_m2": 122500.0, "bund": 39.3, "dybde": 78.5, "stroem": 71.3, "natur": 43.5 }, "geometry": { "type": "Polygon", "coordinates": [ [ [ 9.750815, 57.078552 ], [ 9.756588, 57.078518 ], [ 9.756524, 57.075374 ], [ 9.750751, 57.075408 ], [ 9.750815, 57.078552 ] ] ] } },
{ "type": "Feature", "properties": { "cell_id": 122, "area_m2": 122500.0, "bund": 34.3, "dybde": 78.3, "stroem": 71.0, "natur": 43.5 }, "geometry": { "type": "Polygon", "coordinates": [ [ [ 9.750878, 57.081696 ], [ 9.756652, 57.081662 ], [ 9.756588, 57.078518 ], [ 9.750815, 57.078552 ], [ 9.750878, 57.081696 ] ] ] } },
{ "type": "Feature", "properties": { "cell_id": 123, "area_m2": 122500.0, "bund": 29.1, "dybde": 77.8, "stroem": 70.9, "natur": 43.6 }, "geometry": { "type": "Polygon", "coordinates": [ [ [ 9.750942, 57.08484 ], [ 9.756716, 57.084805 ], [ 9.756652, 57.081662 ], [ 9.750878, 57.081696 ], [ 9.750942, 57.08484 ] ] ] } },
{ "type": "Feature", "properties": { "cell_id": 124, "area_m2": 122500.0, "bund": 23.7, "dybde": 76.9, "stroem": 70.9, "natur": 43.6 }, "geometry": { "type": "Polygon", "coordinates": [ [ [ 9.751005, 57.087984 ], [ 9.75678, 57.087949 ], [ 9.756716, 57.084805 ], [ 9.750942, 57.08484 ], [ 9.751005, 57.087984 ] ] ] } },
{ "type": "Feature", "properties": { "cell_id": 125, "area_m2": 122500.0, "bund": 18.1, "dybde": 75.8, "stroem": 70.9, "natur": 43.6 }, "geometry": { "type": "Polygon", "coordinates": [ [ [ 9.751069, 57.091128 ], [ 9.756844, 57.091093 ], [ 9.75678, 57.087949 ], [ 9.751005, 57.087984 ], [ 9.751069, 57.091128 ] ] ] } },
{ "type": "Feature", "properties": { "cell_id": 126, "area_m2": 122500.0, "bund": 13.1, "dybde": 74.4, "stroem": 70.9, "natur": 43.5 }, "geometry": { "type": "Polygon", "coordinates": [ [ [ 9.751133, 57.094272 ], [ 9.756908, 57.094237 ], [ 9.756844, 57.091093 ], [ 9.751069, 57.091128 ], [ 9.751133, 57.094272 ] ] ] } },
{ "type": "Feature", "properties": { "cell_id": 127, "area_m2": 122500.0, "bund": 9.2, "dybde": 72.8, "stroem": 70.9, "natur": 43.5 }, "geometry": { "type": "Polygon", "coordinates": [ [ [ 9.751196, 57.097416 ], [ 9.756972, 57.097381 ], [ 9.756908, 57.094237 ], [ 9.751133, 57.094272 ], [ 9.751196, 57.097416 ] ] ] } },
{ "type": "Feature", "properties": { "cell_id": 128, "area_m2": 57303.6, "bund": 6.8, "dybde": 71.7, "stroem": 70.9, "natur": 43.5 }, "geometry": { "type": "Polygon", "coordinates": [ [ [ 9.751196, 57.097416 ], [ 9.751206, 57.097904 ], [ 9.751718, 57.098106 ], [ 9.751799, 57.098135 ], [ 9.757021, 57.099796 ], [ 9.756972, 57.097381 ], [ 9.751196, 57.097416 ] ] ] } },
{ "type": "Feature", "properties": { "cell_id": 129, "area_m2": 47440.6, "bund": 39.4, "dybde": 54.0, "stroem": 70.6, "natur": 43.0 }, "geometry": { "type": "Polygon", "coordinates": [ [ [ 9.761267, 57.025036 ], [ 9.761227, 57.023063 ], [ 9.756964, 57.024194 ], [ 9.756879, 57.024219 ], [ 9.755494, 57.024684 ], [ 9.755502, 57.025071 ], [ 9.761267, 57.025036 ] ] ] } },
{ "type": "Feature", "properties": { "cell_id": 130, "area_m2": 122500.0, "bund": 42.4, "dybde": 54.9, "stroem": 69.8, "natur": 43.0 }, "geometry": { "type": "Polygon", "coordinates": [ [ [ 9.755566, 57.028215 ], [ 9.761331, 57.02818 ], [ 9.761267, 57.025036 ], [ 9.755502, 57.025071 ], [ 9.755566, 57.028215 ] ] ] } },
{ "type": "Feature", "properties": { "cell_id": 131, "area_m2": 122500.0, "bund": 47.3, "dybde": 56.4, "stroem": 67.7, "natur": 43.0 }, "geometry": { "type": "Polygon", "coordinates": [ [ [ 9.75563, 57.031359 ], [ 9.761395, 57.031324 ], [ 9.761331, 57.02818 ], [ 9.755566, 57.028215 ], [ 9.75563, 57.031359 ] ] ] } },
{ "type": "Feature", "properties": { "cell_id": 132, "area_m2": 122500.0, "bund": 52.9, "dybde": 58.1, "stroem": 65.1, "natur": 43.0 }, "geometry": { "type": "Polygon", "coordinates": [ [ [ 9.755693, 57.034503 ], [ 9.76146, 57.034468 ], [ 9.761395, 57.031324 ], [ 9.75563, 57.031359 ], [ 9.755693, 57.034503 ] ] ] } },
{ "type": "Feature", "properties": { "cell_id": 133, "area_m2": 122500.0, "bund": 58.7, "dybde": 59.9, "stroem": 65.3, "natur": 43.0 }, "geometry": { "type": "Polygon", "coordinates": [ [ [ 9.755757, 57.037647 ], [ 9.761524, 57.037612 ], [ 9.76146, 57.034468 ], [ 9.755693, 57.034503 ], [ 9.755757, 57.037647 ] ] ] } },
{ "type": "Feature", "properties": { "cell_id": 134, "area_m2": 122500.0, "bund": 64.4, "dybde": 61.9, "stroem": 70.0, "natur": 43.0 }, "geometry": { "type": "Polygon", "coordinates": [ [ [ 9.755821, 57.040791 ], [ 9.761588, 57.040756 ], [ 9.761524, 57.037612 ], [ 9.755757, 57.037647 ], [ 9.755821, 57.040791 ] ] ] } },
{ "type": "Feature", "properties": { "cell_id": 135, "area_m2": 122500.0, "bund": 69.5, "dybde": 64.0, "stroem": 76.8, "natur": 43.1 }, "geometry": { "type": "Polygon", "coordinates": [ [ [ 9.755885, 57.043935 ], [ 9.761653, 57.0439 ], [ 9.761588, 57.040756 ], [ 9.755821, 57.040791 ], [ 9.755885, 57.043935 ] ] ] } },
{ "type": "Feature", "properties": { "cell_id": 136, "area_m2": 122500.0, "bund": 73.4, "dybde": 66.2, "stroem": 82.9, "natur": 43.1 }, "geometry": { "type": "Polygon", "coordinates": [ [ [ 9.755949, 57.047078 ], [ 9.761717, 57.047044 ], [ 9.761653, 57.0439 ], [ 9.755885, 57.043935 ], [ 9.755949, 57.047078 ] ] ] } },
{ "type": "Feature", "properties": { "cell_id": 137, "area_m2": 122500.0, "bund": 75.8, "dybde": 68.5, "stroem": 87.3, "natur": 43.1 }, "geometry": { "type": "Polygon", "coordinates": [ [ [ 9.756013, 57.050222 ], [ 9.761781, 57.050187 ], [ 9.761717, 57.047044 ], [ 9.755949, 57.047078 ], [ 9.756013, 57.050222 ] ] ] } },
{ "type": "Feature", "properties": { "cell_id": 138, "area_m2": 122500.0, "bund": 76.5, "dybde": 70.7, "stroem": 89.8, "natur": 43.2 }, "geometry": { "type": "Polygon", "coordinates": [ [ [ 9.756076, 57.053366 ], [ 9.761846, 57.053331 ], [ 9.761781, 57.050187 ], [ 9.756013, 57.050222 ], [ 9.756076, 57.053366 ] ] ] } },
{ "type": "Feature", "properties": { "cell_id": 139, "area_m2": 122500.0, "bund": 75.4, "dybde": 72.9, "stroem": 89.7, "natur": 43.3 }, "geometry": { "type": "Polygon", "coordinates": [ [ [ 9.75614, 57.05651 ], [ 9.76191, 57.056475 ], [ 9.761846, 57.053331 ], [ 9.756076, 57.053366 ], [ 9.75614, 57.05651 ] ] ] } },
{ "type": "Feature", "properties": { "cell_id": 140, "area_m2": 122500.0, "bund": 72.6, "dybde": 75.0, "stroem": 87.2, "natur": 43.3 }, "geometry": { "type": "Polygon", "coordinates": [ [ [ 9.756204, 57.059654 ], [ 9.761975, 57.059619 ], [ 9.76191, 57.056475 ], [ 9.75614, 57.05651 ], [ 9.756204, 57.059654 ] ] ] } },
{ "type": "Feature", "properties": { "cell_id": 141, "area_m2": 122500.0, "bund": 68.6, "dybde": 76.8, "stroem": 83.2, "natur": 43.4 }, "geometry": { "type": "Polygon", "coordinates": [ [ [ 9.756268, 57.062798 ], [ 9.762039, 57.062763 ], [ 9.761975, 57.059619 ], [ 9.756204, 57.059654 ], [ 9.756268, 57.062798 ] ] ] } },
{ "type": "Feature", "properties": { "cell_id": 142, "area_m2": 122500.0, "bund": 63.6, "dybde": 78.4, "stroem": 79.0, "natur": 43.5 }, "geometry": { "type": "Polygon", "coordinates": [ [ [ 9.756332, 57.065942 ], [ 9.762103, 57.065907 ], [ 9.762039, 57.062763 ], [ 9.756268, 57.062798 ], [ 9.756332, 57.065942 ] ] ] } },
{ "type": "Feature", "properties": { "cell_id": 143, "area_m2": 122500.0, "bund": 58.2, "dybde": 79.7, "stroem": 75.6, "natur": 43.6 }, "geometry": { "type": "Polygon", "coordinates": [ [ [ 9.756396, 57.069086 ], [ 9.762168, 57.069051 ], [ 9.762103, 57.065907 ], [ 9.756332, 57.065942 ], [ 9.756396, 57.069086 ] ] ] } },
{ "type": "Feature", "properties": { "cell_id": 144, "area_m2": 122500.0, "bund": 52.7, "dybde": 80.7, "stroem": 73.2, "natur": 43.7 }, "geometry": { "type": "Polygon", "coordinates": [ [ [ 9.75646, 57.07223 ], [ 9.762232, 57.072195 ], [ 9.762168, 57.069051 ], [ 9.756396, 57.069086 ], [ 9.75646, 57.07223 ] ] ] } },
{ "type": "Feature", "properties": { "cell_id": 145, "area_m2": 122500.0, "bund": 47.1, "dybde": 81.3, "stroem": 71.9, "natur": 43.7 }, "geometry": { "type": "Polygon", "coordinates": [ [ [ 9.756524, 57.075374 ], [ 9.762297, 57.075339 ], [ 9.762232, 57.072195 ], [ 9.75646, 57.07223 ], [ 9.756524, 57.075374 ] ] ] } },
{ "type": "Feature", "properties": { "cell_id": 146, "area_m2": 122500.0, "bund": 41.5, "dybde": 81.5, "stroem": 71.3, "natur": 43.8 }, "geometry": { "type": "Polygon", "coordinates": [ [ [ 9.756588, 57.078518 ], [ 9.762361, 57.078483 ], [ 9.762297, 57.075339 ], [ 9.756524, 57.075374 ], [ 9.756588, 57.078518 ] ] ] } },
{ "type": "Feature", "properties": { "cell_id": 147, "area_m2": 122500.0, "bund": 35.8, "dybde": 81.4, "stroem": 71.0, "natur": 43.8 }, "geometry": { "type": "Polygon", "coordinates": [ [ [ 9.756652, 57.081662 ], [ 9.762426, 57.081627 ], [ 9.762361, 57.078483 ], [ 9.756588, 57.078518 ], [ 9.756652, 57.081662 ] ] ] } },
{ "type": "Feature", "properties": { "cell_id": 148, "area_m2": 122500.0, "bund": 29.6, "dybde": 80.8, "stroem": 70.9, "natur": 43.9 }, "geometry": { "type": "Polygon", "coordinates": [ [ [ 9.756716, 57.084805 ], [ 9.76249, 57.08477 ], [ 9.762426, 57.081627 ], [ 9.756652, 57.081662 ], [ 9.756716, 57.084805 ] ] ] } },
{ "type": "Feature", "properties": { "cell_id": 149, "area_m2": 122500.0, "bund": 23.1, "dybde": 79.9, "stroem": 70.9, "natur": 43.9 }, "geometry": { "type": "Polygon", "coordinates": [ [ [ 9.75678, 57.087949 ], [ 9.762555, 57.087914 ], [ 9.76249, 57.08477 ], [ 9.756716, 57.084805 ], [ 9.75678, 57.087949 ] ] ] } },
{ "type": "Feature", "properties": { "cell_id": 150, "area_m2": 122500.0, "bund": 16.4, "dybde": 78.7, "stroem": 70.9, "natur": 43.9 }, "geometry": { "type": "Polygon", "coordinates": [ [ [ 9.756844, 57.091093 ], [ 9.762619, 57.091058 ], [ 9.762555, 57.087914 ], [ 9.75678, 57.087949 ], [ 9.756844, 57.091093 ] ] ] } },
{ "type": "Feature", "properties": { "cell_id": 151, "area_m2": 122500.0, "bund": 10.3, "dybde": 77.2, "stroem": 70.9, "natur": 43.8 }, "geometry": { "type": "Polygon", "coordinates": [ [ [ 9.756908, 57.094237 ], [ 9.762684, 57.094202 ], [ 9.762619, 57.091058 ], [ 9.756844, 57.091093 ], [ 9.756908, 57.094237 ] ] ] } },
{ "type": "Feature", "properties": { "cell_id": 152, "area_m2": 122500.0, "bund": 5.5, "dybde": 75.5, "stroem": 70.9, "natur": 43.8 }, "geometry": { "type": "Polygon", "coordinates": [ [ [ 9.756972, 57.097381 ], [ 9.762748, 57.097346 ], [ 9.762684, 57.094202 ], [ 9.756908, 57.094237 ], [ 9.756972, 57.097381 ] ] ] } },
{ "type": "Feature", "properties": { "cell_id": 153, "area_m2": 116818.2, "bund": 2.8, "dybde": 73.6, "stroem": 70.9, "natur": 43.7 }, "geometry": { "type": "Polygon", "coordinates": [ [ [ 9.762748, 57.097346 ], [ 9.756972, 57.097381 ], [ 9.757021, 57.099796 ], [ 9.758427, 57.100243 ], [ 9.758514, 57.100267 ], [ 9.759484, 57.10051 ], [ 9.762813, 57.10049 ], [ 9.762748, 57.097346 ] ] ] } },
{ "type": "Feature", "properties": { "cell_id": 154, "area_m2": 103583.1, "bund": 39.7, "dybde": 54.0, "stroem": 70.8, "natur": 43.0 }, "geometry": { "type": "Polygon", "coordinates": [ [ [ 9.767032, 57.025001 ], [ 9.766967, 57.021857 ], [ 9.766337, 57.021861 ], [ 9.763942, 57.022345 ], [ 9.763853, 57.022366 ], [ 9.761227, 57.023063 ], [ 9.761267, 57.025036 ], [ 9.767032, 57.025001 ] ] ] } },
{ "type": "Feature", "properties": { "cell_id": 155, "area_m2": 122500.0, "bund": 43.9, "dybde": 55.3, "stroem": 70.6, "natur": 43.0 }, "geometry": { "type": "Polygon", "coordinates": [ [ [ 9.761331, 57.02818 ], [ 9.767097, 57.028145 ], [ 9.767032, 57.025001 ], [ 9.761267, 57.025036 ], [ 9.761331, 57.02818 ] ] ] } },
{ "type": "Feature", "properties": { "cell_id": 156, "area_m2": 122500.0, "bund": 49.3, "dybde": 56.9, "stroem": 70.0, "natur": 43.0 }, "geometry": { "type": "Polygon", "coordinates": [ [ [ 9.761395, 57.031324 ], [ 9.767161, 57.031289 ], [ 9.767097, 57.028145 ], [ 9.761331, 57.02818 ], [ 9.761395, 57.031324 ] ] ] } },
{ "type": "Feature", "properties": { "cell_id": 157, "area_m2": 122500.0, "bund": 55.3, "dybde": 58.7, "stroem": 69.4, "natur": 43.0 }, "geometry": { "type": "Polygon", "coordinates": [ [ [ 9.76146, 57.034468 ], [ 9.767226, 57.034433 ], [ 9.767161, 57.031289 ], [ 9.761395, 57.031324 ], [ 9.76146, 57.034468 ] ] ] } },
{ "type": "Feature", "properties": { "cell_id": 158, "area_m2": 122500.0, "bund": 61.7, "dybde": 60.6, "stroem": 70.1, "natur": 43.0 }, "geometry": { "type": "Polygon", "coordinates": [ [ [ 9.761524, 57.037612 ], [ 9.767291, 57.037577 ], [ 9.767226, 57.034433 ], [ 9.76146, 57.034468 ], [ 9.761524, 57.037612 ] ] ] } },
{ "type": "Feature", "properties": { "cell_id": 159, "area_m2": 122500.0, "bund": 67.8, "dybde": 62.7, "stroem": 72.8, "natur": 43.0 }, "geometry": { "type": "Polygon", "coordinates": [ [ [ 9.761588, 57.040756 ], [ 9.767356, 57.04072 ], [ 9.767291, 57.037577 ], [ 9.761524, 57.037612 ], [ 9.761588, 57.040756 ] ] ] } },
{ "type": "Feature", "properties": { "cell_id": 160, "area_m2": 122500.0, "bund": 73.3, "dybde": 65.0, "stroem": 76.7, "natur": 43.1 }, "geometry": { "type": "Polygon", "coordinates": [ [ [ 9.761653, 57.0439 ], [ 9.76742, 57.043864 ], [ 9.767356, 57.04072 ], [ 9.761588, 57.040756 ], [ 9.761653, 57.0439 ] ] ] } },
{ "type": "Feature", "properties": { "cell_id": 161, "area_m2": 122500.0, "bund": 77.6, "dybde": 67.4, "stroem": 80.7, "natur": 43.1 }, "geometry": { "type": "Polygon", "coordinates": [ [ [ 9.761717, 57.047044 ], [ 9.767485, 57.047008 ], [ 9.76742, 57.043864 ], [ 9.761653, 57.0439 ], [ 9.761717, 57.047044 ] ] ] } },
{ "type": "Feature", "properties": { "cell_id": 162, "area_m2": 122500.0, "bund": 80.3, "dybde": 69.8, "stroem": 84.0, "natur": 43.2 }, "geometry": { "type": "Polygon", "coordinates": [ [ [ 9.761781, 57.050187 ], [ 9.76755, 57.050152 ], [ 9.767485, 57.047008 ], [ 9.761717, 57.047044 ], [ 9.761781, 57.050187 ] ] ] } },
{ "type": "Feature", "properties": { "cell_id": 163, "area_m2": 122500.0, "bund": 81.2, "dybde": 72.3, "stroem": 85.9, "natur": 43.3 }, "geometry": { "type": "Polygon", "coordinates": [ [ [ 9.761846, 57.053331 ], [ 9.767615, 57.053296 ], [ 9.76755, 57.050152 ], [ 9.761781, 57.050187 ], [ 9.761846, 57.053331 ] ] ] } },
{ "type": "Feature", "properties": { "cell_id": 164, "area_m2": 122500.0, "bund": 80.1, "dybde": 74.7, "stroem": 85.8, "natur": 43.4 }, "geometry": { "type": "Polygon", "coordinates": [ [ [ 9.76191, 57.056475 ], [ 9.76768, 57.05644 ], [ 9.767615, 57.053296 ], [ 9.761846, 57.053331 ], [ 9.76191, 57.056475 ] ] ] } },
{ "type": "Feature", "properties": { "cell_id": 165, "area_m2": 122500.0, "bund": 77.3, "dybde": 77.0, "stroem": 83.8, "natur": 43.5 }, "geometry": { "type": "Polygon", "coordinates": [ [ [ 9.761975, 57.059619 ], [ 9.767745, 57.059584 ], [ 9.76768, 57.05644 ], [ 9.76191, 57.056475 ], [ 9.761975, 57.059619 ] ] ] } },
{ "type": "Feature", "properties": { "cell_id": 166, "area_m2": 122500.0, "bund": 73.0, "dybde": 79.1, "stroem": 80.7, "natur": 43.6 }, "geometry": { "type": "Polygon", "coordinates": [ [ [ 9.762039, 57.062763 ], [ 9.76781, 57.062728 ], [ 9.767745, 57.059584 ], [ 9.761975, 57.059619 ], [ 9.762039, 57.062763 ] ] ] } },
{ "type": "Feature", "properties": { "cell_id": 167, "area_m2": 122500.0, "bund": 67.8, "dybde": 80.9, "stroem": 77.4, "natur": 43.7 }, "geometry": { "type": "Polygon", "coordinates": [ [ [ 9.762103, 57.065907 ], [ 9.767875, 57.065872 ], [ 9.76781, 57.062728 ], [ 9.762039, 57.062763 ], [ 9.762103, 57.065907 ] ] ] } },
{ "type": "Feature", "properties": { "cell_id": 168, "area_m2": 122500.0, "bund": 62.1, "dybde": 82.4, "stroem": 74.6, "natur": 43.9 }, "geometry": { "type": "Polygon", "coordinates": [ [ [ 9.762168, 57.069051 ], [ 9.76794, 57.069016 ], [ 9.767875, 57.065872 ], [ 9.762103, 57.065907 ], [ 9.762168, 57.069051 ] ] ] } },
{ "type": "Feature", "properties": { "cell_id": 169, "area_m2": 122500.0, "bund": 56.2, "dybde": 83.5, "stroem": 72.7, "natur": 44.0 }, "geometry": { "type": "Polygon", "coordinates": [ [ [ 9.762232, 57.072195 ], [ 9.768004, 57.07216 ], [ 9.76794, 57.069016 ], [ 9.762168, 57.069051 ], [ 9.762232, 57.072195 ] ] ] } },
{ "type": "Feature", "properties": { "cell_id": 170, "area_m2": 122500.0, "bund": 50.2, "dybde": 84.2, "stroem": 71.7, "natur": 44.1 }, "geometry": { "type": "Polygon", "coordinates": [ [ [ 9.762297, 57.075339 ], [ 9.768069, 57.075303 ], [ 9.768004, 57.07216 ], [ 9.762232, 57.072195 ], [ 9.762297, 57.075339 ] ] ] } },
{ "type": "Feature", "properties": { "cell_id": 171, "area_m2": 122500.0, "bund": 44.1, "dybde": 84.5, "stroem": 71.2, "natur": 44.2 }, "geometry": { "type": "Polygon", "coordinates": [ [ [ 9.762361, 57.078483 ], [ 9.768134, 57.078447 ], [ 9.768069, 57.075303 ], [ 9.762297, 57.075339 ], [ 9.762361, 57.078483 ] ] ] } },
{ "type": "Feature", "properties": { "cell_id": 172, "area_m2": 122500.0, "bund": 37.7, "dybde": 84.3, "stroem": 71.0, "natur": 44.3 }, "geometry": { "type": "Polygon", "coordinates": [ [ [ 9.762426, 57.081627 ], [ 9.768199, 57.081591 ], [ 9.768134, 57.078447 ], [ 9.762361, 57.078483 ], [ 9.762426, 57.081627 ] ] ] } },
{ "type": "Feature", "properties": { "cell_id": 173, "area_m2": 122500.0, "bund": 30.9, "dybde": 83.8, "stroem": 70.9, "natur": 44.3 }, "geometry": { "type": "Polygon", "coordinates": [ [ [ 9.76249, 57.08477 ], [ 9.768264, 57.084735 ], [ 9.768199, 57.081591 ], [ 9.762426, 57.081627 ], [ 9.76249, 57.08477 ] ] ] } },
{ "type": "Feature", "properties": { "cell_id": 174, "area_m2": 122500.0, "bund": 23.5, "dybde": 82.8, "stroem": 70.9, "natur": 44.3 }, "geometry": { "type": "Polygon", "coordinates": [ [ [ 9.762555, 57.087914 ], [ 9.768329, 57.087879 ], [ 9.768264, 57.084735 ], [ 9.76249, 57.08477 ], [ 9.762555, 57.087914 ] ] ] } },
{ "type": "Feature", "properties": { "cell_id": 175, "area_m2": 122500.0, "bund": 16.0, "dybde": 81.6, "stroem": 70.9, "natur": 44.3 }, "geometry": { "type": "Polygon", "coordinates": [ [ [ 9.762619, 57.091058 ], [ 9.768394, 57.091023 ], [ 9.768329, 57.087879 ], [ 9.762555, 57.087914 ], [ 9.762619, 57.091058 ] ] ] } },
{ "type": "Feature", "properties": { "cell_id": 176, "area_m2": 122500.0, "bund": 9.0, "dybde": 80.0, "stroem": 70.9, "natur": 44.3 }, "geometry": { "type": "Polygon", "coordinates": [ [ [ 9.762684, 57.094202 ], [ 9.768459, 57.094167 ], [ 9.768394, 57.091023 ], [ 9.762619, 57.091058 ], [ 9.762684, 57.094202 ] ] ] } },
{ "type": "Feature", "properties": { "cell_id": 177, "area_m2": 122500.0, "bund": 3.6, "dybde": 78.1, "stroem": 70.9, "natur": 44.2 }, "geometry": { "type": "Polygon", "coordinates": [ [ [ 9.762748, 57.097346 ], [ 9.768524, 57.097311 ], [ 9.768459, 57.094167 ], [ 9.762684, 57.094202 ], [ 9.762748, 57.097346 ] ] ] } },
{ "type": "Feature", "properties": { "cell_id": 178, "area_m2": 122500.0, "bund": 0.5, "dybde": 76.0, "stroem": 70.9, "natur": 44.1 }, "geometry": { "type": "Polygon", "coordinates": [ [ [ 9.762813, 57.10049 ], [ 9.76859, 57.100455 ], [ 9.768524, 57.097311 ], [ 9.762748, 57.097346 ], [ 9.762813, 57.10049 ] ] ] } },
{ "type": "Feature", "properties": { "cell_id": 179, "area_m2": 60342.6, "bund": 0.0, "dybde": 74.5, "stroem": 70.9, "natur": 44.0 }, "geometry": { "type": "Polygon", "coordinates": [ [ [ 9.762813, 57.10049 ], [ 9.762831, 57.101347 ], [ 9.765491, 57.102012 ], [ 9.765581, 57.102031 ], [ 9.768634, 57.102605 ], [ 9.76859, 57.100455 ], [ 9.762813, 57.10049 ] ] ] } },
{ "type": "Feature", "properties": { "cell_id": 180, "area_m2": 26236.2, "bund": 38.0, "dybde": 53.5, "stroem": 70.9, "natur": 42.9 }, "geometry": { "type": "Polygon", "coordinates": [ [ [ 9.772731, 57.021822 ], [ 9.772707, 57.020664 ], [ 9.771219, 57.020877 ], [ 9.771126, 57.020893 ], [ 9.766964, 57.021734 ], [ 9.766967, 57.021857 ], [ 9.772731, 57.021822 ] ] ] } },
{ "type": "Feature", "properties": { "cell_id": 181, "area_m2": 122500.0, "bund": 40.4, "dybde": 54.3, "stroem": 70.9, "natur": 42.9 }, "geometry": { "type": "Polygon", "coordinates": [ [ [ 9.767032, 57.025001 ], [ 9.772797, 57.024965 ], [ 9.772731, 57.021822 ], [ 9.766967, 57.021857 ], [ 9.767032, 57.025001 ] ] ] } },
{ "type": "Feature", "properties": { "cell_id": 182, "area_m2": 122500.0, "bund": 45.3, "dybde": 55.7, "stroem": 70.9, "natur": 42.9 }, "geometry": { "type": "Polygon", "coordinates": [ [ [ 9.767097, 57.028145 ], [ 9.772862, 57.028109 ], [ 9.772797, 57.024965 ], [ 9.767032, 57.025001 ], [ 9.767097, 57.028145 ] ] ] } },
{ "type": "Feature", "properties": { "cell_id": 183, "area_m2": 122500.0, "bund": 51.0, "dybde": 57.3, "stroem": 70.8, "natur": 43.0 }, "geometry": { "type": "Polygon", "coordinates": [ [ [ 9.767161, 57.031289 ], [ 9.772927, 57.031253 ], [ 9.772862, 57.028109 ], [ 9.767097, 57.028145 ], [ 9.767161, 57.031289 ] ] ] } },
{ "type": "Feature", "properties": { "cell_id": 184, "area_m2": 122500.0, "bund": 57.3, "dybde": 59.1, "stroem": 71.0, "natur": 43.0 }, "geometry": { "type": "Polygon", "coordinates": [ [ [ 9.767226, 57.034433 ], [ 9.772992, 57.034397 ], [ 9.772927, 57.031253 ], [ 9.767161, 57.031289 ], [ 9.767226, 57.034433 ] ] ] } },
{ "type": "Feature", "properties": { "cell_id": 185, "area_m2": 122500.0, "bund": 64.0, "dybde": 61.2, "stroem": 71.7, "natur": 43.0 }, "geometry": { "type": "Polygon", "coordinates": [ [ [ 9.767291, 57.037577 ], [ 9.773058, 57.037541 ], [ 9.772992, 57.034397 ], [ 9.767226, 57.034433 ], [ 9.767291, 57.037577 ] ] ] } },
{ "type": "Feature", "properties": { "cell_id": 186, "area_m2": 122500.0, "bund": 70.5, "dybde": 63.4, "stroem": 73.2, "natur": 43.0 }, "geometry": { "type": "Polygon", "coordinates": [ [ [ 9.767356, 57.04072 ], [ 9.773123, 57.040685 ], [ 9.773058, 57.037541 ], [ 9.767291, 57.037577 ], [ 9.767356, 57.04072 ] ] ] } },
{ "type": "Feature", "properties": { "cell_id": 187, "area_m2": 122500.0, "bund": 76.3, "dybde": 65.8, "stroem": 75.3, "natur": 43.1 }, "geometry": { "type": "Polygon", "coordinates": [ [ [ 9.76742, 57.043864 ], [ 9.773188, 57.043829 ], [ 9.773123, 57.040685 ], [ 9.767356, 57.04072 ], [ 9.76742, 57.043864 ] ] ] } },
{ "type": "Feature", "properties": { "cell_id": 188, "area_m2": 122500.0, "bund": 80.9, "dybde": 68.4, "stroem": 77.8, "natur": 43.2 }, "geometry": { "type": "Polygon", "coordinates": [ [ [ 9.767485, 57.047008 ], [ 9.773254, 57.046973 ], [ 9.773188, 57.043829 ], [ 9.76742, 57.043864 ], [ 9.767485, 57.047008 ] ] ] } },
{ "type": "Feature", "properties": { "cell_id": 189, "area_m2": 122500.0, "bund": 83.9, "dybde": 71.1, "stroem": 80.0, "natur": 43.3 }, "geometry": { "type": "Polygon", "coordinates": [ [ [ 9.76755, 57.050152 ], [ 9.773319, 57.050117 ], [ 9.773254, 57.046973 ], [ 9.767485, 57.047008 ], [ 9.76755, 57.050152 ] ] ] } },
{ "type": "Feature", "properties": { "cell_id": 190, "area_m2": 122500.0, "bund": 84.9, "dybde": 73.7, "stroem": 81.3, "natur": 43.4 }, "geometry": { "type": "Polygon", "coordinates": [ [ [ 9.767615, 57.053296 ], [ 9.773384, 57.053261 ], [ 9.773319, 57.050117 ], [ 9.76755, 57.050152 ], [ 9.767615, 57.053296 ] ] ] } },
{ "type": "Feature", "properties": { "cell_id": 191, "area_m2": 122500.0, "bund": 84.0, "dybde": 76.4, "stroem": 81.2, "natur": 43.6 }, "geometry": { "type": "Polygon", "coordinates": [ [ [ 9.76768, 57.05644 ], [ 9.77345, 57.056405 ], [ 9.773384, 57.053261 ], [ 9.767615, 57.053296 ], [ 9.76768, 57.05644 ] ] ] } },
{ "type": "Feature", "properties": { "cell_id": 192, "area_m2": 122500.0, "bund": 81.2, "dybde": 78.9, "stroem": 79.8, "natur": 43.7 }, "geometry": { "type": "Polygon", "coordinates": [ [ [ 9.767745, 57.059584 ], [ 9.773515, 57.059548 ], [ 9.77345, 57.056405 ], [ 9.76768, 57.05644 ], [ 9.767745, 57.059584 ] ] ] } },
{ "type": "Feature", "properties": { "cell_id": 193, "area_m2": 122500.0, "bund": 76.9, "dybde": 81.2, "stroem": 77.7, "natur": 43.9 }, "geometry": { "type": "Polygon", "coordinates": [ [ [ 9.76781, 57.062728 ], [ 9.77358, 57.062692 ], [ 9.773515, 57.059548 ], [ 9.767745, 57.059584 ], [ 9.76781, 57.062728 ] ] ] } },
{ "type": "Feature", "properties": { "cell_id": 194, "area_m2": 122500.0, "bund": 71.6, "dybde": 83.2, "stroem": 75.4, "natur": 44.1 }, "geometry": { "type": "Polygon", "coordinates": [ [ [ 9.767875, 57.065872 ], [ 9.773646, 57.065836 ], [ 9.77358, 57.062692 ], [ 9.76781, 57.062728 ], [ 9.767875, 57.065872 ] ] ] } },
{ "type": "Feature", "properties": { "cell_id": 195, "area_m2": 122500.0, "bund": 65.8, "dybde": 84.8, "stroem": 73.5, "natur": 44.3 }, "geometry": { "type": "Polygon", "coordinates": [ [ [ 9.76794, 57.069016 ], [ 9.773711, 57.06898 ], [ 9.773646, 57.065836 ], [ 9.767875, 57.065872 ], [ 9.76794, 57.069016 ] ] ] } },
{ "type": "Feature", "properties": { "cell_id": 196, "area_m2": 122500.0, "bund": 59.6, "dybde": 86.1, "stroem": 72.2, "natur": 44.5 }, "geometry": { "type": "Polygon", "coordinates": [ [ [ 9.768004, 57.07216 ], [ 9.773777, 57.072124 ], [ 9.773711, 57.06898 ], [ 9.76794, 57.069016 ], [ 9.768004, 57.07216 ] ] ] } },
{ "type": "Feature", "properties": { "cell_id": 197, "area_m2": 122500.0, "bund": 53.4, "dybde": 86.9, "stroem": 71.4, "natur": 44.6 }, "geometry": { "type": "Polygon", "coordinates": [ [ [ 9.768069, 57.075303 ], [ 9.773842, 57.075268 ], [ 9.773777, 57.072124 ], [ 9.768004, 57.07216 ], [ 9.768069, 57.075303 ] ] ] } },
{ "type": "Feature", "properties": { "cell_id": 198, "area_m2": 122500.0, "bund": 47.0, "dybde": 87.2, "stroem": 71.1, "natur": 44.8 }, "geometry": { "type": "Polygon", "coordinates": [ [ [ 9.768134, 57.078447 ], [ 9.773908, 57.078412 ], [ 9.773842, 57.075268 ], [ 9.768069, 57.075303 ], [ 9.768134, 57.078447 ] ] ] } },
{ "type": "Feature", "properties": { "cell_id": 199, "area_m2": 122500.0, "bund": 40.4, "dybde": 87.1, "stroem": 70.9, "natur": 44.9 }, "geometry": { "type": "Polygon", "coordinates": [ [ [ 9.768199, 57.081591 ], [ 9.773973, 57.081556 ], [ 9.773908, 57.078412 ], [ 9.768134, 57.078447 ], [ 9.768199, 57.081591 ] ] ] } },
{ "type": "Feature", "properties": { "cell_id": 200, "area_m2": 122500.0, "bund": 33.1, "dybde": 86.6, "stroem": 70.9, "natur": 45.0 }, "geometry": { "type": "Polygon", "coordinates": [ [ [ 9.768264, 57.084735 ], [ 9.774038, 57.0847 ], [ 9.773973, 57.081556 ], [ 9.768199, 57.081591 ], [ 9.768264, 57.084735 ] ] ] } },
{ "type": "Feature", "properties": { "cell_id": 201, "area_m2": 122500.0, "bund": 25.4, "dybde": 85.6, "stroem": 70.9, "natur": 45.0 }, "geometry": { "type": "Polygon", "coordinates": [ [ [ 9.768329, 57.087879 ], [ 9.774104, 57.087844 ], [ 9.774038, 57.0847 ], [ 9.768264, 57.084735 ], [ 9.768329, 57.087879 ] ] ] } },
{ "type": "Feature", "properties": { "cell_id": 202, "area_m2": 122500.0, "bund": 17.5, "dybde": 84.3, "stroem": 70.9, "natur": 44.9 }, "geometry": { "type": "Polygon", "coordinates": [ [ [ 9.768394, 57.091023 ], [ 9.774169, 57.090987 ], [ 9.774104, 57.087844 ], [ 9.768329, 57.087879 ], [ 9.768394, 57.091023 ] ] ] } },
{ "type": "Feature", "properties": { "cell_id": 203, "area_m2": 122500.0, "bund": 10.1, "dybde": 82.6, "stroem": 70.9, "natur": 44.9 }, "geometry": { "type": "Polygon", "coordinates": [ [ [ 9.768459, 57.094167 ], [ 9.774235, 57.094131 ], [ 9.774169, 57.090987 ], [ 9.768394, 57.091023 ], [ 9.768459, 57.094167 ] ] ] } },
{ "type": "Feature", "properties": { "cell_id": 204, "area_m2": 122500.0, "bund": 4.3, "dybde": 80.6, "stroem": 70.9, "natur": 44.8 }, "geometry": { "type": "Polygon", "coordinates": [ [ [ 9.768524, 57.097311 ], [ 9.774301, 57.097275 ], [ 9.774235, 57.094131 ], [ 9.768459, 57.094167 ], [ 9.768524, 57.097311 ] ] ] } },
{ "type": "Feature", "properties": { "cell_id": 205, "area_m2": 122500.0, "bund": 1.0, "dybde": 78.4, "stroem": 70.9, "natur": 44.6 }, "geometry": { "type": "Polygon", "coordinates": [ [ [ 9.76859, 57.100455 ], [ 9.774366, 57.100419 ], [ 9.774301, 57.097275 ], [ 9.768524, 57.097311 ], [ 9.76859, 57.100455 ] ] ] } },
{ "type": "Feature", "properties": { "cell_id": 206, "area_m2": 105191.9, "bund": 0.6, "dybde": 76.3, "stroem": 70.9, "natur": 44.5 }, "geometry": { "type": "Polygon", "coordinates": [ [ [ 9.774366, 57.100419 ], [ 9.76859, 57.100455 ], [ 9.768634, 57.102605 ], [ 9.772839, 57.103395 ], [ 9.772932, 57.103409 ], [ 9.774129, 57.103565 ], [ 9.774432, 57.103563 ], [ 9.774366, 57.100419 ] ] ] } },
{ "type": "Feature", "properties": { "cell_id": 207, "area_m2": 60451.4, "bund": 38.2, "dybde": 53.6, "stroem": 70.9, "natur": 42.9 }, "geometry": { "type": "Polygon", "coordinates": [ [ [ 9.778496, 57.021786 ], [ 9.778455, 57.019841 ], [ 9.772707, 57.020664 ], [ 9.772731, 57.021822 ], [ 9.778496, 57.021786 ] ] ] } },
{ "type": "Feature", "properties": { "cell_id": 208, "area_m2": 122500.0, "bund": 41.3, "dybde": 54.6, "stroem": 70.9, "natur": 42.9 }, "geometry": { "type": "Polygon", "coordinates": [ [ [ 9.772797, 57.024965 ], [ 9.778561, 57.02493 ], [ 9.778496, 57.021786 ], [ 9.772731, 57.021822 ], [ 9.772797, 57.024965 ] ] ] } },
{ "type": "Feature", "properties": { "cell_id": 209, "area_m2": 122500.0, "bund": 46.4, "dybde": 56.0, "stroem": 70.9, "natur": 42.9 }, "geometry": { "type": "Polygon", "coordinates": [ [ [ 9.772862, 57.028109 ], [ 9.778627, 57.028074 ], [ 9.778561, 57.02493 ], [ 9.772797, 57.024965 ], [ 9.772862, 57.028109 ] ] ] } },
{ "type": "Feature", "properties": { "cell_id": 210, "area_m2": 122500.0, "bund": 52.3, "dybde": 57.7, "stroem": 71.0, "natur": 42.9 }, "geometry": { "type": "Polygon", "coordinates": [ [ [ 9.772927, 57.031253 ], [ 9.778693, 57.031218 ], [ 9.778627, 57.028074 ], [ 9.772862, 57.028109 ], [ 9.772927, 57.031253 ] ] ] } },
{ "type": "Feature", "properties": { "cell_id": 211, "area_m2": 122500.0, "bund": 58.9, "dybde": 59.5, "stroem": 71.2, "natur": 43.0 }, "geometry": { "type": "Polygon", "coordinates": [ [ [ 9.772992, 57.034397 ], [ 9.778759, 57.034361 ], [ 9.778693, 57.031218 ], [ 9.772927, 57.031253 ], [ 9.772992, 57.034397 ] ] ] } },
{ "type": "Feature", "properties": { "cell_id": 212, "area_m2": 122500.0, "bund": 65.8, "dybde": 61.7, "stroem": 71.6, "natur": 43.0 }, "geometry": { "type": "Polygon", "coordinates": [ [ [ 9.773058, 57.037541 ], [ 9.778824, 57.037505 ], [ 9.778759, 57.034361 ], [ 9.772992, 57.034397 ], [ 9.773058, 57.037541 ] ] ] } },
{ "type": "Feature", "properties": { "cell_id": 213, "area_m2": 122500.0, "bund": 72.5, "dybde": 64.0, "stroem": 72.4, "natur": 43.1 }, "geometry": { "type": "Polygon", "coordinates": [ [ [ 9.773123, 57.040685 ], [ 9.77889, 57.040649 ], [ 9.778824, 57.037505 ], [ 9.773058, 57.037541 ], [ 9.773123, 57.040685 ] ] ] } },
{ "type": "Feature", "properties": { "cell_id": 214, "area_m2": 122500.0, "bund": 78.6, "dybde": 66.6, "stroem": 73.7, "natur": 43.2 }, "geometry": { "type": "Polygon", "coordinates": [ [ [ 9.773188, 57.043829 ], [ 9.778956, 57.043793 ], [ 9.77889, 57.040649 ], [ 9.773123, 57.040685 ], [ 9.773188, 57.043829 ] ] ] } },
{ "type": "Feature", "properties": { "cell_id": 215, "area_m2": 122500.0, "bund": 83.4, "dybde": 69.3, "stroem": 75.1, "natur": 43.3 }, "geometry": { "type": "Polygon", "coordinates": [ [ [ 9.773254, 57.046973 ], [ 9.779022, 57.046937 ], [ 9.778956, 57.043793 ], [ 9.773188, 57.043829 ], [ 9.773254, 57.046973 ] ] ] } },
{ "type": "Feature", "properties": { "cell_id": 216, "area_m2": 122500.0, "bund": 86.6, "dybde": 72.2, "stroem": 76.4, "natur": 43.4 }, "geometry": { "type": "Polygon", "coordinates": [ [ [ 9.773319, 57.050117 ], [ 9.779088, 57.050081 ], [ 9.779022, 57.046937 ], [ 9.773254, 57.046973 ], [ 9.773319, 57.050117 ] ] ] } },
{ "type": "Feature", "properties": { "cell_id": 217, "area_m2": 122500.0, "bund": 87.8, "dybde": 75.0, "stroem": 77.2, "natur": 43.6 }, "geometry": { "type": "Polygon", "coordinates": [ [ [ 9.773384, 57.053261 ], [ 9.779153, 57.053225 ], [ 9.779088, 57.050081 ], [ 9.773319, 57.050117 ], [ 9.773384, 57.053261 ] ] ] } },
{ "type": "Feature", "properties": { "cell_id": 218, "area_m2": 122500.0, "bund": 87.1, "dybde": 77.9, "stroem": 77.1, "natur": 43.8 }, "geometry": { "type": "Polygon", "coordinates": [ [ [ 9.77345, 57.056405 ], [ 9.779219, 57.056369 ], [ 9.779153, 57.053225 ], [ 9.773384, 57.053261 ], [ 9.77345, 57.056405 ] ] ] } },
{ "type": "Feature", "properties": { "cell_id": 219, "area_m2": 122500.0, "bund": 84.4, "dybde": 80.6, "stroem": 76.3, "natur": 44.1 }, "geometry": { "type": "Polygon", "coordinates": [ [ [ 9.773515, 57.059548 ], [ 9.779285, 57.059513 ], [ 9.779219, 57.056369 ], [ 9.77345, 57.056405 ], [ 9.773515, 57.059548 ] ] ] } },
{ "type": "Feature", "properties": { "cell_id": 220, "area_m2": 122500.0, "bund": 80.3, "dybde": 83.1, "stroem": 75.0, "natur": 44.3 }, "geometry": { "type": "Polygon", "coordinates": [ [ [ 9.77358, 57.062692 ], [ 9.779351, 57.062657 ], [ 9.779285, 57.059513 ], [ 9.773515, 57.059548 ], [ 9.77358, 57.062692 ] ] ] } },
{ "type": "Feature", "properties": { "cell_id": 221, "area_m2": 122500.0, "bund": 75.1, "dybde": 85.3, "stroem": 73.6, "natur": 44.6 }, "geometry": { "type": "Polygon", "coordinates": [ [ [ 9.773646, 57.065836 ], [ 9.779417, 57.065801 ], [ 9.779351, 57.062657 ], [ 9.77358, 57.062692 ], [ 9.773646, 57.065836 ] ] ] } },
{ "type": "Feature", "properties": { "cell_id": 222, "area_m2": 122500.0, "bund": 69.3, "dybde": 87.1, "stroem": 72.4, "natur": 44.9 }, "geometry": { "type": "Polygon", "coordinates": [ [ [ 9.773711, 57.06898 ], [ 9.779483, 57.068944 ], [ 9.779417, 57.065801 ], [ 9.773646, 57.065836 ], [ 9.773711, 57.06898 ] ] ] } },
{ "type": "Feature", "properties": { "cell_id": 223, "area_m2": 122500.0, "bund": 63.1, "dybde": 88.5, "stroem": 71.7, "natur": 45.2 }, "geometry": { "type": "Polygon", "coordinates": [ [ [ 9.773777, 57.072124 ], [ 9.779549, 57.072088 ], [ 9.779483, 57.068944 ], [ 9.773711, 57.06898 ], [ 9.773777, 57.072124 ] ] ] } },
{ "type": "Feature", "properties": { "cell_id": 224, "area_m2": 122500.0, "bund": 56.8, "dybde": 89.4, "stroem": 71.2, "natur": 45.4 }, "geometry": { "type": "Polygon", "coordinates": [ [ [ 9.773842, 57.075268 ], [ 9.779615, 57.075232 ], [ 9.779549, 57.072088 ], [ 9.773777, 57.072124 ], [ 9.773842, 57.075268 ] ] ] } },
{ "type": "Feature", "properties": { "cell_id": 225, "area_m2": 122500.0, "bund": 50.4, "dybde": 89.8, "stroem": 71.0, "natur": 45.6 }, "geometry": { "type": "Polygon", "coordinates": [ [ [ 9.773908, 57.078412 ], [ 9.779681, 57.078376 ], [ 9.779615, 57.075232 ], [ 9.773842, 57.075268 ], [ 9.773908, 57.078412 ] ] ] } },
{ "type": "Feature", "properties": { "cell_id": 226, "area_m2": 122500.0, "bund": 43.7, "dybde": 89.8, "stroem": 70.9, "natur": 45.8 }, "geometry": { "type": "Polygon", "coordinates": [ [ [ 9.773973, 57.081556 ], [ 9.779747, 57.08152 ], [ 9.779681, 57.078376 ], [ 9.773908, 57.078412 ], [ 9.773973, 57.081556 ] ] ] } },
{ "type": "Feature", "properties": { "cell_id": 227, "area_m2": 122500.0, "bund": 36.5, "dybde": 89.2, "stroem": 70.9, "natur": 45.8 }, "geometry": { "type": "Polygon", "coordinates": [ [ [ 9.774038, 57.0847 ], [ 9.779813, 57.084664 ], [ 9.779747, 57.08152 ], [ 9.773973, 57.081556 ], [ 9.774038, 57.0847 ] ] ] } },
{ "type": "Feature", "properties": { "cell_id": 228, "area_m2": 122500.0, "bund": 28.8, "dybde": 88.2, "stroem": 70.9, "natur": 45.9 }, "geometry": { "type": "Polygon", "coordinates": [ [ [ 9.774104, 57.087844 ], [ 9.779879, 57.087808 ], [ 9.779813, 57.084664 ], [ 9.774038, 57.0847 ], [ 9.774104, 57.087844 ] ] ] } },
{ "type": "Feature", "properties": { "cell_id": 229, "area_m2": 122500.0, "bund": 21.0, "dybde": 86.8, "stroem": 70.9, "natur": 45.8 }, "geometry": { "type": "Polygon", "coordinates": [ [ [ 9.774169, 57.090987 ], [ 9.779945, 57.090952 ], [ 9.779879, 57.087808 ], [ 9.774104, 57.087844 ], [ 9.774169, 57.090987 ] ] ] } },
{ "type": "Feature", "properties": { "cell_id": 230, "area_m2": 122500.0, "bund": 13.7, "dybde": 85.1, "stroem": 70.9, "natur": 45.7 }, "geometry": { "type": "Polygon", "coordinates": [ [ [ 9.774235, 57.094131 ], [ 9.780011, 57.094096 ], [ 9.779945, 57.090952 ], [ 9.774169, 57.090987 ], [ 9.774235, 57.094131 ] ] ] } },
{ "type": "Feature", "properties": { "cell_id": 231, "area_m2": 122500.0, "bund": 7.9, "dybde": 83.0, "stroem": 70.9, "natur": 45.6 }, "geometry": { "type": "Polygon", "coordinates": [ [ [ 9.774301, 57.097275 ], [ 9.780077, 57.097239 ], [ 9.780011, 57.094096 ], [ 9.774235, 57.094131 ], [ 9.774301, 57.097275 ] ] ] } },
{ "type": "Feature", "properties": { "cell_id": 232, "area_m2": 122500.0, "bund": 4.5, "dybde": 80.7, "stroem": 70.9, "natur": 45.4 }, "geometry": { "type": "Polygon", "coordinates": [ [ [ 9.774366, 57.100419 ], [ 9.780143, 57.100383 ], [ 9.780077, 57.097239 ], [ 9.774301, 57.097275 ], [ 9.774366, 57.100419 ] ] ] } },
{ "type": "Feature", "properties": { "cell_id": 233, "area_m2": 122500.0, "bund": 3.8, "dybde": 78.1, "stroem": 70.9, "natur": 45.1 }, "geometry": { "type": "Polygon", "coordinates": [ [ [ 9.774432, 57.103563 ], [ 9.780209, 57.103527 ], [ 9.780143, 57.100383 ], [ 9.774366, 57.100419 ], [ 9.774432, 57.103563 ] ] ] } },
{ "type": "Feature", "properties": { "cell_id": 234, "area_m2": 85349.5, "bund": 38.5, "dybde": 53.8, "stroem": 70.9, "natur": 42.9 }, "geometry": { "type": "Polygon", "coordinates": [ [ [ 9.78426, 57.02175 ], [ 9.784209, 57.019326 ], [ 9.778723, 57.019805 ], [ 9.778629, 57.019816 ], [ 9.778455, 57.019841 ], [ 9.778496, 57.021786 ], [ 9.78426, 57.02175 ] ] ] } },
{ "type": "Feature", "properties": { "cell_id": 235, "area_m2": 122500.0, "bund": 42.1, "dybde": 54.8, "stroem": 70.9, "natur": 42.9 }, "geometry": { "type": "Polygon", "coordinates": [ [ [ 9.778561, 57.02493 ], [ 9.784326, 57.024894 ], [ 9.78426, 57.02175 ], [ 9.778496, 57.021786 ], [ 9.778561, 57.02493 ] ] ] } },
{ "type": "Feature", "properties": { "cell_id": 236, "area_m2": 122500.0, "bund": 47.3, "dybde": 56.3, "stroem": 70.9, "natur": 42.9 }, "geometry": { "type": "Polygon", "coordinates": [ [ [ 9.778627, 57.028074 ], [ 9.784393, 57.028038 ], [ 9.784326, 57.024894 ], [ 9.778561, 57.02493 ], [ 9.778627, 57.028074 ] ] ] } },
{ "type": "Feature", "properties": { "cell_id": 237, "area_m2": 122500.0, "bund": 53.3, "dybde": 58.0, "stroem": 70.9, "natur": 42.9 }, "geometry": { "type": "Polygon", "coordinates": [ [ [ 9.778693, 57.031218 ], [ 9.784459, 57.031182 ], [ 9.784393, 57.028038 ], [ 9.778627, 57.028074 ], [ 9.778693, 57.031218 ] ] ] } },
{ "type": "Feature", "properties": { "cell_id": 238, "area_m2": 122500.0, "bund": 60.1, "dybde": 59.9, "stroem": 71.1, "natur": 42.9 }, "geometry": { "type": "Polygon", "coordinates": [ [ [ 9.778759, 57.034361 ], [ 9.784525, 57.034325 ], [ 9.784459, 57.031182 ], [ 9.778693, 57.031218 ], [ 9.778759, 57.034361 ] ] ] } },
{ "type": "Feature", "properties": { "cell_id": 239, "area_m2": 122500.0, "bund": 67.1, "dybde": 62.1, "stroem": 71.3, "natur": 43.0 }, "geometry": { "type": "Polygon", "coordinates": [ [ [ 9.778824, 57.037505 ], [ 9.784591, 57.037469 ], [ 9.784525, 57.034325 ], [ 9.778759, 57.034361 ], [ 9.778824, 57.037505 ] ] ] } },
{ "type": "Feature", "properties": { "cell_id": 240, "area_m2": 122500.0, "bund": 74.0, "dybde": 64.6, "stroem": 71.7, "natur": 43.1 }, "geometry": { "type": "Polygon", "coordinates": [ [ [ 9.77889, 57.040649 ], [ 9.784658, 57.040613 ], [ 9.784591, 57.037469 ], [ 9.778824, 57.037505 ], [ 9.77889, 57.040649 ] ] ] } },
{ "type": "Feature", "properties": { "cell_id": 241, "area_m2": 122500.0, "bund": 80.2, "dybde": 67.3, "stroem": 72.4, "natur": 43.2 }, "geometry": { "type": "Polygon", "coordinates": [ [ [ 9.778956, 57.043793 ], [ 9.784724, 57.043757 ], [ 9.784658, 57.040613 ], [ 9.77889, 57.040649 ], [ 9.778956, 57.043793 ] ] ] } },
{ "type": "Feature", "properties": { "cell_id": 242, "area_m2": 122500.0, "bund": 85.2, "dybde": 70.1, "stroem": 73.1, "natur": 43.4 }, "geometry": { "type": "Polygon", "coordinates": [ [ [ 9.779022, 57.046937 ], [ 9.78479, 57.046901 ], [ 9.784724, 57.043757 ], [ 9.778956, 57.043793 ], [ 9.779022, 57.046937 ] ] ] } },
{ "type": "Feature", "properties": { "cell_id": 243, "area_m2": 122500.0, "bund": 88.6, "dybde": 73.2, "stroem": 73.8, "natur": 43.6 }, "geometry": { "type": "Polygon", "coordinates": [ [ [ 9.779088, 57.050081 ], [ 9.784856, 57.050045 ], [ 9.78479, 57.046901 ], [ 9.779022, 57.046937 ], [ 9.779088, 57.050081 ] ] ] } },
{ "type": "Feature", "properties": { "cell_id": 244, "area_m2": 122500.0, "bund": 90.0, "dybde": 76.2, "stroem": 74.2, "natur": 43.9 }, "geometry": { "type": "Polygon", "coordinates": [ [ [ 9.779153, 57.053225 ], [ 9.784923, 57.053189 ], [ 9.784856, 57.050045 ], [ 9.779088, 57.050081 ], [ 9.779153, 57.053225 ] ] ] } },
{ "type": "Feature", "properties": { "cell_id": 245, "area_m2": 122500.0, "bund": 89.5, "dybde": 79.3, "stroem": 74.2, "natur": 44.2 }, "geometry": { "type": "Polygon", "coordinates": [ [ [ 9.779219, 57.056369 ], [ 9.784989, 57.056333 ], [ 9.784923, 57.053189 ], [ 9.779153, 57.053225 ], [ 9.779219, 57.056369 ] ] ] } },
{ "type": "Feature", "properties": { "cell_id": 246, "area_m2": 122500.0, "bund": 87.2, "dybde": 82.2, "stroem": 73.8, "natur": 44.5 }, "geometry": { "type": "Polygon", "coordinates": [ [ [ 9.779285, 57.059513 ], [ 9.785055, 57.059477 ], [ 9.784989, 57.056333 ], [ 9.779219, 57.056369 ], [ 9.779285, 57.059513 ] ] ] } },
{ "type": "Feature", "properties": { "cell_id": 247, "area_m2": 122500.0, "bund": 83.3, "dybde": 84.9, "stroem": 73.1, "natur": 44.9 }, "geometry": { "type": "Polygon", "coordinates": [ [ [ 9.779351, 57.062657 ], [ 9.785122, 57.062621 ], [ 9.785055, 57.059477 ], [ 9.779285, 57.059513 ], [ 9.779351, 57.062657 ] ] ] } },
{ "type": "Feature", "properties": { "cell_id": 248, "area_m2": 122500.0, "bund": 78.3, "dybde": 87.2, "stroem": 72.4, "natur": 45.3 }, "geometry": { "type": "Polygon", "coordinates": [ [ [ 9.779417, 57.065801 ], [ 9.785188, 57.065764 ], [ 9.785122, 57.062621 ], [ 9.779351, 57.062657 ], [ 9.779417, 57.065801 ] ] ] } },
{ "type": "Feature", "properties": { "cell_id": 249, "area_m2": 122500.0, "bund": 72.6, "dybde": 89.2, "stroem": 71.7, "natur": 45.7 }, "geometry": { "type": "Polygon", "coordinates": [ [ [ 9.779483, 57.068944 ], [ 9.785255, 57.068908 ], [ 9.785188, 57.065764 ], [ 9.779417, 57.065801 ], [ 9.779483, 57.068944 ] ] ] } },
{ "type": "Feature", "properties": { "cell_id": 250, "area_m2": 122500.0, "bund": 66.6, "dybde": 90.7, "stroem": 71.3, "natur": 46.1 }, "geometry": { "type": "Polygon", "coordinates": [ [ [ 9.779549, 57.072088 ], [ 9.785321, 57.072052 ], [ 9.785255, 57.068908 ], [ 9.779483, 57.068944 ], [ 9.779549, 57.072088 ] ] ] } },
{ "type": "Feature", "properties": { "cell_id": 251, "area_m2": 122500.0, "bund": 60.5, "dybde": 91.7, "stroem": 71.1, "natur": 46.4 }, "geometry": { "type": "Polygon", "coordinates": [ [ [ 9.779615, 57.075232 ], [ 9.785387, 57.075196 ], [ 9.785321, 57.072052 ], [ 9.779549, 57.072088 ], [ 9.779615, 57.075232 ] ] ] } },
{ "type": "Feature", "properties": { "cell_id": 252, "area_m2": 122500.0, "bund": 54.2, "dybde": 92.2, "stroem": 71.0, "natur": 46.7 }, "geometry": { "type": "Polygon", "coordinates": [ [ [ 9.779681, 57.078376 ], [ 9.785454, 57.07834 ], [ 9.785387, 57.075196 ], [ 9.779615, 57.075232 ], [ 9.779681, 57.078376 ] ] ] } },
{ "type": "Feature", "properties": { "cell_id": 253, "area_m2": 122500.0, "bund": 47.7, "dybde": 92.2, "stroem": 70.9, "natur": 46.9 }, "geometry": { "type": "Polygon", "coordinates": [ [ [ 9.779747, 57.08152 ], [ 9.78552, 57.081484 ], [ 9.785454, 57.07834 ], [ 9.779681, 57.078376 ], [ 9.779747, 57.08152 ] ] ] } },
{ "type": "Feature", "properties": { "cell_id": 254, "area_m2": 122500.0, "bund": 40.8, "dybde": 91.7, "stroem": 70.9, "natur": 47.0 }, "geometry": { "type": "Polygon", "coordinates": [ [ [ 9.779813, 57.084664 ], [ 9.785587, 57.084628 ], [ 9.78552, 57.081484 ], [ 9.779747, 57.08152 ], [ 9.779813, 57.084664 ] ] ] } },
{ "type": "Feature", "properties": { "cell_id": 255, "area_m2": 122500.0, "bund": 33.6, "dybde": 90.6, "stroem": 70.9, "natur": 47.1 }, "geometry": { "type": "Polygon", "coordinates": [ [ [ 9.779879, 57.087808 ], [ 9.785653, 57.087772 ], [ 9.785587, 57.084628 ], [ 9.779813, 57.084664 ], [ 9.779879, 57.087808 ] ] ] } },
{ "type": "Feature", "properties": { "cell_id": 256, "area_m2": 122500.0, "bund": 26.2, "dybde": 89.2, "stroem": 70.9, "natur": 47.0 }, "geometry": { "type": "Polygon", "coordinates": [ [ [ 9.779945, 57.090952 ], [ 9.78572, 57.090916 ], [ 9.785653, 57.087772 ], [ 9.779879, 57.087808 ], [ 9.779945, 57.090952 ] ] ] } },
{ "type": "Feature", "properties": { "cell_id": 257, "area_m2": 122500.0, "bund": 19.4, "dybde": 87.3, "stroem": 70.9, "natur": 46.9 }, "geometry": { "type": "Polygon", "coordinates": [ [ [ 9.780011, 57.094096 ], [ 9.785786, 57.094059 ], [ 9.78572, 57.090916 ], [ 9.779945, 57.090952 ], [ 9.780011, 57.094096 ] ] ] } },
{ "type": "Feature", "properties": { "cell_id": 258, "area_m2": 122500.0, "bund": 13.9, "dybde": 85.1, "stroem": 70.9, "natur": 46.7 }, "geometry": { "type": "Polygon", "coordinates": [ [ [ 9.780077, 57.097239 ], [ 9.785853, 57.097203 ], [ 9.785786, 57.094059 ], [ 9.780011, 57.094096 ], [ 9.780077, 57.097239 ] ] ] } },
{ "type": "Feature", "properties": { "cell_id": 259, "area_m2": 122500.0, "bund": 10.5, "dybde": 82.7, "stroem": 70.9, "natur": 46.4 }, "geometry": { "type": "Polygon", "coordinates": [ [ [ 9.780143, 57.100383 ], [ 9.785919, 57.100347 ], [ 9.785853, 57.097203 ], [ 9.780077, 57.097239 ], [ 9.780143, 57.100383 ] ] ] } },
{ "type": "Feature", "properties": { "cell_id": 260, "area_m2": 122500.0, "bund": 9.6, "dybde": 80.1, "stroem": 70.9, "natur": 46.0 }, "geometry": { "type": "Polygon", "coordinates": [ [ [ 9.780209, 57.103527 ], [ 9.785986, 57.103491 ], [ 9.785919, 57.100347 ], [ 9.780143, 57.100383 ], [ 9.780209, 57.103527 ] ] ] } },
{ "type": "Feature", "properties": { "cell_id": 261, "area_m2": 41847.3, "bund": 10.5, "dybde": 78.3, "stroem": 70.9, "natur": 45.8 }, "geometry": { "type": "Polygon", "coordinates": [ [ [ 9.780209, 57.103527 ], [ 9.780226, 57.104356 ], [ 9.780401, 57.104379 ], [ 9.780496, 57.104388 ], [ 9.786013, 57.104798 ], [ 9.785986, 57.103491 ], [ 9.780209, 57.103527 ] ] ] } },
{ "type": "Feature", "properties": { "cell_id": 262, "area_m2": 101115.3, "bund": 38.9, "dybde": 54.0, "stroem": 70.9, "natur": 42.8 }, "geometry": { "type": "Polygon", "coordinates": [ [ [ 9.790024, 57.021714 ], [ 9.789967, 57.01902 ], [ 9.786384, 57.019139 ], [ 9.786288, 57.019144 ], [ 9.784209, 57.019326 ], [ 9.78426, 57.02175 ], [ 9.790024, 57.021714 ] ] ] } },
{ "type": "Feature", "properties": { "cell_id": 263, "area_m2": 122500.0, "bund": 42.9, "dybde": 55.2, "stroem": 70.9, "natur": 42.8 }, "geometry": { "type": "Polygon", "coordinates": [ [ [ 9.784326, 57.024894 ], [ 9.790091, 57.024858 ], [ 9.790024, 57.021714 ], [ 9.78426, 57.02175 ], [ 9.784326, 57.024894 ] ] ] } },
{ "type": "Feature", "properties": { "cell_id": 264, "area_m2": 122500.0, "bund": 48.1, "dybde": 56.7, "stroem": 70.9, "natur": 42.8 }, "geometry": { "type": "Polygon", "coordinates": [ [ [ 9.784393, 57.028038 ], [ 9.790158, 57.028001 ], [ 9.790091, 57.024858 ], [ 9.784326, 57.024894 ], [ 9.784393, 57.028038 ] ] ] } },
{ "type": "Feature", "properties": { "cell_id": 265, "area_m2": 122500.0, "bund": 54.3, "dybde": 58.4, "stroem": 70.9, "natur": 42.8 }, "geometry": { "type": "Polygon", "coordinates": [ [ [ 9.784459, 57.031182 ], [ 9.790225, 57.031145 ], [ 9.790158, 57.028001 ], [ 9.784393, 57.028038 ], [ 9.784459, 57.031182 ] ] ] } },
{ "type": "Feature", "properties": { "cell_id": 266, "area_m2": 122500.0, "bund": 61.0, "dybde": 60.3, "stroem": 71.0, "natur": 42.9 }, "geometry": { "type": "Polygon", "coordinates": [ [ [ 9.784525, 57.034325 ], [ 9.790291, 57.034289 ], [ 9.790225, 57.031145 ], [ 9.784459, 57.031182 ], [ 9.784525, 57.034325 ] ] ] } },
{ "type": "Feature", "properties": { "cell_id": 267, "area_m2": 122500.0, "bund": 68.1, "dybde": 62.6, "stroem": 71.1, "natur": 43.0 }, "geometry": { "type": "Polygon", "coordinates": [ [ [ 9.784591, 57.037469 ], [ 9.790358, 57.037433 ], [ 9.790291, 57.034289 ], [ 9.784525, 57.034325 ], [ 9.784591, 57.037469 ] ] ] } },
{ "type": "Feature", "properties": { "cell_id": 268, "area_m2": 122500.0, "bund": 75.1, "dybde": 65.1, "stroem": 71.3, "natur": 43.1 }, "geometry": { "type": "Polygon", "coordinates": [ [ [ 9.784658, 57.040613 ], [ 9.790425, 57.040577 ], [ 9.790358, 57.037433 ], [ 9.784591, 57.037469 ], [ 9.784658, 57.040613 ] ] ] } },
{ "type": "Feature", "properties": { "cell_id": 269, "area_m2": 122500.0, "bund": 81.4, "dybde": 67.9, "stroem": 71.6, "natur": 43.3 }, "geometry": { "type": "Polygon", "coordinates": [ [ [ 9.784724, 57.043757 ], [ 9.790492, 57.043721 ], [ 9.790425, 57.040577 ], [ 9.784658, 57.040613 ], [ 9.784724, 57.043757 ] ] ] } },
{ "type": "Feature", "properties": { "cell_id": 270, "area_m2": 122500.0, "bund": 86.5, "dybde": 70.9, "stroem": 72.0, "natur": 43.5 }, "geometry": { "type": "Polygon", "coordinates": [ [ [ 9.78479, 57.046901 ], [ 9.790558, 57.046865 ], [ 9.790492, 57.043721 ], [ 9.784724, 57.043757 ], [ 9.78479, 57.046901 ] ] ] } },
{ "type": "Feature", "properties": { "cell_id": 271, "area_m2": 122500.0, "bund": 90.1, "dybde": 74.1, "stroem": 72.3, "natur": 43.8 }, "geometry": { "type": "Polygon", "coordinates": [ [ [ 9.784856, 57.050045 ], [ 9.790625, 57.050009 ], [ 9.790558, 57.046865 ], [ 9.78479, 57.046901 ], [ 9.784856, 57.050045 ] ] ] } },
{ "type": "Feature", "properties": { "cell_id": 272, "area_m2": 122500.0, "bund": 91.8, "dybde": 77.3, "stroem": 72.5, "natur": 44.2 }, "geometry": { "type": "Polygon", "coordinates": [ [ [ 9.784923, 57.053189 ], [ 9.790692, 57.053153 ], [ 9.790625, 57.050009 ], [ 9.784856, 57.050045 ], [ 9.784923, 57.053189 ] ] ] } },
{ "type": "Feature", "properties": { "cell_id": 273, "area_m2": 122500.0, "bund": 91.6, "dybde": 80.5, "stroem": 72.5, "natur": 44.6 }, "geometry": { "type": "Polygon", "coordinates": [ [ [ 9.784989, 57.056333 ], [ 9.790759, 57.056297 ], [ 9.790692, 57.053153 ], [ 9.784923, 57.053189 ], [ 9.784989, 57.056333 ] ] ] } },
{ "type": "Feature", "properties": { "cell_id": 274, "area_m2": 122500.0, "bund": 89.6, "dybde": 83.6, "stroem": 72.3, "natur": 45.1 }, "geometry": { "type": "Polygon", "coordinates": [ [ [ 9.785055, 57.059477 ], [ 9.790826, 57.05944 ], [ 9.790759, 57.056297 ], [ 9.784989, 57.056333 ], [ 9.785055, 57.059477 ] ] ] } },
{ "type": "Feature", "properties": { "cell_id": 275, "area_m2": 122500.0, "bund": 86.0, "dybde": 86.5, "stroem": 72.0, "natur": 45.6 }, "geometry": { "type": "Polygon", "coordinates": [ [ [ 9.785122, 57.062621 ], [ 9.790892, 57.062584 ], [ 9.790826, 57.05944 ], [ 9.785055, 57.059477 ], [ 9.785122, 57.062621 ] ] ] } },
{ "type": "Feature", "properties": { "cell_id": 276, "area_m2": 122500.0, "bund": 81.3, "dybde": 89.0, "stroem": 71.7, "natur": 46.2 }, "geometry": { "type": "Polygon", "coordinates": [ [ [ 9.785188, 57.065764 ], [ 9.790959, 57.065728 ], [ 9.790892, 57.062584 ], [ 9.785122, 57.062621 ], [ 9.785188, 57.065764 ] ] ] } },
{ "type": "Feature", "properties": { "cell_id": 277, "area_m2": 122500.0, "bund": 75.9, "dybde": 91.1, "stroem": 71.4, "natur": 46.7 }, "geometry": { "type": "Polygon", "coordinates": [ [ [ 9.785255, 57.068908 ], [ 9.791026, 57.068872 ], [ 9.790959, 57.065728 ], [ 9.785188, 57.065764 ], [ 9.785255, 57.068908 ] ] ] } },
{ "type": "Feature", "properties": { "cell_id": 278, "area_m2": 122500.0, "bund": 70.2, "dybde": 92.7, "stroem": 71.2, "natur": 47.3 }, "geometry": { "type": "Polygon", "coordinates": [ [ [ 9.785321, 57.072052 ], [ 9.791093, 57.072016 ], [ 9.791026, 57.068872 ], [ 9.785255, 57.068908 ], [ 9.785321, 57.072052 ] ] ] } },
{ "type": "Feature", "properties": { "cell_id": 279, "area_m2": 122500.0, "bund": 64.3, "dybde": 93.8, "stroem": 71.1, "natur": 47.7 }, "geometry": { "type": "Polygon", "coordinates": [ [ [ 9.785387, 57.075196 ], [ 9.79116, 57.07516 ], [ 9.791093, 57.072016 ], [ 9.785321, 57.072052 ], [ 9.785387, 57.075196 ] ] ] } },
{ "type": "Feature", "properties": { "cell_id": 280, "area_m2": 122500.0, "bund": 58.3, "dybde": 94.4, "stroem": 71.0, "natur": 48.1 }, "geometry": { "type": "Polygon", "coordinates": [ [ [ 9.785454, 57.07834 ], [ 9.791227, 57.078304 ], [ 9.79116, 57.07516 ], [ 9.785387, 57.075196 ], [ 9.785454, 57.07834 ] ] ] } },
{ "type": "Feature", "properties": { "cell_id": 281, "area_m2": 122500.0, "bund": 52.2, "dybde": 94.3, "stroem": 70.9, "natur": 48.5 }, "geometry": { "type": "Polygon", "coordinates": [ [ [ 9.78552, 57.081484 ], [ 9.791294, 57.081448 ], [ 9.791227, 57.078304 ], [ 9.785454, 57.07834 ], [ 9.78552, 57.081484 ] ] ] } },
{ "type": "Feature", "properties": { "cell_id": 282, "area_m2": 122500.0, "bund": 45.8, "dybde": 93.8, "stroem": 70.9, "natur": 48.6 }, "geometry": { "type": "Polygon", "coordinates": [ [ [ 9.785587, 57.084628 ], [ 9.791361, 57.084591 ], [ 9.791294, 57.081448 ], [ 9.78552, 57.081484 ], [ 9.785587, 57.084628 ] ] ] } },
{ "type": "Feature", "properties": { "cell_id": 283, "area_m2": 122500.0, "bund": 39.2, "dybde": 92.7, "stroem": 70.9, "natur": 48.7 }, "geometry": { "type": "Polygon", "coordinates": [ [ [ 9.785653, 57.087772 ], [ 9.791428, 57.087735 ], [ 9.791361, 57.084591 ], [ 9.785587, 57.084628 ], [ 9.785653, 57.087772 ] ] ] } },
{ "type": "Feature", "properties": { "cell_id": 284, "area_m2": 122500.0, "bund": 32.6, "dybde": 91.2, "stroem": 70.9, "natur": 48.6 }, "geometry": { "type": "Polygon", "coordinates": [ [ [ 9.78572, 57.090916 ], [ 9.791495, 57.090879 ], [ 9.791428, 57.087735 ], [ 9.785653, 57.087772 ], [ 9.78572, 57.090916 ] ] ] } },
{ "type": "Feature", "properties": { "cell_id": 285, "area_m2": 122500.0, "bund": 26.5, "dybde": 89.3, "stroem": 70.9, "natur": 48.4 }, "geometry": { "type": "Polygon", "coordinates": [ [ [ 9.785786, 57.094059 ], [ 9.791562, 57.094023 ], [ 9.791495, 57.090879 ], [ 9.78572, 57.090916 ], [ 9.785786, 57.094059 ] ] ] } },
{ "type": "Feature", "properties": { "cell_id": 286, "area_m2": 122500.0, "bund": 21.5, "dybde": 87.0, "stroem": 70.9, "natur": 48.1 }, "geometry": { "type": "Polygon", "coordinates": [ [ [ 9.785853, 57.097203 ], [ 9.791629, 57.097167 ], [ 9.791562, 57.094023 ], [ 9.785786, 57.094059 ], [ 9.785853, 57.097203 ] ] ] } },
{ "type": "Feature", "properties": { "cell_id": 287, "area_m2": 122500.0, "bund": 18.2, "dybde": 84.5, "stroem": 70.9, "natur": 47.7 }, "geometry": { "type": "Polygon", "coordinates": [ [ [ 9.785919, 57.100347 ], [ 9.791696, 57.100311 ], [ 9.791629, 57.097167 ], [ 9.785853, 57.097203 ], [ 9.785919, 57.100347 ] ] ] } },
{ "type": "Feature", "properties": { "cell_id": 288, "area_m2": 122500.0, "bund": 16.9, "dybde": 81.8, "stroem": 70.9, "natur": 47.2 }, "geometry": { "type": "Polygon", "coordinates": [ [ [ 9.785986, 57.103491 ], [ 9.791763, 57.103455 ], [ 9.791696, 57.100311 ], [ 9.785919, 57.100347 ], [ 9.785986, 57.103491 ] ] ] } },
{ "type": "Feature", "properties": { "cell_id": 289, "area_m2": 57613.1, "bund": 17.3, "dybde": 79.7, "stroem": 70.9, "natur": 46.9 }, "geometry": { "type": "Polygon", "coordinates": [ [ [ 9.785986, 57.103491 ], [ 9.786013, 57.104798 ], [ 9.788104, 57.104954 ], [ 9.788201, 57.104958 ], [ 9.791796, 57.105032 ], [ 9.791763, 57.103455 ], [ 9.785986, 57.103491 ] ] ] } },
{ "type": "Feature", "properties": { "cell_id": 290, "area_m2": 107470.9, "bund": 39.4, "dybde": 54.4, "stroem": 70.9, "natur": 42.7 }, "geometry": { "type": "Polygon", "coordinates": [ [ [ 9.795789, 57.021677 ], [ 9.79573, 57.018917 ], [ 9.794128, 57.018885 ], [ 9.794031, 57.018885 ], [ 9.789967, 57.01902 ], [ 9.790024, 57.021714 ], [ 9.795789, 57.021677 ] ] ] } },
{ "type": "Feature", "properties": { "cell_id": 291, "area_m2": 122500.0, "bund": 43.6, "dybde": 55.6, "stroem": 70.9, "natur": 42.7 }, "geometry": { "type": "Polygon", "coordinates": [ [ [ 9.790091, 57.024858 ], [ 9.795856, 57.024821 ], [ 9.795789, 57.021677 ], [ 9.790024, 57.021714 ], [ 9.790091, 57.024858 ] ] ] } },
{ "type": "Feature", "properties": { "cell_id": 292, "area_m2": 122500.0, "bund": 48.9, "dybde": 57.1, "stroem": 70.9, "natur": 42.7 }, "geometry": { "type": "Polygon", "coordinates": [ [ [ 9.790158, 57.028001 ], [ 9.795923, 57.027965 ], [ 9.795856, 57.024821 ], [ 9.790091, 57.024858 ], [ 9.790158, 57.028001 ] ] ] } },
{ "type": "Feature", "properties": { "cell_id": 293, "area_m2": 122500.0, "bund": 55.1, "dybde": 58.8, "stroem": 70.9, "natur": 42.7 }, "geometry": { "type": "Polygon", "coordinates": [ [ [ 9.790225, 57.031145 ], [ 9.79599, 57.031109 ], [ 9.795923, 57.027965 ], [ 9.790158, 57.028001 ], [ 9.790225, 57.031145 ] ] ] } },
{ "type": "Feature", "properties": { "cell_id": 294, "area_m2": 122500.0, "bund": 61.9, "dybde": 60.8, "stroem": 70.9, "natur": 42.8 }, "geometry": { "type": "Polygon", "coordinates": [ [ [ 9.790291, 57.034289 ], [ 9.796058, 57.034253 ], [ 9.79599, 57.031109 ], [ 9.790225, 57.031145 ], [ 9.790291, 57.034289 ] ] ] } },
{ "type": "Feature", "properties": { "cell_id": 295, "area_m2": 122500.0, "bund": 69.0, "dybde": 63.1, "stroem": 71.0, "natur": 42.9 }, "geometry": { "type": "Polygon", "coordinates": [ [ [ 9.790358, 57.037433 ], [ 9.796125, 57.037397 ], [ 9.796058, 57.034253 ], [ 9.790291, 57.034289 ], [ 9.790358, 57.037433 ] ] ] } },
{ "type": "Feature", "properties": { "cell_id": 296, "area_m2": 122500.0, "bund": 76.0, "dybde": 65.7, "stroem": 71.1, "natur": 43.1 }, "geometry": { "type": "Polygon", "coordinates": [ [ [ 9.790425, 57.040577 ], [ 9.796192, 57.040541 ], [ 9.796125, 57.037397 ], [ 9.790358, 57.037433 ], [ 9.790425, 57.040577 ] ] ] } },
{ "type": "Feature", "properties": { "cell_id": 297, "area_m2": 122500.0, "bund": 82.3, "dybde": 68.6, "stroem": 71.2, "natur": 43.3 }, "geometry": { "type": "Polygon", "coordinates": [ [ [ 9.790492, 57.043721 ], [ 9.796259, 57.043684 ], [ 9.796192, 57.040541 ], [ 9.790425, 57.040577 ], [ 9.790492, 57.043721 ] ] ] } },
{ "type": "Feature", "properties": { "cell_id": 298, "area_m2": 122500.0, "bund": 87.6, "dybde": 71.7, "stroem": 71.4, "natur": 43.7 }, "geometry": { "type": "Polygon", "coordinates": [ [ [ 9.790558, 57.046865 ], [ 9.796327, 57.046828 ], [ 9.796259, 57.043684 ], [ 9.790492, 57.043721 ], [ 9.790558, 57.046865 ] ] ] } },
{ "type": "Feature", "properties": { "cell_id": 299, "area_m2": 122500.0, "bund": 91.4, "dybde": 75.0, "stroem": 71.6, "natur": 44.1 }, "geometry": { "type": "Polygon", "coordinates": [ [ [ 9.790625, 57.050009 ], [ 9.796394, 57.049972 ], [ 9.796327, 57.046828 ], [ 9.790558, 57.046865 ], [ 9.790625, 57.050009 ] ] ] } },
{ "type": "Feature", "properties": { "cell_id": 300, "area_m2": 122500.0, "bund": 93.4, "dybde": 78.4, "stroem": 71.7, "natur": 44.6 }, "geometry": { "type": "Polygon", "coordinates": [ [ [ 9.790692, 57.053153 ], [ 9.796461, 57.053116 ], [ 9.796394, 57.049972 ], [ 9.790625, 57.050009 ], [ 9.790692, 57.053153 ] ] ] } },
{ "type": "Feature", "properties": { "cell_id": 301, "area_m2": 122500.0, "bund": 93.5, "dybde": 81.7, "stroem": 71.7, "natur": 45.2 }, "geometry": { "type": "Polygon", "coordinates": [ [ [ 9.790759, 57.056297 ], [ 9.796528, 57.05626 ], [ 9.796461, 57.053116 ], [ 9.790692, 57.053153 ], [ 9.790759, 57.056297 ] ] ] } },
{ "type": "Feature", "properties": { "cell_id": 302, "area_m2": 122500.0, "bund": 91.8, "dybde": 84.9, "stroem": 71.7, "natur": 45.8 }, "geometry": { "type": "Polygon", "coordinates": [ [ [ 9.790826, 57.05944 ], [ 9.796596, 57.059404 ], [ 9.796528, 57.05626 ], [ 9.790759, 57.056297 ], [ 9.790826, 57.05944 ] ] ] } },
{ "type": "Feature", "properties": { "cell_id": 303, "area_m2": 122500.0, "bund": 88.6, "dybde": 87.9, "stroem": 71.6, "natur": 46.5 }, "geometry": { "type": "Polygon", "coordinates": [ [ [ 9.790892, 57.062584 ], [ 9.796663, 57.062548 ], [ 9.796596, 57.059404 ], [ 9.790826, 57.05944 ], [ 9.790892, 57.062584 ] ] ] } },
{ "type": "Feature", "properties": { "cell_id": 304, "area_m2": 122500.0, "bund": 84.3, "dybde": 90.5, "stroem": 71.5, "natur": 47.3 }, "geometry": { "type": "Polygon", "coordinates": [ [ [ 9.790959, 57.065728 ], [ 9.79673, 57.065692 ], [ 9.796663, 57.062548 ], [ 9.790892, 57.062584 ], [ 9.790959, 57.065728 ] ] ] } },
{ "type": "Feature", "properties": { "cell_id": 305, "area_m2": 122500.0, "bund": 79.2, "dybde": 92.7, "stroem": 71.5, "natur": 48.1 }, "geometry": { "type": "Polygon", "coordinates": [ [ [ 9.791026, 57.068872 ], [ 9.796798, 57.068836 ], [ 9.79673, 57.065692 ], [ 9.790959, 57.065728 ], [ 9.791026, 57.068872 ] ] ] } },
{ "type": "Feature", "properties": { "cell_id": 306, "area_m2": 122500.0, "bund": 73.8, "dybde": 94.4, "stroem": 71.6, "natur": 48.8 }, "geometry": { "type": "Polygon", "coordinates": [ [ [ 9.791093, 57.072016 ], [ 9.796865, 57.071979 ], [ 9.796798, 57.068836 ], [ 9.791026, 57.068872 ], [ 9.791093, 57.072016 ] ] ] } },
{ "type": "Feature", "properties": { "cell_id": 307, "area_m2": 122500.0, "bund": 68.1, "dybde": 95.6, "stroem": 71.5, "natur": 49.5 }, "geometry": { "type": "Polygon", "coordinates": [ [ [ 9.79116, 57.07516 ], [ 9.796933, 57.075123 ], [ 9.796865, 57.071979 ], [ 9.791093, 57.072016 ], [ 9.79116, 57.07516 ] ] ] } },
{ "type": "Feature", "properties": { "cell_id": 308, "area_m2": 122500.0, "bund": 62.5, "dybde": 96.2, "stroem": 71.3, "natur": 50.0 }, "geometry": { "type": "Polygon", "coordinates": [ [ [ 9.791227, 57.078304 ], [ 9.797, 57.078267 ], [ 9.796933, 57.075123 ], [ 9.79116, 57.07516 ], [ 9.791227, 57.078304 ] ] ] } },
{ "type": "Feature", "properties": { "cell_id": 309, "area_m2": 122500.0, "bund": 56.8, "dybde": 96.2, "stroem": 71.1, "natur": 50.4 }, "geometry": { "type": "Polygon", "coordinates": [ [ [ 9.791294, 57.081448 ], [ 9.797067, 57.081411 ], [ 9.797, 57.078267 ], [ 9.791227, 57.078304 ], [ 9.791294, 57.081448 ] ] ] } },
{ "type": "Feature", "properties": { "cell_id": 310, "area_m2": 122500.0, "bund": 51.0, "dybde": 95.6, "stroem": 71.0, "natur": 50.7 }, "geometry": { "type": "Polygon", "coordinates": [ [ [ 9.791361, 57.084591 ], [ 9.797135, 57.084555 ], [ 9.797067, 57.081411 ], [ 9.791294, 57.081448 ], [ 9.791361, 57.084591 ] ] ] } },
{ "type": "Feature", "properties": { "cell_id": 311, "area_m2": 122500.0, "bund": 45.1, "dybde": 94.6, "stroem": 70.9, "natur": 50.8 }, "geometry": { "type": "Polygon", "coordinates": [ [ [ 9.791428, 57.087735 ], [ 9.797202, 57.087699 ], [ 9.797135, 57.084555 ], [ 9.791361, 57.084591 ], [ 9.791428, 57.087735 ] ] ] } },
{ "type": "Feature", "properties": { "cell_id": 312, "area_m2": 122500.0, "bund": 39.3, "dybde": 93.0, "stroem": 70.9, "natur": 50.7 }, "geometry": { "type": "Polygon", "coordinates": [ [ [ 9.791495, 57.090879 ], [ 9.79727, 57.090843 ], [ 9.797202, 57.087699 ], [ 9.791428, 57.087735 ], [ 9.791495, 57.090879 ] ] ] } },
{ "type": "Feature", "properties": { "cell_id": 313, "area_m2": 122500.0, "bund": 34.0, "dybde": 91.0, "stroem": 70.9, "natur": 50.4 }, "geometry": { "type": "Polygon", "coordinates": [ [ [ 9.791562, 57.094023 ], [ 9.797337, 57.093987 ], [ 9.79727, 57.090843 ], [ 9.791495, 57.090879 ], [ 9.791562, 57.094023 ] ] ] } },
{ "type": "Feature", "properties": { "cell_id": 314, "area_m2": 122500.0, "bund": 29.5, "dybde": 88.7, "stroem": 70.9, "natur": 50.0 }, "geometry": { "type": "Polygon", "coordinates": [ [ [ 9.791629, 57.097167 ], [ 9.797405, 57.09713 ], [ 9.797337, 57.093987 ], [ 9.791562, 57.094023 ], [ 9.791629, 57.097167 ] ] ] } },
{ "type": "Feature", "properties": { "cell_id": 315, "area_m2": 122500.0, "bund": 26.3, "dybde": 86.0, "stroem": 70.9, "natur": 49.4 }, "geometry": { "type": "Polygon", "coordinates": [ [ [ 9.791696, 57.100311 ], [ 9.797472, 57.100274 ], [ 9.797405, 57.09713 ], [ 9.791629, 57.097167 ], [ 9.791696, 57.100311 ] ] ] } },
{ "type": "Feature", "properties": { "cell_id": 316, "area_m2": 122500.0, "bund": 24.7, "dybde": 83.2, "stroem": 70.9, "natur": 48.8 }, "geometry": { "type": "Polygon", "coordinates": [ [ [ 9.791763, 57.103455 ], [ 9.79754, 57.103418 ], [ 9.797472, 57.100274 ], [ 9.791696, 57.100311 ], [ 9.791763, 57.103455 ] ] ] } },
{ "type": "Feature", "properties": { "cell_id": 317, "area_m2": 63968.7, "bund": 24.4, "dybde": 80.9, "stroem": 70.9, "natur": 48.3 }, "geometry": { "type": "Polygon", "coordinates": [ [ [ 9.791763, 57.103455 ], [ 9.791796, 57.105032 ], [ 9.795874, 57.105115 ], [ 9.795971, 57.105114 ], [ 9.797575, 57.105061 ], [ 9.79754, 57.103418 ], [ 9.791763, 57.103455 ] ] ] } },
{ "type": "Feature", "properties": { "cell_id": 318, "area_m2": 104520.2, "bund": 40.1, "dybde": 55.0, "stroem": 70.9, "natur": 42.5 }, "geometry": { "type": "Polygon", "coordinates": [ [ [ 9.801553, 57.02164 ], [ 9.801497, 57.019035 ], [ 9.79573, 57.018917 ], [ 9.795789, 57.021677 ], [ 9.801553, 57.02164 ] ] ] } },
{ "type": "Feature", "properties": { "cell_id": 319, "area_m2": 122500.0, "bund": 44.3, "dybde": 56.2, "stroem": 70.9, "natur": 42.5 }, "geometry": { "type": "Polygon", "coordinates": [ [ [ 9.795856, 57.024821 ], [ 9.801621, 57.024784 ], [ 9.801553, 57.02164 ], [ 9.795789, 57.021677 ], [ 9.795856, 57.024821 ] ] ] } },
{ "type": "Feature", "properties": { "cell_id": 320, "area_m2": 122500.0, "bund": 49.7, "dybde": 57.7, "stroem": 70.9, "natur": 42.5 }, "geometry": { "type": "Polygon", "coordinates": [ [ [ 9.795923, 57.027965 ], [ 9.801688, 57.027928 ], [ 9.801621, 57.024784 ], [ 9.795856, 57.024821 ], [ 9.795923, 57.027965 ] ] ] } },
{ "type": "Feature", "properties": { "cell_id": 321, "area_m2": 122500.0, "bund": 55.9, "dybde": 59.5, "stroem": 70.9, "natur": 42.6 }, "geometry": { "type": "Polygon", "coordinates": [ [ [ 9.79599, 57.031109 ], [ 9.801756, 57.031072 ], [ 9.801688, 57.027928 ], [ 9.795923, 57.027965 ], [ 9.79599, 57.031109 ] ] ] } },
{ "type": "Feature", "properties": { "cell_id": 322, "area_m2": 122500.0, "bund": 62.7, "dybde": 61.5, "stroem": 70.9, "natur": 42.7 }, "geometry": { "type": "Polygon", "coordinates": [ [ [ 9.796058, 57.034253 ], [ 9.801824, 57.034216 ], [ 9.801756, 57.031072 ], [ 9.79599, 57.031109 ], [ 9.796058, 57.034253 ] ] ] } },
{ "type": "Feature", "properties": { "cell_id": 323, "area_m2": 122500.0, "bund": 69.8, "dybde": 63.8, "stroem": 71.0, "natur": 42.8 }, "geometry": { "type": "Polygon", "coordinates": [ [ [ 9.796125, 57.037397 ], [ 9.801891, 57.03736 ], [ 9.801824, 57.034216 ], [ 9.796058, 57.034253 ], [ 9.796125, 57.037397 ] ] ] } },
{ "type": "Feature", "properties": { "cell_id": 324, "area_m2": 122500.0, "bund": 76.8, "dybde": 66.5, "stroem": 71.1, "natur": 43.1 }, "geometry": { "type": "Polygon", "coordinates": [ [ [ 9.796192, 57.040541 ], [ 9.801959, 57.040504 ], [ 9.801891, 57.03736 ], [ 9.796125, 57.037397 ], [ 9.796192, 57.040541 ] ] ] } },
{ "type": "Feature", "properties": { "cell_id": 325, "area_m2": 122500.0, "bund": 83.3, "dybde": 69.4, "stroem": 71.2, "natur": 43.4 }, "geometry": { "type": "Polygon", "coordinates": [ [ [ 9.796259, 57.043684 ], [ 9.802027, 57.043648 ], [ 9.801959, 57.040504 ], [ 9.796192, 57.040541 ], [ 9.796259, 57.043684 ] ] ] } },
{ "type": "Feature", "properties": { "cell_id": 326, "area_m2": 122500.0, "bund": 88.6, "dybde": 72.6, "stroem": 71.3, "natur": 43.8 }, "geometry": { "type": "Polygon", "coordinates": [ [ [ 9.796327, 57.046828 ], [ 9.802095, 57.046791 ], [ 9.802027, 57.043648 ], [ 9.796259, 57.043684 ], [ 9.796327, 57.046828 ] ] ] } },
{ "type": "Feature", "properties": { "cell_id": 327, "area_m2": 122500.0, "bund": 92.6, "dybde": 75.9, "stroem": 71.4, "natur": 44.4 }, "geometry": { "type": "Polygon", "coordinates": [ [ [ 9.796394, 57.049972 ], [ 9.802162, 57.049935 ], [ 9.802095, 57.046791 ], [ 9.796327, 57.046828 ], [ 9.796394, 57.049972 ] ] ] } },
{ "type": "Feature", "properties": { "cell_id": 328, "area_m2": 122500.0, "bund": 94.8, "dybde": 79.4, "stroem": 71.5, "natur": 45.0 }, "geometry": { "type": "Polygon", "coordinates": [ [ [ 9.796461, 57.053116 ], [ 9.80223, 57.053079 ], [ 9.802162, 57.049935 ], [ 9.796394, 57.049972 ], [ 9.796461, 57.053116 ] ] ] } },
{ "type": "Feature", "properties": { "cell_id": 329, "area_m2": 122500.0, "bund": 95.3, "dybde": 82.8, "stroem": 71.6, "natur": 45.8 }, "geometry": { "type": "Polygon", "coordinates": [ [ [ 9.796528, 57.05626 ], [ 9.802298, 57.056223 ], [ 9.80223, 57.053079 ], [ 9.796461, 57.053116 ], [ 9.796528, 57.05626 ] ] ] } },
{ "type": "Feature", "properties": { "cell_id": 330, "area_m2": 122500.0, "bund": 94.0, "dybde": 86.1, "stroem": 71.7, "natur": 46.7 }, "geometry": { "type": "Polygon", "coordinates": [ [ [ 9.796596, 57.059404 ], [ 9.802366, 57.059367 ], [ 9.802298, 57.056223 ], [ 9.796528, 57.05626 ], [ 9.796596, 57.059404 ] ] ] } },
{ "type": "Feature", "properties": { "cell_id": 331, "area_m2": 122500.0, "bund": 91.2, "dybde": 89.1, "stroem": 71.8, "natur": 47.7 }, "geometry": { "type": "Polygon", "coordinates": [ [ [ 9.796663, 57.062548 ], [ 9.802434, 57.062511 ], [ 9.802366, 57.059367 ], [ 9.796596, 57.059404 ], [ 9.796663, 57.062548 ] ] ] } },
{ "type": "Feature", "properties": { "cell_id": 332, "area_m2": 122500.0, "bund": 87.3, "dybde": 91.8, "stroem": 72.1, "natur": 48.7 }, "geometry": { "type": "Polygon", "coordinates": [ [ [ 9.79673, 57.065692 ], [ 9.802502, 57.065655 ], [ 9.802434, 57.062511 ], [ 9.796663, 57.062548 ], [ 9.79673, 57.065692 ] ] ] } },
{ "type": "Feature", "properties": { "cell_id": 333, "area_m2": 122500.0, "bund": 82.5, "dybde": 94.1, "stroem": 72.7, "natur": 49.7 }, "geometry": { "type": "Polygon", "coordinates": [ [ [ 9.796798, 57.068836 ], [ 9.802569, 57.068799 ], [ 9.802502, 57.065655 ], [ 9.79673, 57.065692 ], [ 9.796798, 57.068836 ] ] ] } },
{ "type": "Feature", "properties": { "cell_id": 334, "area_m2": 122500.0, "bund": 77.3, "dybde": 95.9, "stroem": 73.4, "natur": 50.7 }, "geometry": { "type": "Polygon", "coordinates": [ [ [ 9.796865, 57.071979 ], [ 9.802637, 57.071943 ], [ 9.802569, 57.068799 ], [ 9.796798, 57.068836 ], [ 9.796865, 57.071979 ] ] ] } },
{ "type": "Feature", "properties": { "cell_id": 335, "area_m2": 122500.0, "bund": 72.0, "dybde": 97.1, "stroem": 73.5, "natur": 51.6 }, "geometry": { "type": "Polygon", "coordinates": [ [ [ 9.796933, 57.075123 ], [ 9.802705, 57.075086 ], [ 9.802637, 57.071943 ], [ 9.796865, 57.071979 ], [ 9.796933, 57.075123 ] ] ] } },
{ "type": "Feature", "properties": { "cell_id": 336, "area_m2": 122500.0, "bund": 66.6, "dybde": 97.7, "stroem": 72.7, "natur": 52.3 }, "geometry": { "type": "Polygon", "coordinates": [ [ [ 9.797, 57.078267 ], [ 9.802773, 57.07823 ], [ 9.802705, 57.075086 ], [ 9.796933, 57.075123 ], [ 9.797, 57.078267 ] ] ] } },
{ "type": "Feature", "properties": { "cell_id": 337, "area_m2": 122500.0, "bund": 61.3, "dybde": 97.7, "stroem": 71.8, "natur": 52.9 }, "geometry": { "type": "Polygon", "coordinates": [ [ [ 9.797067, 57.081411 ], [ 9.802841, 57.081374 ], [ 9.802773, 57.07823 ], [ 9.797, 57.078267 ], [ 9.797067, 57.081411 ] ] ] } },
{ "type": "Feature", "properties": { "cell_id": 338, "area_m2": 122500.0, "bund": 56.0, "dybde": 97.1, "stroem": 71.2, "natur": 53.2 }, "geometry": { "type": "Polygon", "coordinates": [ [ [ 9.797135, 57.084555 ], [ 9.802909, 57.084518 ], [ 9.802841, 57.081374 ], [ 9.797067, 57.081411 ], [ 9.797135, 57.084555 ] ] ] } },
{ "type": "Feature", "properties": { "cell_id": 339, "area_m2": 122500.0, "bund": 50.7, "dybde": 96.0, "stroem": 71.0, "natur": 53.3 }, "geometry": { "type": "Polygon", "coordinates": [ [ [ 9.797202, 57.087699 ], [ 9.802977, 57.087662 ], [ 9.802909, 57.084518 ], [ 9.797135, 57.084555 ], [ 9.797202, 57.087699 ] ] ] } },
{ "type": "Feature", "properties": { "cell_id": 340, "area_m2": 122500.0, "bund": 45.7, "dybde": 94.4, "stroem": 70.9, "natur": 53.2 }, "geometry": { "type": "Polygon", "coordinates": [ [ [ 9.79727, 57.090843 ], [ 9.803045, 57.090806 ], [ 9.802977, 57.087662 ], [ 9.797202, 57.087699 ], [ 9.79727, 57.090843 ] ] ] } },
{ "type": "Feature", "properties": { "cell_id": 341, "area_m2": 122500.0, "bund": 41.0, "dybde": 92.4, "stroem": 70.9, "natur": 52.8 }, "geometry": { "type": "Polygon", "coordinates": [ [ [ 9.797337, 57.093987 ], [ 9.803113, 57.09395 ], [ 9.803045, 57.090806 ], [ 9.79727, 57.090843 ], [ 9.797337, 57.093987 ] ] ] } },
{ "type": "Feature", "properties": { "cell_id": 342, "area_m2": 122500.0, "bund": 36.9, "dybde": 90.0, "stroem": 70.9, "natur": 52.3 }, "geometry": { "type": "Polygon", "coordinates": [ [ [ 9.797405, 57.09713 ], [ 9.803181, 57.097094 ], [ 9.803113, 57.09395 ], [ 9.797337, 57.093987 ], [ 9.797405, 57.09713 ] ] ] } },
{ "type": "Feature", "properties": { "cell_id": 343, "area_m2": 122500.0, "bund": 33.9, "dybde": 87.3, "stroem": 70.9, "natur": 51.5 }, "geometry": { "type": "Polygon", "coordinates": [ [ [ 9.797472, 57.100274 ], [ 9.803249, 57.100237 ], [ 9.803181, 57.097094 ], [ 9.797405, 57.09713 ], [ 9.797472, 57.100274 ] ] ] } },
{ "type": "Feature", "properties": { "cell_id": 344, "area_m2": 122500.0, "bund": 31.9, "dybde": 84.3, "stroem": 70.9, "natur": 50.7 }, "geometry": { "type": "Polygon", "coordinates": [ [ [ 9.79754, 57.103418 ], [ 9.803317, 57.103381 ], [ 9.803249, 57.100237 ], [ 9.797472, 57.100274 ], [ 9.79754, 57.103418 ] ] ] } },
{ "type": "Feature", "properties": { "cell_id": 345, "area_m2": 61017.9, "bund": 31.0, "dybde": 82.0, "stroem": 70.9, "natur": 50.0 }, "geometry": { "type": "Polygon", "coordinates": [ [ [ 9.79754, 57.103418 ], [ 9.797575, 57.105061 ], [ 9.803349, 57.10487 ], [ 9.803317, 57.103381 ], [ 9.79754, 57.103418 ] ] ] } },
{ "type": "Feature", "properties": { "cell_id": 346, "area_m2": 93110.8, "bund": 40.8, "dybde": 55.8, "stroem": 70.9, "natur": 42.4 }, "geometry": { "type": "Polygon", "coordinates": [ [ [ 9.807317, 57.021603 ], [ 9.807271, 57.019446 ], [ 9.80188, 57.019046 ], [ 9.801784, 57.019041 ], [ 9.801497, 57.019035 ], [ 9.801553, 57.02164 ], [ 9.807317, 57.021603 ] ] ] } },
{ "type": "Feature", "properties": { "cell_id": 347, "area_m2": 122500.0, "bund": 44.9, "dybde": 57.0, "stroem": 70.9, "natur": 42.3 }, "geometry": { "type": "Polygon", "coordinates": [ [ [ 9.801621, 57.024784 ], [ 9.807386, 57.024747 ], [ 9.807317, 57.021603 ], [ 9.801553, 57.02164 ], [ 9.801621, 57.024784 ] ] ] } },
{ "type": "Feature", "properties": { "cell_id": 348, "area_m2": 122500.0, "bund": 50.4, "dybde": 58.5, "stroem": 70.9, "natur": 42.3 }, "geometry": { "type": "Polygon", "coordinates": [ [ [ 9.801688, 57.027928 ], [ 9.807454, 57.027891 ], [ 9.807386, 57.024747 ], [ 9.801621, 57.024784 ], [ 9.801688, 57.027928 ] ] ] } },
{ "type": "Feature", "properties": { "cell_id": 349, "area_m2": 122500.0, "bund": 56.6, "dybde": 60.3, "stroem": 70.9, "natur": 42.4 }, "geometry": { "type": "Polygon", "coordinates": [ [ [ 9.801756, 57.031072 ], [ 9.807522, 57.031035 ], [ 9.807454, 57.027891 ], [ 9.801688, 57.027928 ], [ 9.801756, 57.031072 ] ] ] } },
{ "type": "Feature", "properties": { "cell_id": 350, "area_m2": 122500.0, "bund": 63.5, "dybde": 62.3, "stroem": 71.0, "natur": 42.5 }, "geometry": { "type": "Polygon", "coordinates": [ [ [ 9.801824, 57.034216 ], [ 9.80759, 57.034179 ], [ 9.807522, 57.031035 ], [ 9.801756, 57.031072 ], [ 9.801824, 57.034216 ] ] ] } },
{ "type": "Feature", "properties": { "cell_id": 351, "area_m2": 122500.0, "bund": 70.6, "dybde": 64.7, "stroem": 71.0, "natur": 42.7 }, "geometry": { "type": "Polygon", "coordinates": [ [ [ 9.801891, 57.03736 ], [ 9.807658, 57.037323 ], [ 9.80759, 57.034179 ], [ 9.801824, 57.034216 ], [ 9.801891, 57.03736 ] ] ] } },
{ "type": "Feature", "properties": { "cell_id": 352, "area_m2": 122500.0, "bund": 77.7, "dybde": 67.4, "stroem": 71.1, "natur": 43.0 }, "geometry": { "type": "Polygon", "coordinates": [ [ [ 9.801959, 57.040504 ], [ 9.807726, 57.040467 ], [ 9.807658, 57.037323 ], [ 9.801891, 57.03736 ], [ 9.801959, 57.040504 ] ] ] } },
{ "type": "Feature", "properties": { "cell_id": 353, "area_m2": 122500.0, "bund": 84.1, "dybde": 70.3, "stroem": 71.3, "natur": 43.4 }, "geometry": { "type": "Polygon", "coordinates": [ [ [ 9.802027, 57.043648 ], [ 9.807795, 57.043611 ], [ 9.807726, 57.040467 ], [ 9.801959, 57.040504 ], [ 9.802027, 57.043648 ] ] ] } },
{ "type": "Feature", "properties": { "cell_id": 354, "area_m2": 122500.0, "bund": 89.6, "dybde": 73.5, "stroem": 71.4, "natur": 44.0 }, "geometry": { "type": "Polygon", "coordinates": [ [ [ 9.802095, 57.046791 ], [ 9.807863, 57.046754 ], [ 9.807795, 57.043611 ], [ 9.802027, 57.043648 ], [ 9.802095, 57.046791 ] ] ] } },
{ "type": "Feature", "properties": { "cell_id": 355, "area_m2": 122500.0, "bund": 93.8, "dybde": 76.9, "stroem": 71.6, "natur": 44.7 }, "geometry": { "type": "Polygon", "coordinates": [ [ [ 9.802162, 57.049935 ], [ 9.807931, 57.049898 ], [ 9.807863, 57.046754 ], [ 9.802095, 57.046791 ], [ 9.802162, 57.049935 ] ] ] } },
{ "type": "Feature", "properties": { "cell_id": 356, "area_m2": 122500.0, "bund": 96.3, "dybde": 80.4, "stroem": 71.8, "natur": 45.6 }, "geometry": { "type": "Polygon", "coordinates": [ [ [ 9.80223, 57.053079 ], [ 9.807999, 57.053042 ], [ 9.807931, 57.049898 ], [ 9.802162, 57.049935 ], [ 9.80223, 57.053079 ] ] ] } },
{ "type": "Feature", "properties": { "cell_id": 357, "area_m2": 122500.0, "bund": 97.0, "dybde": 83.8, "stroem": 71.9, "natur": 46.6 }, "geometry": { "type": "Polygon", "coordinates": [ [ [ 9.802298, 57.056223 ], [ 9.808068, 57.056186 ], [ 9.807999, 57.053042 ], [ 9.80223, 57.053079 ], [ 9.802298, 57.056223 ] ] ] } },
{ "type": "Feature", "properties": { "cell_id": 358, "area_m2": 122500.0, "bund": 96.1, "dybde": 87.1, "stroem": 72.1, "natur": 47.8 }, "geometry": { "type": "Polygon", "coordinates": [ [ [ 9.802366, 57.059367 ], [ 9.808136, 57.05933 ], [ 9.808068, 57.056186 ], [ 9.802298, 57.056223 ], [ 9.802366, 57.059367 ] ] ] } },
{ "type": "Feature", "properties": { "cell_id": 359, "area_m2": 122500.0, "bund": 93.7, "dybde": 90.2, "stroem": 72.5, "natur": 49.0 }, "geometry": { "type": "Polygon", "coordinates": [ [ [ 9.802434, 57.062511 ], [ 9.808204, 57.062474 ], [ 9.808136, 57.05933 ], [ 9.802366, 57.059367 ], [ 9.802434, 57.062511 ] ] ] } },
{ "type": "Feature", "properties": { "cell_id": 360, "area_m2": 122500.0, "bund": 90.1, "dybde": 93.0, "stroem": 73.8, "natur": 50.4 }, "geometry": { "type": "Polygon", "coordinates": [ [ [ 9.802502, 57.065655 ], [ 9.808273, 57.065618 ], [ 9.808204, 57.062474 ], [ 9.802434, 57.062511 ], [ 9.802502, 57.065655 ] ] ] } },
{ "type": "Feature", "properties": { "cell_id": 361, "area_m2": 122500.0, "bund": 85.6, "dybde": 95.3, "stroem": 76.3, "natur": 51.7 }, "geometry": { "type": "Polygon", "coordinates": [ [ [ 9.802569, 57.068799 ], [ 9.808341, 57.068762 ], [ 9.808273, 57.065618 ], [ 9.802502, 57.065655 ], [ 9.802569, 57.068799 ] ] ] } },
{ "type": "Feature", "properties": { "cell_id": 362, "area_m2": 122500.0, "bund": 80.7, "dybde": 97.0, "stroem": 78.9, "natur": 53.0 }, "geometry": { "type": "Polygon", "coordinates": [ [ [ 9.802637, 57.071943 ], [ 9.808409, 57.071905 ], [ 9.808341, 57.068762 ], [ 9.802569, 57.068799 ], [ 9.802637, 57.071943 ] ] ] } },
{ "type": "Feature", "properties": { "cell_id": 363, "area_m2": 122500.0, "bund": 75.6, "dybde": 98.2, "stroem": 79.3, "natur": 54.1 }, "geometry": { "type": "Polygon", "coordinates": [ [ [ 9.802705, 57.075086 ], [ 9.808478, 57.075049 ], [ 9.808409, 57.071905 ], [ 9.802637, 57.071943 ], [ 9.802705, 57.075086 ] ] ] } },
{ "type": "Feature", "properties": { "cell_id": 364, "area_m2": 122500.0, "bund": 70.4, "dybde": 98.8, "stroem": 76.8, "natur": 55.1 }, "geometry": { "type": "Polygon", "coordinates": [ [ [ 9.802773, 57.07823 ], [ 9.808546, 57.078193 ], [ 9.808478, 57.075049 ], [ 9.802705, 57.075086 ], [ 9.802773, 57.07823 ] ] ] } },
{ "type": "Feature", "properties": { "cell_id": 365, "area_m2": 122500.0, "bund": 65.4, "dybde": 98.8, "stroem": 73.7, "natur": 55.9 }, "geometry": { "type": "Polygon", "coordinates": [ [ [ 9.802841, 57.081374 ], [ 9.808615, 57.081337 ], [ 9.808546, 57.078193 ], [ 9.802773, 57.07823 ], [ 9.802841, 57.081374 ] ] ] } },
{ "type": "Feature", "properties": { "cell_id": 366, "area_m2": 122500.0, "bund": 60.5, "dybde": 98.2, "stroem": 71.9, "natur": 56.3 }, "geometry": { "type": "Polygon", "coordinates": [ [ [ 9.802909, 57.084518 ], [ 9.808683, 57.084481 ], [ 9.808615, 57.081337 ], [ 9.802841, 57.081374 ], [ 9.802909, 57.084518 ] ] ] } },
{ "type": "Feature", "properties": { "cell_id": 367, "area_m2": 122500.0, "bund": 55.7, "dybde": 97.1, "stroem": 71.1, "natur": 56.5 }, "geometry": { "type": "Polygon", "coordinates": [ [ [ 9.802977, 57.087662 ], [ 9.808751, 57.087625 ], [ 9.808683, 57.084481 ], [ 9.802909, 57.084518 ], [ 9.802977, 57.087662 ] ] ] } },
{ "type": "Feature", "properties": { "cell_id": 368, "area_m2": 122500.0, "bund": 51.2, "dybde": 95.5, "stroem": 70.9, "natur": 56.3 }, "geometry": { "type": "Polygon", "coordinates": [ [ [ 9.803045, 57.090806 ], [ 9.80882, 57.090769 ], [ 9.808751, 57.087625 ], [ 9.802977, 57.087662 ], [ 9.803045, 57.090806 ] ] ] } },
{ "type": "Feature", "properties": { "cell_id": 369, "area_m2": 122500.0, "bund": 46.9, "dybde": 93.4, "stroem": 70.9, "natur": 55.8 }, "geometry": { "type": "Polygon", "coordinates": [ [ [ 9.803113, 57.09395 ], [ 9.808888, 57.093913 ], [ 9.80882, 57.090769 ], [ 9.803045, 57.090806 ], [ 9.803113, 57.09395 ] ] ] } },
{ "type": "Feature", "properties": { "cell_id": 370, "area_m2": 122500.0, "bund": 43.2, "dybde": 90.9, "stroem": 70.9, "natur": 55.1 }, "geometry": { "type": "Polygon", "coordinates": [ [ [ 9.803181, 57.097094 ], [ 9.808957, 57.097056 ], [ 9.808888, 57.093913 ], [ 9.803113, 57.09395 ], [ 9.803181, 57.097094 ] ] ] } },
{ "type": "Feature", "properties": { "cell_id": 371, "area_m2": 122500.0, "bund": 40.2, "dybde": 88.2, "stroem": 70.9, "natur": 54.1 }, "geometry": { "type": "Polygon", "coordinates": [ [ [ 9.803249, 57.100237 ], [ 9.809025, 57.1002 ], [ 9.808957, 57.097056 ], [ 9.803181, 57.097094 ], [ 9.803249, 57.100237 ] ] ] } },
{ "type": "Feature", "properties": { "cell_id": 372, "area_m2": 122500.0, "bund": 37.9, "dybde": 85.2, "stroem": 70.9, "natur": 53.0 }, "geometry": { "type": "Polygon", "coordinates": [ [ [ 9.803317, 57.103381 ], [ 9.809094, 57.103344 ], [ 9.809025, 57.1002 ], [ 9.803249, 57.100237 ], [ 9.803317, 57.103381 ] ] ] } },
{ "type": "Feature", "properties": { "cell_id": 373, "area_m2": 49608.6, "bund": 36.5, "dybde": 82.9, "stroem": 70.9, "natur": 52.1 }, "geometry": { "type": "Polygon", "coordinates": [ [ [ 9.803317, 57.103381 ], [ 9.803349, 57.10487 ], [ 9.803636, 57.10486 ], [ 9.803732, 57.104855 ], [ 9.809116, 57.104385 ], [ 9.809094, 57.103344 ], [ 9.803317, 57.103381 ] ] ] } },
{ "type": "Feature", "properties": { "cell_id": 374, "area_m2": 72627.4, "bund": 41.7, "dybde": 56.9, "stroem": 70.9, "natur": 42.1 }, "geometry": { "type": "Polygon", "coordinates": [ [ [ 9.813082, 57.021566 ], [ 9.813049, 57.020071 ], [ 9.809566, 57.01962 ], [ 9.809471, 57.01961 ], [ 9.807271, 57.019446 ], [ 9.807317, 57.021603 ], [ 9.813082, 57.021566 ] ] ] } },
{ "type": "Feature", "properties": { "cell_id": 375, "area_m2": 122500.0, "bund": 45.5, "dybde": 58.0, "stroem": 70.9, "natur": 42.1 }, "geometry": { "type": "Polygon", "coordinates": [ [ [ 9.807386, 57.024747 ], [ 9.81315, 57.02471 ], [ 9.813082, 57.021566 ], [ 9.807317, 57.021603 ], [ 9.807386, 57.024747 ] ] ] } },
{ "type": "Feature", "properties": { "cell_id": 376, "area_m2": 122500.0, "bund": 51.0, "dybde": 59.6, "stroem": 70.9, "natur": 42.1 }, "geometry": { "type": "Polygon", "coordinates": [ [ [ 9.807454, 57.027891 ], [ 9.813219, 57.027854 ], [ 9.81315, 57.02471 ], [ 9.807386, 57.024747 ], [ 9.807454, 57.027891 ] ] ] } },
{ "type": "Feature", "properties": { "cell_id": 377, "area_m2": 122500.0, "bund": 57.3, "dybde": 61.4, "stroem": 70.9, "natur": 42.1 }, "geometry": { "type": "Polygon", "coordinates": [ [ [ 9.807522, 57.031035 ], [ 9.813288, 57.030998 ], [ 9.813219, 57.027854 ], [ 9.807454, 57.027891 ], [ 9.807522, 57.031035 ] ] ] } },
{ "type": "Feature", "properties": { "cell_id": 378, "area_m2": 122500.0, "bund": 64.2, "dybde": 63.4, "stroem": 71.0, "natur": 42.3 }, "geometry": { "type": "Polygon", "coordinates": [ [ [ 9.80759, 57.034179 ], [ 9.813356, 57.034142 ], [ 9.813288, 57.030998 ], [ 9.807522, 57.031035 ], [ 9.80759, 57.034179 ] ] ] } },
{ "type": "Feature", "properties": { "cell_id": 379, "area_m2": 122500.0, "bund": 71.3, "dybde": 65.8, "stroem": 71.1, "natur": 42.5 }, "geometry": { "type": "Polygon", "coordinates": [ [ [ 9.807658, 57.037323 ], [ 9.813425, 57.037285 ], [ 9.813356, 57.034142 ], [ 9.80759, 57.034179 ], [ 9.807658, 57.037323 ] ] ] } },
{ "type": "Feature", "properties": { "cell_id": 380, "area_m2": 122500.0, "bund": 78.4, "dybde": 68.4, "stroem": 71.3, "natur": 42.9 }, "geometry": { "type": "Polygon", "coordinates": [ [ [ 9.807726, 57.040467 ], [ 9.813494, 57.040429 ], [ 9.813425, 57.037285 ], [ 9.807658, 57.037323 ], [ 9.807726, 57.040467 ] ] ] } },
{ "type": "Feature", "properties": { "cell_id": 381, "area_m2": 122500.0, "bund": 84.9, "dybde": 71.4, "stroem": 71.5, "natur": 43.4 }, "geometry": { "type": "Polygon", "coordinates": [ [ [ 9.807795, 57.043611 ], [ 9.813562, 57.043573 ], [ 9.813494, 57.040429 ], [ 9.807726, 57.040467 ], [ 9.807795, 57.043611 ] ] ] } },
{ "type": "Feature", "properties": { "cell_id": 382, "area_m2": 122500.0, "bund": 90.5, "dybde": 74.6, "stroem": 71.8, "natur": 44.2 }, "geometry": { "type": "Polygon", "coordinates": [ [ [ 9.807863, 57.046754 ], [ 9.813631, 57.046717 ], [ 9.813562, 57.043573 ], [ 9.807795, 57.043611 ], [ 9.807863, 57.046754 ] ] ] } },
{ "type": "Feature", "properties": { "cell_id": 383, "area_m2": 122500.0, "bund": 94.8, "dybde": 77.9, "stroem": 72.1, "natur": 45.1 }, "geometry": { "type": "Polygon", "coordinates": [ [ [ 9.807931, 57.049898 ], [ 9.8137, 57.049861 ], [ 9.813631, 57.046717 ], [ 9.807863, 57.046754 ], [ 9.807931, 57.049898 ] ] ] } },
{ "type": "Feature", "properties": { "cell_id": 384, "area_m2": 122500.0, "bund": 97.5, "dybde": 81.4, "stroem": 72.4, "natur": 46.2 }, "geometry": { "type": "Polygon", "coordinates": [ [ [ 9.807999, 57.053042 ], [ 9.813769, 57.053005 ], [ 9.8137, 57.049861 ], [ 9.807931, 57.049898 ], [ 9.807999, 57.053042 ] ] ] } },
{ "type": "Feature", "properties": { "cell_id": 385, "area_m2": 122500.0, "bund": 98.5, "dybde": 84.8, "stroem": 72.6, "natur": 47.5 }, "geometry": { "type": "Polygon", "coordinates": [ [ [ 9.808068, 57.056186 ], [ 9.813837, 57.056149 ], [ 9.813769, 57.053005 ], [ 9.807999, 57.053042 ], [ 9.808068, 57.056186 ] ] ] } },
{ "type": "Feature", "properties": { "cell_id": 386, "area_m2": 122500.0, "bund": 97.9, "dybde": 88.1, "stroem": 72.9, "natur": 49.0 }, "geometry": { "type": "Polygon", "coordinates": [ [ [ 9.808136, 57.05933 ], [ 9.813906, 57.059293 ], [ 9.813837, 57.056149 ], [ 9.808068, 57.056186 ], [ 9.808136, 57.05933 ] ] ] } },
{ "type": "Feature", "properties": { "cell_id": 387, "area_m2": 122500.0, "bund": 95.8, "dybde": 91.2, "stroem": 73.9, "natur": 50.6 }, "geometry": { "type": "Polygon", "coordinates": [ [ [ 9.808204, 57.062474 ], [ 9.813975, 57.062436 ], [ 9.813906, 57.059293 ], [ 9.808136, 57.05933 ], [ 9.808204, 57.062474 ] ] ] } },
{ "type": "Feature", "properties": { "cell_id": 388, "area_m2": 122500.0, "bund": 92.5, "dybde": 93.9, "stroem": 76.9, "natur": 52.3 }, "geometry": { "type": "Polygon", "coordinates": [ [ [ 9.808273, 57.065618 ], [ 9.814044, 57.06558 ], [ 9.813975, 57.062436 ], [ 9.808204, 57.062474 ], [ 9.808273, 57.065618 ] ] ] } },
{ "type": "Feature", "properties": { "cell_id": 389, "area_m2": 122500.0, "bund": 88.4, "dybde": 96.1, "stroem": 82.8, "natur": 54.0 }, "geometry": { "type": "Polygon", "coordinates": [ [ [ 9.808341, 57.068762 ], [ 9.814113, 57.068724 ], [ 9.814044, 57.06558 ], [ 9.808273, 57.065618 ], [ 9.808341, 57.068762 ] ] ] } },
{ "type": "Feature", "properties": { "cell_id": 390, "area_m2": 122500.0, "bund": 83.7, "dybde": 97.9, "stroem": 88.9, "natur": 55.7 }, "geometry": { "type": "Polygon", "coordinates": [ [ [ 9.808409, 57.071905 ], [ 9.814181, 57.071868 ], [ 9.814113, 57.068724 ], [ 9.808341, 57.068762 ], [ 9.808409, 57.071905 ] ] ] } },
{ "type": "Feature", "properties": { "cell_id": 391, "area_m2": 122500.0, "bund": 78.8, "dybde": 99.0, "stroem": 89.7, "natur": 57.1 }, "geometry": { "type": "Polygon", "coordinates": [ [ [ 9.808478, 57.075049 ], [ 9.81425, 57.075012 ], [ 9.814181, 57.071868 ], [ 9.808409, 57.071905 ], [ 9.808478, 57.075049 ] ] ] } },
{ "type": "Feature", "properties": { "cell_id": 392, "area_m2": 122500.0, "bund": 73.8, "dybde": 99.6, "stroem": 84.2, "natur": 58.4 }, "geometry": { "type": "Polygon", "coordinates": [ [ [ 9.808546, 57.078193 ], [ 9.814319, 57.078156 ], [ 9.81425, 57.075012 ], [ 9.808478, 57.075049 ], [ 9.808546, 57.078193 ] ] ] } },
{ "type": "Feature", "properties": { "cell_id": 393, "area_m2": 122500.0, "bund": 68.9, "dybde": 99.6, "stroem": 77.3, "natur": 59.3 }, "geometry": { "type": "Polygon", "coordinates": [ [ [ 9.808615, 57.081337 ], [ 9.814388, 57.0813 ], [ 9.814319, 57.078156 ], [ 9.808546, 57.078193 ], [ 9.808615, 57.081337 ] ] ] } },
{ "type": "Feature", "properties": { "cell_id": 394, "area_m2": 122500.0, "bund": 64.3, "dybde": 99.0, "stroem": 73.0, "natur": 59.9 }, "geometry": { "type": "Polygon", "coordinates": [ [ [ 9.808683, 57.084481 ], [ 9.814457, 57.084444 ], [ 9.814388, 57.0813 ], [ 9.808615, 57.081337 ], [ 9.808683, 57.084481 ] ] ] } },
{ "type": "Feature", "properties": { "cell_id": 395, "area_m2": 122500.0, "bund": 59.8, "dybde": 97.8, "stroem": 71.4, "natur": 60.1 }, "geometry": { "type": "Polygon", "coordinates": [ [ [ 9.808751, 57.087625 ], [ 9.814526, 57.087587 ], [ 9.814457, 57.084444 ], [ 9.808683, 57.084481 ], [ 9.808751, 57.087625 ] ] ] } },
{ "type": "Feature", "properties": { "cell_id": 396, "area_m2": 122500.0, "bund": 55.6, "dybde": 96.1, "stroem": 71.0, "natur": 59.9 }, "geometry": { "type": "Polygon", "coordinates": [ [ [ 9.80882, 57.090769 ], [ 9.814595, 57.090731 ], [ 9.814526, 57.087587 ], [ 9.808751, 57.087625 ], [ 9.80882, 57.090769 ] ] ] } },
{ "type": "Feature", "properties": { "cell_id": 397, "area_m2": 122500.0, "bund": 51.7, "dybde": 94.0, "stroem": 70.9, "natur": 59.3 }, "geometry": { "type": "Polygon", "coordinates": [ [ [ 9.808888, 57.093913 ], [ 9.814664, 57.093875 ], [ 9.814595, 57.090731 ], [ 9.80882, 57.090769 ], [ 9.808888, 57.093913 ] ] ] } },
{ "type": "Feature", "properties": { "cell_id": 398, "area_m2": 122500.0, "bund": 48.2, "dybde": 91.5, "stroem": 70.9, "natur": 58.4 }, "geometry": { "type": "Polygon", "coordinates": [ [ [ 9.808957, 57.097056 ], [ 9.814733, 57.097019 ], [ 9.814664, 57.093875 ], [ 9.808888, 57.093913 ], [ 9.808957, 57.097056 ] ] ] } },
{ "type": "Feature", "properties": { "cell_id": 399, "area_m2": 122500.0, "bund": 45.1, "dybde": 88.7, "stroem": 70.9, "natur": 57.2 }, "geometry": { "type": "Polygon", "coordinates": [ [ [ 9.809025, 57.1002 ], [ 9.814802, 57.100163 ], [ 9.814733, 57.097019 ], [ 9.808957, 57.097056 ], [ 9.809025, 57.1002 ] ] ] } },
{ "type": "Feature", "properties": { "cell_id": 400, "area_m2": 122500.0, "bund": 42.5, "dybde": 85.7, "stroem": 70.9, "natur": 55.8 }, "geometry": { "type": "Polygon", "coordinates": [ [ [ 9.809094, 57.103344 ], [ 9.814871, 57.103307 ], [ 9.814802, 57.100163 ], [ 9.809025, 57.1002 ], [ 9.809094, 57.103344 ] ] ] } },
{ "type": "Feature", "properties": { "cell_id": 401, "area_m2": 29125.2, "bund": 40.8, "dybde": 83.7, "stroem": 70.9, "natur": 54.6 }, "geometry": { "type": "Polygon", "coordinates": [ [ [ 9.809094, 57.103344 ], [ 9.809116, 57.104385 ], [ 9.811314, 57.104193 ], [ 9.811409, 57.104182 ], [ 9.814879, 57.103685 ], [ 9.814871, 57.103307 ], [ 9.809094, 57.103344 ] ] ] } },
{ "type": "Feature", "properties": { "cell_id": 402, "area_m2": 42279.7, "bund": 42.6, "dybde": 58.3, "stroem": 70.9, "natur": 41.8 }, "geometry": { "type": "Polygon", "coordinates": [ [ [ 9.818846, 57.021528 ], [ 9.818833, 57.020924 ], [ 9.817112, 57.020601 ], [ 9.817019, 57.020587 ], [ 9.813049, 57.020071 ], [ 9.813082, 57.021566 ], [ 9.818846, 57.021528 ] ] ] } },
{ "type": "Feature", "properties": { "cell_id": 403, "area_m2": 122500.0, "bund": 45.9, "dybde": 59.3, "stroem": 70.9, "natur": 41.7 }, "geometry": { "type": "Polygon", "coordinates": [ [ [ 9.81315, 57.02471 ], [ 9.818915, 57.024672 ], [ 9.818846, 57.021528 ], [ 9.813082, 57.021566 ], [ 9.81315, 57.02471 ] ] ] } },
{ "type": "Feature", "properties": { "cell_id": 404, "area_m2": 122500.0, "bund": 51.4, "dybde": 60.9, "stroem": 70.9, "natur": 41.7 }, "geometry": { "type": "Polygon", "coordinates": [ [ [ 9.813219, 57.027854 ], [ 9.818984, 57.027816 ], [ 9.818915, 57.024672 ], [ 9.81315, 57.02471 ], [ 9.813219, 57.027854 ] ] ] } },
{ "type": "Feature", "properties": { "cell_id": 405, "area_m2": 122500.0, "bund": 57.7, "dybde": 62.7, "stroem": 71.0, "natur": 41.7 }, "geometry": { "type": "Polygon", "coordinates": [ [ [ 9.813288, 57.030998 ], [ 9.819053, 57.03096 ], [ 9.818984, 57.027816 ], [ 9.813219, 57.027854 ], [ 9.813288, 57.030998 ] ] ] } },
{ "type": "Feature", "properties": { "cell_id": 406, "area_m2": 122500.0, "bund": 64.6, "dybde": 64.8, "stroem": 71.1, "natur": 41.9 }, "geometry": { "type": "Polygon", "coordinates": [ [ [ 9.813356, 57.034142 ], [ 9.819122, 57.034104 ], [ 9.819053, 57.03096 ], [ 9.813288, 57.030998 ], [ 9.813356, 57.034142 ] ] ] } },
{ "type": "Feature", "properties": { "cell_id": 407, "area_m2": 122500.0, "bund": 71.8, "dybde": 67.1, "stroem": 71.3, "natur": 42.2 }, "geometry": { "type": "Polygon", "coordinates": [ [ [ 9.813425, 57.037285 ], [ 9.819192, 57.037248 ], [ 9.819122, 57.034104 ], [ 9.813356, 57.034142 ], [ 9.813425, 57.037285 ] ] ] } },
{ "type": "Feature", "properties": { "cell_id": 408, "area_m2": 122500.0, "bund": 78.8, "dybde": 69.8, "stroem": 71.6, "natur": 42.7 }, "geometry": { "type": "Polygon", "coordinates": [ [ [ 9.813494, 57.040429 ], [ 9.819261, 57.040392 ], [ 9.819192, 57.037248 ], [ 9.813425, 57.037285 ], [ 9.813494, 57.040429 ] ] ] } },
{ "type": "Feature", "properties": { "cell_id": 409, "area_m2": 122500.0, "bund": 85.4, "dybde": 72.7, "stroem": 71.9, "natur": 43.4 }, "geometry": { "type": "Polygon", "coordinates": [ [ [ 9.813562, 57.043573 ], [ 9.81933, 57.043536 ], [ 9.819261, 57.040392 ], [ 9.813494, 57.040429 ], [ 9.813562, 57.043573 ] ] ] } },
{ "type": "Feature", "properties": { "cell_id": 410, "area_m2": 122500.0, "bund": 91.0, "dybde": 75.8, "stroem": 72.3, "natur": 44.3 }, "geometry": { "type": "Polygon", "coordinates": [ [ [ 9.813631, 57.046717 ], [ 9.819399, 57.046679 ], [ 9.81933, 57.043536 ], [ 9.813562, 57.043573 ], [ 9.813631, 57.046717 ] ] ] } },
{ "type": "Feature", "properties": { "cell_id": 411, "area_m2": 122500.0, "bund": 95.5, "dybde": 79.1, "stroem": 72.8, "natur": 45.4 }, "geometry": { "type": "Polygon", "coordinates": [ [ [ 9.8137, 57.049861 ], [ 9.819468, 57.049823 ], [ 9.819399, 57.046679 ], [ 9.813631, 57.046717 ], [ 9.8137, 57.049861 ] ] ] } },
{ "type": "Feature", "properties": { "cell_id": 412, "area_m2": 122500.0, "bund": 98.4, "dybde": 82.4, "stroem": 73.2, "natur": 46.8 }, "geometry": { "type": "Polygon", "coordinates": [ [ [ 9.813769, 57.053005 ], [ 9.819538, 57.052967 ], [ 9.819468, 57.049823 ], [ 9.8137, 57.049861 ], [ 9.813769, 57.053005 ] ] ] } },
{ "type": "Feature", "properties": { "cell_id": 413, "area_m2": 122500.0, "bund": 99.6, "dybde": 85.8, "stroem": 73.6, "natur": 48.4 }, "geometry": { "type": "Polygon", "coordinates": [ [ [ 9.813837, 57.056149 ], [ 9.819607, 57.056111 ], [ 9.819538, 57.052967 ], [ 9.813769, 57.053005 ], [ 9.813837, 57.056149 ] ] ] } },
{ "type": "Feature", "properties": { "cell_id": 414, "area_m2": 122500.0, "bund": 99.3, "dybde": 89.0, "stroem": 74.1, "natur": 50.3 }, "geometry": { "type": "Polygon", "coordinates": [ [ [ 9.813906, 57.059293 ], [ 9.819676, 57.059255 ], [ 9.819607, 57.056111 ], [ 9.813837, 57.056149 ], [ 9.813906, 57.059293 ] ] ] } },
{ "type": "Feature", "properties": { "cell_id": 415, "area_m2": 122500.0, "bund": 97.5, "dybde": 92.0, "stroem": 75.5, "natur": 52.3 }, "geometry": { "type": "Polygon", "coordinates": [ [ [ 9.813975, 57.062436 ], [ 9.819746, 57.062399 ], [ 9.819676, 57.059255 ], [ 9.813906, 57.059293 ], [ 9.813975, 57.062436 ] ] ] } },
{ "type": "Feature", "properties": { "cell_id": 416, "area_m2": 122500.0, "bund": 94.5, "dybde": 94.6, "stroem": 80.0, "natur": 54.5 }, "geometry": { "type": "Polygon", "coordinates": [ [ [ 9.814044, 57.06558 ], [ 9.819815, 57.065543 ], [ 9.819746, 57.062399 ], [ 9.813975, 57.062436 ], [ 9.814044, 57.06558 ] ] ] } },
{ "type": "Feature", "properties": { "cell_id": 417, "area_m2": 122500.0, "bund": 90.6, "dybde": 96.7, "stroem": 88.9, "natur": 56.6 }, "geometry": { "type": "Polygon", "coordinates": [ [ [ 9.814113, 57.068724 ], [ 9.819884, 57.068687 ], [ 9.819815, 57.065543 ], [ 9.814044, 57.06558 ], [ 9.814113, 57.068724 ] ] ] } },
{ "type": "Feature", "properties": { "cell_id": 418, "area_m2": 122500.0, "bund": 86.1, "dybde": 98.4, "stroem": 98.1, "natur": 58.7 }, "geometry": { "type": "Polygon", "coordinates": [ [ [ 9.814181, 57.071868 ], [ 9.819953, 57.07183 ], [ 9.819884, 57.068687 ], [ 9.814113, 57.068724 ], [ 9.814181, 57.071868 ] ] ] } },
{ "type": "Feature", "properties": { "cell_id": 419, "area_m2": 122500.0, "bund": 81.3, "dybde": 99.5, "stroem": 99.4, "natur": 60.6 }, "geometry": { "type": "Polygon", "coordinates": [ [ [ 9.81425, 57.075012 ], [ 9.820023, 57.074974 ], [ 9.819953, 57.07183 ], [ 9.814181, 57.071868 ], [ 9.81425, 57.075012 ] ] ] } },
{ "type": "Feature", "properties": { "cell_id": 420, "area_m2": 122500.0, "bund": 76.5, "dybde": 100.0, "stroem": 91.0, "natur": 62.1 }, "geometry": { "type": "Polygon", "coordinates": [ [ [ 9.814319, 57.078156 ], [ 9.820092, 57.078118 ], [ 9.820023, 57.074974 ], [ 9.81425, 57.075012 ], [ 9.814319, 57.078156 ] ] ] } },
{ "type": "Feature", "properties": { "cell_id": 421, "area_m2": 122500.0, "bund": 71.8, "dybde": 99.9, "stroem": 80.5, "natur": 63.3 }, "geometry": { "type": "Polygon", "coordinates": [ [ [ 9.814388, 57.0813 ], [ 9.820162, 57.081262 ], [ 9.820092, 57.078118 ], [ 9.814319, 57.078156 ], [ 9.814388, 57.0813 ] ] ] } },
{ "type": "Feature", "properties": { "cell_id": 422, "area_m2": 122500.0, "bund": 67.3, "dybde": 99.2, "stroem": 74.1, "natur": 64.1 }, "geometry": { "type": "Polygon", "coordinates": [ [ [ 9.814457, 57.084444 ], [ 9.820231, 57.084406 ], [ 9.820162, 57.081262 ], [ 9.814388, 57.0813 ], [ 9.814457, 57.084444 ] ] ] } },
{ "type": "Feature", "properties": { "cell_id": 423, "area_m2": 122500.0, "bund": 63.0, "dybde": 98.0, "stroem": 71.7, "natur": 64.3 }, "geometry": { "type": "Polygon", "coordinates": [ [ [ 9.814526, 57.087587 ], [ 9.8203, 57.08755 ], [ 9.820231, 57.084406 ], [ 9.814457, 57.084444 ], [ 9.814526, 57.087587 ] ] ] } },
{ "type": "Feature", "properties": { "cell_id": 424, "area_m2": 122500.0, "bund": 58.9, "dybde": 96.3, "stroem": 71.1, "natur": 64.1 }, "geometry": { "type": "Polygon", "coordinates": [ [ [ 9.814595, 57.090731 ], [ 9.82037, 57.090694 ], [ 9.8203, 57.08755 ], [ 9.814526, 57.087587 ], [ 9.814595, 57.090731 ] ] ] } },
{ "type": "Feature", "properties": { "cell_id": 425, "area_m2": 122500.0, "bund": 55.2, "dybde": 94.2, "stroem": 71.0, "natur": 63.3 }, "geometry": { "type": "Polygon", "coordinates": [ [ [ 9.814664, 57.093875 ], [ 9.820439, 57.093837 ], [ 9.82037, 57.090694 ], [ 9.814595, 57.090731 ], [ 9.814664, 57.093875 ] ] ] } },
{ "type": "Feature", "properties": { "cell_id": 426, "area_m2": 122500.0, "bund": 51.7, "dybde": 91.6, "stroem": 70.9, "natur": 62.2 }, "geometry": { "type": "Polygon", "coordinates": [ [ [ 9.814733, 57.097019 ], [ 9.820509, 57.096981 ], [ 9.820439, 57.093837 ], [ 9.814664, 57.093875 ], [ 9.814733, 57.097019 ] ] ] } },
{ "type": "Feature", "properties": { "cell_id": 427, "area_m2": 122500.0, "bund": 48.6, "dybde": 88.8, "stroem": 70.9, "natur": 60.7 }, "geometry": { "type": "Polygon", "coordinates": [ [ [ 9.814802, 57.100163 ], [ 9.820578, 57.100125 ], [ 9.820509, 57.096981 ], [ 9.814733, 57.097019 ], [ 9.814802, 57.100163 ] ] ] } },
{ "type": "Feature", "properties": { "cell_id": 428, "area_m2": 117741.0, "bund": 45.8, "dybde": 85.8, "stroem": 70.9, "natur": 58.9 }, "geometry": { "type": "Polygon", "coordinates": [ [ [ 9.814802, 57.100163 ], [ 9.814871, 57.103307 ], [ 9.817644, 57.103289 ], [ 9.818834, 57.103118 ], [ 9.818927, 57.103102 ], [ 9.820636, 57.102757 ], [ 9.820578, 57.100125 ], [ 9.814802, 57.100163 ] ] ] } },
{ "type": "Feature", "properties": { "cell_id": 429, "area_m2": 117792.1, "bund": 46.1, "dybde": 60.9, "stroem": 70.9, "natur": 41.3 }, "geometry": { "type": "Polygon", "coordinates": [ [ [ 9.818915, 57.024672 ], [ 9.82468, 57.024634 ], [ 9.824622, 57.022025 ], [ 9.824446, 57.021981 ], [ 9.824356, 57.021962 ], [ 9.821942, 57.021508 ], [ 9.818846, 57.021528 ], [ 9.818915, 57.024672 ] ] ] } },
{ "type": "Feature", "properties": { "cell_id": 430, "area_m2": 122500.0, "bund": 51.6, "dybde": 62.5, "stroem": 71.0, "natur": 41.2 }, "geometry": { "type": "Polygon", "coordinates": [ [ [ 9.818984, 57.027816 ], [ 9.824749, 57.027778 ], [ 9.82468, 57.024634 ], [ 9.818915, 57.024672 ], [ 9.818984, 57.027816 ] ] ] } },
{ "type": "Feature", "properties": { "cell_id": 431, "area_m2": 122500.0, "bund": 57.8, "dybde": 64.3, "stroem": 71.1, "natur": 41.3 }, "geometry": { "type": "Polygon", "coordinates": [ [ [ 9.819053, 57.03096 ], [ 9.824819, 57.030922 ], [ 9.824749, 57.027778 ], [ 9.818984, 57.027816 ], [ 9.819053, 57.03096 ] ] ] } },
{ "type": "Feature", "properties": { "cell_id": 432, "area_m2": 122500.0, "bund": 64.7, "dybde": 66.4, "stroem": 71.3, "natur": 41.4 }, "geometry": { "type": "Polygon", "coordinates": [ [ [ 9.819122, 57.034104 ], [ 9.824889, 57.034066 ], [ 9.824819, 57.030922 ], [ 9.819053, 57.03096 ], [ 9.819122, 57.034104 ] ] ] } },
{ "type": "Feature", "properties": { "cell_id": 433, "area_m2": 122500.0, "bund": 71.8, "dybde": 68.7, "stroem": 71.5, "natur": 41.8 }, "geometry": { "type": "Polygon", "coordinates": [ [ [ 9.819192, 57.037248 ], [ 9.824958, 57.03721 ], [ 9.824889, 57.034066 ], [ 9.819122, 57.034104 ], [ 9.819192, 57.037248 ] ] ] } },
{ "type": "Feature", "properties": { "cell_id": 434, "area_m2": 122500.0, "bund": 78.8, "dybde": 71.3, "stroem": 71.9, "natur": 42.4 }, "geometry": { "type": "Polygon", "coordinates": [ [ [ 9.819261, 57.040392 ], [ 9.825028, 57.040354 ], [ 9.824958, 57.03721 ], [ 9.819192, 57.037248 ], [ 9.819261, 57.040392 ] ] ] } },
{ "type": "Feature", "properties": { "cell_id": 435, "area_m2": 122500.0, "bund": 85.3, "dybde": 74.1, "stroem": 72.5, "natur": 43.2 }, "geometry": { "type": "Polygon", "coordinates": [ [ [ 9.81933, 57.043536 ], [ 9.825098, 57.043498 ], [ 9.825028, 57.040354 ], [ 9.819261, 57.040392 ], [ 9.81933, 57.043536 ] ] ] } },
{ "type": "Feature", "properties": { "cell_id": 436, "area_m2": 122500.0, "bund": 91.0, "dybde": 77.1, "stroem": 73.1, "natur": 44.3 }, "geometry": { "type": "Polygon", "coordinates": [ [ [ 9.819399, 57.046679 ], [ 9.825167, 57.046642 ], [ 9.825098, 57.043498 ], [ 9.81933, 57.043536 ], [ 9.819399, 57.046679 ] ] ] } },
{ "type": "Feature", "properties": { "cell_id": 437, "area_m2": 122500.0, "bund": 95.5, "dybde": 80.3, "stroem": 73.7, "natur": 45.7 }, "geometry": { "type": "Polygon", "coordinates": [ [ [ 9.819468, 57.049823 ], [ 9.825237, 57.049786 ], [ 9.825167, 57.046642 ], [ 9.819399, 57.046679 ], [ 9.819468, 57.049823 ] ] ] } },
{ "type": "Feature", "properties": { "cell_id": 438, "area_m2": 122500.0, "bund": 98.5, "dybde": 83.5, "stroem": 74.4, "natur": 47.4 }, "geometry": { "type": "Polygon", "coordinates": [ [ [ 9.819538, 57.052967 ], [ 9.825307, 57.052929 ], [ 9.825237, 57.049786 ], [ 9.819468, 57.049823 ], [ 9.819538, 57.052967 ] ] ] } },
{ "type": "Feature", "properties": { "cell_id": 439, "area_m2": 122500.0, "bund": 100.0, "dybde": 86.7, "stroem": 74.8, "natur": 49.4 }, "geometry": { "type": "Polygon", "coordinates": [ [ [ 9.819607, 57.056111 ], [ 9.825377, 57.056073 ], [ 9.825307, 57.052929 ], [ 9.819538, 57.052967 ], [ 9.819607, 57.056111 ] ] ] } },
{ "type": "Feature", "properties": { "cell_id": 440, "area_m2": 122500.0, "bund": 99.9, "dybde": 89.8, "stroem": 75.3, "natur": 51.7 }, "geometry": { "type": "Polygon", "coordinates": [ [ [ 9.819676, 57.059255 ], [ 9.825446, 57.059217 ], [ 9.825377, 57.056073 ], [ 9.819607, 57.056111 ], [ 9.819676, 57.059255 ] ] ] } },
{ "type": "Feature", "properties": { "cell_id": 441, "area_m2": 122500.0, "bund": 98.3, "dybde": 92.6, "stroem": 76.7, "natur": 54.2 }, "geometry": { "type": "Polygon", "coordinates": [ [ [ 9.819746, 57.062399 ], [ 9.825516, 57.062361 ], [ 9.825446, 57.059217 ], [ 9.819676, 57.059255 ], [ 9.819746, 57.062399 ] ] ] } },
{ "type": "Feature", "properties": { "cell_id": 442, "area_m2": 122500.0, "bund": 95.6, "dybde": 95.0, "stroem": 81.1, "natur": 56.8 }, "geometry": { "type": "Polygon", "coordinates": [ [ [ 9.819815, 57.065543 ], [ 9.825586, 57.065505 ], [ 9.825516, 57.062361 ], [ 9.819746, 57.062399 ], [ 9.819815, 57.065543 ] ] ] } },
{ "type": "Feature", "properties": { "cell_id": 443, "area_m2": 122500.0, "bund": 91.9, "dybde": 97.1, "stroem": 89.9, "natur": 59.4 }, "geometry": { "type": "Polygon", "coordinates": [ [ [ 9.819884, 57.068687 ], [ 9.825656, 57.068649 ], [ 9.825586, 57.065505 ], [ 9.819815, 57.065543 ], [ 9.819884, 57.068687 ] ] ] } },
{ "type": "Feature", "properties": { "cell_id": 444, "area_m2": 122500.0, "bund": 87.6, "dybde": 98.6, "stroem": 98.9, "natur": 62.0 }, "geometry": { "type": "Polygon", "coordinates": [ [ [ 9.819953, 57.07183 ], [ 9.825726, 57.071793 ], [ 9.825656, 57.068649 ], [ 9.819884, 57.068687 ], [ 9.819953, 57.07183 ] ] ] } },
{ "type": "Feature", "properties": { "cell_id": 445, "area_m2": 122500.0, "bund": 83.0, "dybde": 99.6, "stroem": 100.0, "natur": 64.3 }, "geometry": { "type": "Polygon", "coordinates": [ [ [ 9.820023, 57.074974 ], [ 9.825795, 57.074936 ], [ 9.825726, 57.071793 ], [ 9.819953, 57.07183 ], [ 9.820023, 57.074974 ] ] ] } },
{ "type": "Feature", "properties": { "cell_id": 446, "area_m2": 122500.0, "bund": 78.3, "dybde": 100.0, "stroem": 91.5, "natur": 66.2 }, "geometry": { "type": "Polygon", "coordinates": [ [ [ 9.820092, 57.078118 ], [ 9.825865, 57.07808 ], [ 9.825795, 57.074936 ], [ 9.820023, 57.074974 ], [ 9.820092, 57.078118 ] ] ] } },
{ "type": "Feature", "properties": { "cell_id": 447, "area_m2": 122500.0, "bund": 73.7, "dybde": 99.8, "stroem": 80.8, "natur": 67.7 }, "geometry": { "type": "Polygon", "coordinates": [ [ [ 9.820162, 57.081262 ], [ 9.825935, 57.081224 ], [ 9.825865, 57.07808 ], [ 9.820092, 57.078118 ], [ 9.820162, 57.081262 ] ] ] } },
{ "type": "Feature", "properties": { "cell_id": 448, "area_m2": 122500.0, "bund": 69.3, "dybde": 99.1, "stroem": 74.2, "natur": 68.6 }, "geometry": { "type": "Polygon", "coordinates": [ [ [ 9.820231, 57.084406 ], [ 9.826005, 57.084368 ], [ 9.825935, 57.081224 ], [ 9.820162, 57.081262 ], [ 9.820231, 57.084406 ] ] ] } },
{ "type": "Feature", "properties": { "cell_id": 449, "area_m2": 122500.0, "bund": 65.2, "dybde": 97.8, "stroem": 71.8, "natur": 69.0 }, "geometry": { "type": "Polygon", "coordinates": [ [ [ 9.8203, 57.08755 ], [ 9.826075, 57.087512 ], [ 9.826005, 57.084368 ], [ 9.820231, 57.084406 ], [ 9.8203, 57.08755 ] ] ] } },
{ "type": "Feature", "properties": { "cell_id": 450, "area_m2": 122500.0, "bund": 61.2, "dybde": 96.1, "stroem": 71.1, "natur": 68.7 }, "geometry": { "type": "Polygon", "coordinates": [ [ [ 9.82037, 57.090694 ], [ 9.826145, 57.090656 ], [ 9.826075, 57.087512 ], [ 9.8203, 57.08755 ], [ 9.82037, 57.090694 ] ] ] } },
{ "type": "Feature", "properties": { "cell_id": 451, "area_m2": 122500.0, "bund": 57.5, "dybde": 93.9, "stroem": 71.0, "natur": 67.8 }, "geometry": { "type": "Polygon", "coordinates": [ [ [ 9.820439, 57.093837 ], [ 9.826215, 57.0938 ], [ 9.826145, 57.090656 ], [ 9.82037, 57.090694 ], [ 9.820439, 57.093837 ] ] ] } },
{ "type": "Feature", "properties": { "cell_id": 452, "area_m2": 122500.0, "bund": 54.1, "dybde": 91.4, "stroem": 70.9, "natur": 66.4 }, "geometry": { "type": "Polygon", "coordinates": [ [ [ 9.820509, 57.096981 ], [ 9.826285, 57.096943 ], [ 9.826215, 57.0938 ], [ 9.820439, 57.093837 ], [ 9.820509, 57.096981 ] ] ] } },
{ "type": "Feature", "properties": { "cell_id": 453, "area_m2": 122500.0, "bund": 50.9, "dybde": 88.6, "stroem": 70.9, "natur": 64.6 }, "geometry": { "type": "Polygon", "coordinates": [ [ [ 9.820578, 57.100125 ], [ 9.826355, 57.100087 ], [ 9.826285, 57.096943 ], [ 9.820509, 57.096981 ], [ 9.820578, 57.100125 ] ] ] } },
{ "type": "Feature", "properties": { "cell_id": 454, "area_m2": 80610.5, "bund": 48.3, "dybde": 86.1, "stroem": 70.9, "natur": 62.6 }, "geometry": { "type": "Polygon", "coordinates": [ [ [ 9.820578, 57.100125 ], [ 9.820636, 57.102757 ], [ 9.826125, 57.101647 ], [ 9.826214, 57.101626 ], [ 9.826388, 57.10158 ], [ 9.826355, 57.100087 ], [ 9.820578, 57.100125 ] ] ] } },
{ "type": "Feature", "properties": { "cell_id": 455, "area_m2": 72703.9, "bund": 46.8, "dybde": 62.9, "stroem": 71.0, "natur": 40.7 }, "geometry": { "type": "Polygon", "coordinates": [ [ [ 9.830444, 57.024596 ], [ 9.830419, 57.023474 ], [ 9.824622, 57.022025 ], [ 9.82468, 57.024634 ], [ 9.830444, 57.024596 ] ] ] } },
{ "type": "Feature", "properties": { "cell_id": 456, "area_m2": 122500.0, "bund": 51.3, "dybde": 64.4, "stroem": 71.1, "natur": 40.6 }, "geometry": { "type": "Polygon", "coordinates": [ [ [ 9.824749, 57.027778 ], [ 9.830515, 57.02774 ], [ 9.830444, 57.024596 ], [ 9.82468, 57.024634 ], [ 9.824749, 57.027778 ] ] ] } },
{ "type": "Feature", "properties": { "cell_id": 457, "area_m2": 122500.0, "bund": 57.4, "dybde": 66.2, "stroem": 71.2, "natur": 40.6 }, "geometry": { "type": "Polygon", "coordinates": [ [ [ 9.824819, 57.030922 ], [ 9.830585, 57.030884 ], [ 9.830515, 57.02774 ], [ 9.824749, 57.027778 ], [ 9.824819, 57.030922 ] ] ] } },
{ "type": "Feature", "properties": { "cell_id": 458, "area_m2": 122500.0, "bund": 64.2, "dybde": 68.3, "stroem": 71.5, "natur": 40.8 }, "geometry": { "type": "Polygon", "coordinates": [ [ [ 9.824889, 57.034066 ], [ 9.830655, 57.034028 ], [ 9.830585, 57.030884 ], [ 9.824819, 57.030922 ], [ 9.824889, 57.034066 ] ] ] } },
{ "type": "Feature", "properties": { "cell_id": 459, "area_m2": 122500.0, "bund": 71.1, "dybde": 70.5, "stroem": 71.9, "natur": 41.2 }, "geometry": { "type": "Polygon", "coordinates": [ [ [ 9.824958, 57.03721 ], [ 9.830725, 57.037172 ], [ 9.830655, 57.034028 ], [ 9.824889, 57.034066 ], [ 9.824958, 57.03721 ] ] ] } },
{ "type": "Feature", "properties": { "cell_id": 460, "area_m2": 122500.0, "bund": 78.0, "dybde": 73.0, "stroem": 72.4, "natur": 41.9 }, "geometry": { "type": "Polygon", "coordinates": [ [ [ 9.825028, 57.040354 ], [ 9.830795, 57.040316 ], [ 9.830725, 57.037172 ], [ 9.824958, 57.03721 ], [ 9.825028, 57.040354 ] ] ] } },
{ "type": "Feature", "properties": { "cell_id": 461, "area_m2": 122500.0, "bund": 84.5, "dybde": 75.7, "stroem": 73.1, "natur": 42.8 }, "geometry": { "type": "Polygon", "coordinates": [ [ [ 9.825098, 57.043498 ], [ 9.830865, 57.04346 ], [ 9.830795, 57.040316 ], [ 9.825028, 57.040354 ], [ 9.825098, 57.043498 ] ] ] } },
{ "type": "Feature", "properties": { "cell_id": 462, "area_m2": 122500.0, "bund": 90.2, "dybde": 78.6, "stroem": 74.0, "natur": 44.1 }, "geometry": { "type": "Polygon", "coordinates": [ [ [ 9.825167, 57.046642 ], [ 9.830936, 57.046604 ], [ 9.830865, 57.04346 ], [ 9.825098, 57.043498 ], [ 9.825167, 57.046642 ] ] ] } },
{ "type": "Feature", "properties": { "cell_id": 463, "area_m2": 122500.0, "bund": 94.7, "dybde": 81.6, "stroem": 74.9, "natur": 45.8 }, "geometry": { "type": "Polygon", "coordinates": [ [ [ 9.825237, 57.049786 ], [ 9.831006, 57.049747 ], [ 9.830936, 57.046604 ], [ 9.825167, 57.046642 ], [ 9.825237, 57.049786 ] ] ] } },
{ "type": "Feature", "properties": { "cell_id": 464, "area_m2": 122500.0, "bund": 97.8, "dybde": 84.6, "stroem": 75.6, "natur": 47.8 }, "geometry": { "type": "Polygon", "coordinates": [ [ [ 9.825307, 57.052929 ], [ 9.831076, 57.052891 ], [ 9.831006, 57.049747 ], [ 9.825237, 57.049786 ], [ 9.825307, 57.052929 ] ] ] } },
{ "type": "Feature", "properties": { "cell_id": 465, "area_m2": 122500.0, "bund": 99.4, "dybde": 87.6, "stroem": 76.2, "natur": 50.3 }, "geometry": { "type": "Polygon", "coordinates": [ [ [ 9.825377, 57.056073 ], [ 9.831146, 57.056035 ], [ 9.831076, 57.052891 ], [ 9.825307, 57.052929 ], [ 9.825377, 57.056073 ] ] ] } },
{ "type": "Feature", "properties": { "cell_id": 466, "area_m2": 122500.0, "bund": 99.4, "dybde": 90.4, "stroem": 76.6, "natur": 53.0 }, "geometry": { "type": "Polygon", "coordinates": [ [ [ 9.825446, 57.059217 ], [ 9.831216, 57.059179 ], [ 9.831146, 57.056035 ], [ 9.825377, 57.056073 ], [ 9.825446, 57.059217 ] ] ] } },
{ "type": "Feature", "properties": { "cell_id": 467, "area_m2": 122500.0, "bund": 98.1, "dybde": 93.0, "stroem": 77.3, "natur": 56.0 }, "geometry": { "type": "Polygon", "coordinates": [ [ [ 9.825516, 57.062361 ], [ 9.831287, 57.062323 ], [ 9.831216, 57.059179 ], [ 9.825446, 57.059217 ], [ 9.825516, 57.062361 ] ] ] } },
{ "type": "Feature", "properties": { "cell_id": 468, "area_m2": 122500.0, "bund": 95.6, "dybde": 95.2, "stroem": 79.9, "natur": 59.2 }, "geometry": { "type": "Polygon", "coordinates": [ [ [ 9.825586, 57.065505 ], [ 9.831357, 57.065467 ], [ 9.831287, 57.062323 ], [ 9.825516, 57.062361 ], [ 9.825586, 57.065505 ] ] ] } },
{ "type": "Feature", "properties": { "cell_id": 469, "area_m2": 122500.0, "bund": 92.2, "dybde": 97.1, "stroem": 85.3, "natur": 62.3 }, "geometry": { "type": "Polygon", "coordinates": [ [ [ 9.825656, 57.068649 ], [ 9.831427, 57.068611 ], [ 9.831357, 57.065467 ], [ 9.825586, 57.065505 ], [ 9.825656, 57.068649 ] ] ] } },
{ "type": "Feature", "properties": { "cell_id": 470, "area_m2": 122500.0, "bund": 88.1, "dybde": 98.4, "stroem": 90.9, "natur": 65.4 }, "geometry": { "type": "Polygon", "coordinates": [ [ [ 9.825726, 57.071793 ], [ 9.831498, 57.071754 ], [ 9.831427, 57.068611 ], [ 9.825656, 57.068649 ], [ 9.825726, 57.071793 ] ] ] } },
{ "type": "Feature", "properties": { "cell_id": 471, "area_m2": 122500.0, "bund": 83.7, "dybde": 99.2, "stroem": 91.2, "natur": 68.2 }, "geometry": { "type": "Polygon", "coordinates": [ [ [ 9.825795, 57.074936 ], [ 9.831568, 57.074898 ], [ 9.831498, 57.071754 ], [ 9.825726, 57.071793 ], [ 9.825795, 57.074936 ] ] ] } },
{ "type": "Feature", "properties": { "cell_id": 472, "area_m2": 122500.0, "bund": 79.2, "dybde": 99.5, "stroem": 85.2, "natur": 70.5 }, "geometry": { "type": "Polygon", "coordinates": [ [ [ 9.825865, 57.07808 ], [ 9.831638, 57.078042 ], [ 9.831568, 57.074898 ], [ 9.825795, 57.074936 ], [ 9.825865, 57.07808 ] ] ] } },
{ "type": "Feature", "properties": { "cell_id": 473, "area_m2": 122500.0, "bund": 74.8, "dybde": 99.3, "stroem": 77.8, "natur": 72.3 }, "geometry": { "type": "Polygon", "coordinates": [ [ [ 9.825935, 57.081224 ], [ 9.831709, 57.081186 ], [ 9.831638, 57.078042 ], [ 9.825865, 57.07808 ], [ 9.825935, 57.081224 ] ] ] } },
{ "type": "Feature", "properties": { "cell_id": 474, "area_m2": 122500.0, "bund": 70.5, "dybde": 98.4, "stroem": 73.3, "natur": 73.5 }, "geometry": { "type": "Polygon", "coordinates": [ [ [ 9.826005, 57.084368 ], [ 9.831779, 57.08433 ], [ 9.831709, 57.081186 ], [ 9.825935, 57.081224 ], [ 9.826005, 57.084368 ] ] ] } },
{ "type": "Feature", "properties": { "cell_id": 475, "area_m2": 122500.0, "bund": 66.4, "dybde": 97.1, "stroem": 71.6, "natur": 73.9 }, "geometry": { "type": "Polygon", "coordinates": [ [ [ 9.826075, 57.087512 ], [ 9.831849, 57.087474 ], [ 9.831779, 57.08433 ], [ 9.826005, 57.084368 ], [ 9.826075, 57.087512 ] ] ] } },
{ "type": "Feature", "properties": { "cell_id": 476, "area_m2": 122500.0, "bund": 62.6, "dybde": 95.4, "stroem": 71.1, "natur": 73.5 }, "geometry": { "type": "Polygon", "coordinates": [ [ [ 9.826145, 57.090656 ], [ 9.83192, 57.090617 ], [ 9.831849, 57.087474 ], [ 9.826075, 57.087512 ], [ 9.826145, 57.090656 ] ] ] } },
{ "type": "Feature", "properties": { "cell_id": 477, "area_m2": 122500.0, "bund": 58.9, "dybde": 93.2, "stroem": 71.0, "natur": 72.5 }, "geometry": { "type": "Polygon", "coordinates": [ [ [ 9.826215, 57.0938 ], [ 9.83199, 57.093761 ], [ 9.83192, 57.090617 ], [ 9.826145, 57.090656 ], [ 9.826215, 57.0938 ] ] ] } },
{ "type": "Feature", "properties": { "cell_id": 478, "area_m2": 122500.0, "bund": 55.5, "dybde": 90.7, "stroem": 70.9, "natur": 70.9 }, "geometry": { "type": "Polygon", "coordinates": [ [ [ 9.826285, 57.096943 ], [ 9.832061, 57.096905 ], [ 9.83199, 57.093761 ], [ 9.826215, 57.0938 ], [ 9.826285, 57.096943 ] ] ] } },
{ "type": "Feature", "properties": { "cell_id": 479, "area_m2": 122500.0, "bund": 52.2, "dybde": 87.9, "stroem": 70.9, "natur": 68.7 }, "geometry": { "type": "Polygon", "coordinates": [ [ [ 9.826355, 57.100087 ], [ 9.832131, 57.100049 ], [ 9.832061, 57.096905 ], [ 9.826285, 57.096943 ], [ 9.826355, 57.100087 ] ] ] } },
{ "type": "Feature", "properties": { "cell_id": 480, "area_m2": 29201.7, "bund": 50.0, "dybde": 86.1, "stroem": 70.9, "natur": 66.4 }, "geometry": { "type": "Polygon", "coordinates": [ [ [ 9.826355, 57.100087 ], [ 9.826388, 57.10158 ], [ 9.832131, 57.100055 ], [ 9.832131, 57.100049 ], [ 9.826355, 57.100087 ] ] ] } },
{ "type": "Feature", "properties": { "cell_id": 481, "area_m2": 117564.7, "bund": 50.6, "dybde": 66.5, "stroem": 71.2, "natur": 39.8 }, "geometry": { "type": "Polygon", "coordinates": [ [ [ 9.830515, 57.02774 ], [ 9.83628, 57.027702 ], [ 9.836225, 57.025249 ], [ 9.834096, 57.024572 ], [ 9.830444, 57.024596 ], [ 9.830515, 57.02774 ] ] ] } },
{ "type": "Feature", "properties": { "cell_id": 482, "area_m2": 122500.0, "bund": 56.4, "dybde": 68.4, "stroem": 71.4, "natur": 39.8 }, "geometry": { "type": "Polygon", "coordinates": [ [ [ 9.830585, 57.030884 ], [ 9.83635, 57.030846 ], [ 9.83628, 57.027702 ], [ 9.830515, 57.02774 ], [ 9.830585, 57.030884 ] ] ] } },
{ "type": "Feature", "properties": { "cell_id": 483, "area_m2": 122500.0, "bund": 63.0, "dybde": 70.4, "stroem": 71.8, "natur": 40.0 }, "geometry": { "type": "Polygon", "coordinates": [ [ [ 9.830655, 57.034028 ], [ 9.836421, 57.03399 ], [ 9.83635, 57.030846 ], [ 9.830585, 57.030884 ], [ 9.830655, 57.034028 ] ] ] } },
{ "type": "Feature", "properties": { "cell_id": 484, "area_m2": 122500.0, "bund": 69.7, "dybde": 72.6, "stroem": 72.2, "natur": 40.5 }, "geometry": { "type": "Polygon", "coordinates": [ [ [ 9.830725, 57.037172 ], [ 9.836492, 57.037134 ], [ 9.836421, 57.03399 ], [ 9.830655, 57.034028 ], [ 9.830725, 57.037172 ] ] ] } },
{ "type": "Feature", "properties": { "cell_id": 485, "area_m2": 122500.0, "bund": 76.5, "dybde": 74.9, "stroem": 72.9, "natur": 41.2 }, "geometry": { "type": "Polygon", "coordinates": [ [ [ 9.830795, 57.040316 ], [ 9.836562, 57.040277 ], [ 9.836492, 57.037134 ], [ 9.830725, 57.037172 ], [ 9.830795, 57.040316 ] ] ] } },
{ "type": "Feature", "properties": { "cell_id": 486, "area_m2": 122500.0, "bund": 82.8, "dybde": 77.5, "stroem": 73.9, "natur": 42.3 }, "geometry": { "type": "Polygon", "coordinates": [ [ [ 9.830865, 57.04346 ], [ 9.836633, 57.043421 ], [ 9.836562, 57.040277 ], [ 9.830795, 57.040316 ], [ 9.830865, 57.04346 ] ] ] } },
{ "type": "Feature", "properties": { "cell_id": 487, "area_m2": 122500.0, "bund": 88.3, "dybde": 80.1, "stroem": 74.9, "natur": 43.8 }, "geometry": { "type": "Polygon", "coordinates": [ [ [ 9.830936, 57.046604 ], [ 9.836704, 57.046565 ], [ 9.836633, 57.043421 ], [ 9.830865, 57.04346 ], [ 9.830936, 57.046604 ] ] ] } },
{ "type": "Feature", "properties": { "cell_id": 488, "area_m2": 122500.0, "bund": 92.7, "dybde": 82.9, "stroem": 76.0, "natur": 45.7 }, "geometry": { "type": "Polygon", "coordinates": [ [ [ 9.831006, 57.049747 ], [ 9.836774, 57.049709 ], [ 9.836704, 57.046565 ], [ 9.830936, 57.046604 ], [ 9.831006, 57.049747 ] ] ] } },
{ "type": "Feature", "properties": { "cell_id": 489, "area_m2": 122500.0, "bund": 95.8, "dybde": 85.7, "stroem": 76.9, "natur": 48.1 }, "geometry": { "type": "Polygon", "coordinates": [ [ [ 9.831076, 57.052891 ], [ 9.836845, 57.052853 ], [ 9.836774, 57.049709 ], [ 9.831006, 57.049747 ], [ 9.831076, 57.052891 ] ] ] } },
{ "type": "Feature", "properties": { "cell_id": 490, "area_m2": 122500.0, "bund": 97.5, "dybde": 88.4, "stroem": 77.4, "natur": 51.0 }, "geometry": { "type": "Polygon", "coordinates": [ [ [ 9.831146, 57.056035 ], [ 9.836916, 57.055997 ], [ 9.836845, 57.052853 ], [ 9.831076, 57.052891 ], [ 9.831146, 57.056035 ] ] ] } },
{ "type": "Feature", "properties": { "cell_id": 491, "area_m2": 122500.0, "bund": 97.8, "dybde": 90.9, "stroem": 77.5, "natur": 54.2 }, "geometry": { "type": "Polygon", "coordinates": [ [ [ 9.831216, 57.059179 ], [ 9.836986, 57.059141 ], [ 9.836916, 57.055997 ], [ 9.831146, 57.056035 ], [ 9.831216, 57.059179 ] ] ] } },
{ "type": "Feature", "properties": { "cell_id": 492, "area_m2": 122500.0, "bund": 96.6, "dybde": 93.2, "stroem": 77.5, "natur": 57.7 }, "geometry": { "type": "Polygon", "coordinates": [ [ [ 9.831287, 57.062323 ], [ 9.837057, 57.062284 ], [ 9.836986, 57.059141 ], [ 9.831216, 57.059179 ], [ 9.831287, 57.062323 ] ] ] } },
{ "type": "Feature", "properties": { "cell_id": 493, "area_m2": 122500.0, "bund": 94.4, "dybde": 95.2, "stroem": 78.0, "natur": 61.4 }, "geometry": { "type": "Polygon", "coordinates": [ [ [ 9.831357, 57.065467 ], [ 9.837128, 57.065428 ], [ 9.837057, 57.062284 ], [ 9.831287, 57.062323 ], [ 9.831357, 57.065467 ] ] ] } },
{ "type": "Feature", "properties": { "cell_id": 494, "area_m2": 122500.0, "bund": 91.2, "dybde": 96.8, "stroem": 79.7, "natur": 65.2 }, "geometry": { "type": "Polygon", "coordinates": [ [ [ 9.831427, 57.068611 ], [ 9.837199, 57.068572 ], [ 9.837128, 57.065428 ], [ 9.831357, 57.065467 ], [ 9.831427, 57.068611 ] ] ] } },
{ "type": "Feature", "properties": { "cell_id": 495, "area_m2": 122500.0, "bund": 87.4, "dybde": 97.9, "stroem": 81.4, "natur": 68.8 }, "geometry": { "type": "Polygon", "coordinates": [ [ [ 9.831498, 57.071754 ], [ 9.83727, 57.071716 ], [ 9.837199, 57.068572 ], [ 9.831427, 57.068611 ], [ 9.831498, 57.071754 ] ] ] } },
{ "type": "Feature", "properties": { "cell_id": 496, "area_m2": 122500.0, "bund": 83.3, "dybde": 98.5, "stroem": 80.9, "natur": 72.1 }, "geometry": { "type": "Polygon", "coordinates": [ [ [ 9.831568, 57.074898 ], [ 9.83734, 57.07486 ], [ 9.83727, 57.071716 ], [ 9.831498, 57.071754 ], [ 9.831568, 57.074898 ] ] ] } },
{ "type": "Feature", "properties": { "cell_id": 497, "area_m2": 122500.0, "bund": 79.0, "dybde": 98.6, "stroem": 77.8, "natur": 74.9 }, "geometry": { "type": "Polygon", "coordinates": [ [ [ 9.831638, 57.078042 ], [ 9.837411, 57.078004 ], [ 9.83734, 57.07486 ], [ 9.831568, 57.074898 ], [ 9.831638, 57.078042 ] ] ] } },
{ "type": "Feature", "properties": { "cell_id": 498, "area_m2": 122500.0, "bund": 74.8, "dybde": 98.2, "stroem": 74.3, "natur": 77.0 }, "geometry": { "type": "Polygon", "coordinates": [ [ [ 9.831709, 57.081186 ], [ 9.837482, 57.081147 ], [ 9.837411, 57.078004 ], [ 9.831638, 57.078042 ], [ 9.831709, 57.081186 ] ] ] } },
{ "type": "Feature", "properties": { "cell_id": 499, "area_m2": 122500.0, "bund": 70.6, "dybde": 97.3, "stroem": 72.1, "natur": 78.4 }, "geometry": { "type": "Polygon", "coordinates": [ [ [ 9.831779, 57.08433 ], [ 9.837553, 57.084291 ], [ 9.837482, 57.081147 ], [ 9.831709, 57.081186 ], [ 9.831779, 57.08433 ] ] ] } },
{ "type": "Feature", "properties": { "cell_id": 500, "area_m2": 122500.0, "bund": 66.7, "dybde": 96.0, "stroem": 71.3, "natur": 78.9 }, "geometry": { "type": "Polygon", "coordinates": [ [ [ 9.831849, 57.087474 ], [ 9.837624, 57.087435 ], [ 9.837553, 57.084291 ], [ 9.831779, 57.08433 ], [ 9.831849, 57.087474 ] ] ] } },
{ "type": "Feature", "properties": { "cell_id": 501, "area_m2": 122500.0, "bund": 63.0, "dybde": 94.2, "stroem": 71.0, "natur": 78.5 }, "geometry": { "type": "Polygon", "coordinates": [ [ [ 9.83192, 57.090617 ], [ 9.837695, 57.090579 ], [ 9.837624, 57.087435 ], [ 9.831849, 57.087474 ], [ 9.83192, 57.090617 ] ] ] } },
{ "type": "Feature", "properties": { "cell_id": 502, "area_m2": 122500.0, "bund": 59.4, "dybde": 92.0, "stroem": 70.9, "natur": 77.4 }, "geometry": { "type": "Polygon", "coordinates": [ [ [ 9.83199, 57.093761 ], [ 9.837766, 57.093723 ], [ 9.837695, 57.090579 ], [ 9.83192, 57.090617 ], [ 9.83199, 57.093761 ] ] ] } },
{ "type": "Feature", "properties": { "cell_id": 503, "area_m2": 122500.0, "bund": 56.0, "dybde": 89.6, "stroem": 70.9, "natur": 75.5 }, "geometry": { "type": "Polygon", "coordinates": [ [ [ 9.832061, 57.096905 ], [ 9.837836, 57.096867 ], [ 9.837766, 57.093723 ], [ 9.83199, 57.093761 ], [ 9.832061, 57.096905 ] ] ] } },
{ "type": "Feature", "properties": { "cell_id": 504, "area_m2": 88540.4, "bund": 53.2, "dybde": 87.2, "stroem": 70.9, "natur": 73.0 }, "geometry": { "type": "Polygon", "coordinates": [ [ [ 9.832061, 57.096905 ], [ 9.832131, 57.100049 ], [ 9.832154, 57.100049 ], [ 9.833114, 57.099794 ], [ 9.833199, 57.099768 ], [ 9.837867, 57.098203 ], [ 9.837836, 57.096867 ], [ 9.832061, 57.096905 ] ] ] } },
{ "type": "Feature", "properties": { "cell_id": 505, "area_m2": 54991.4, "bund": 50.5, "dybde": 69.0, "stroem": 71.6, "natur": 38.9 }, "geometry": { "type": "Polygon", "coordinates": [ [ [ 9.842045, 57.027663 ], [ 9.842039, 57.027393 ], [ 9.838199, 57.025879 ], [ 9.838117, 57.025851 ], [ 9.836225, 57.025249 ], [ 9.83628, 57.027702 ], [ 9.842045, 57.027663 ] ] ] } },
{ "type": "Feature", "properties": { "cell_id": 506, "area_m2": 122500.0, "bund": 54.8, "dybde": 70.7, "stroem": 71.9, "natur": 38.8 }, "geometry": { "type": "Polygon", "coordinates": [ [ [ 9.83635, 57.030846 ], [ 9.842116, 57.030807 ], [ 9.842045, 57.027663 ], [ 9.83628, 57.027702 ], [ 9.83635, 57.030846 ] ] ] } },
{ "type": "Feature", "properties": { "cell_id": 507, "area_m2": 122500.0, "bund": 61.0, "dybde": 72.7, "stroem": 72.3, "natur": 39.0 }, "geometry": { "type": "Polygon", "coordinates": [ [ [ 9.836421, 57.03399 ], [ 9.842187, 57.033951 ], [ 9.842116, 57.030807 ], [ 9.83635, 57.030846 ], [ 9.836421, 57.03399 ] ] ] } },
{ "type": "Feature", "properties": { "cell_id": 508, "area_m2": 122500.0, "bund": 67.5, "dybde": 74.8, "stroem": 72.8, "natur": 39.4 }, "geometry": { "type": "Polygon", "coordinates": [ [ [ 9.836492, 57.037134 ], [ 9.842258, 57.037095 ], [ 9.842187, 57.033951 ], [ 9.836421, 57.03399 ], [ 9.836492, 57.037134 ] ] ] } },
{ "type": "Feature", "properties": { "cell_id": 509, "area_m2": 122500.0, "bund": 74.0, "dybde": 77.0, "stroem": 73.6, "natur": 40.3 }, "geometry": { "type": "Polygon", "coordinates": [ [ [ 9.836562, 57.040277 ], [ 9.842329, 57.040239 ], [ 9.842258, 57.037095 ], [ 9.836492, 57.037134 ], [ 9.836562, 57.040277 ] ] ] } },
{ "type": "Feature", "properties": { "cell_id": 510, "area_m2": 122500.0, "bund": 80.0, "dybde": 79.3, "stroem": 74.6, "natur": 41.5 }, "geometry": { "type": "Polygon", "coordinates": [ [ [ 9.836633, 57.043421 ], [ 9.842401, 57.043383 ], [ 9.842329, 57.040239 ], [ 9.836562, 57.040277 ], [ 9.836633, 57.043421 ] ] ] } },
{ "type": "Feature", "properties": { "cell_id": 511, "area_m2": 122500.0, "bund": 85.3, "dybde": 81.7, "stroem": 75.8, "natur": 43.2 }, "geometry": { "type": "Polygon", "coordinates": [ [ [ 9.836704, 57.046565 ], [ 9.842472, 57.046526 ], [ 9.842401, 57.043383 ], [ 9.836633, 57.043421 ], [ 9.836704, 57.046565 ] ] ] } },
{ "type": "Feature", "properties": { "cell_id": 512, "area_m2": 122500.0, "bund": 89.6, "dybde": 84.2, "stroem": 76.9, "natur": 45.4 }, "geometry": { "type": "Polygon", "coordinates": [ [ [ 9.836774, 57.049709 ], [ 9.842543, 57.04967 ], [ 9.842472, 57.046526 ], [ 9.836704, 57.046565 ], [ 9.836774, 57.049709 ] ] ] } },
{ "type": "Feature", "properties": { "cell_id": 513, "area_m2": 122500.0, "bund": 92.7, "dybde": 86.6, "stroem": 77.8, "natur": 48.2 }, "geometry": { "type": "Polygon", "coordinates": [ [ [ 9.836845, 57.052853 ], [ 9.842614, 57.052814 ], [ 9.842543, 57.04967 ], [ 9.836774, 57.049709 ], [ 9.836845, 57.052853 ] ] ] } },
{ "type": "Feature", "properties": { "cell_id": 514, "area_m2": 122500.0, "bund": 94.4, "dybde": 89.0, "stroem": 78.2, "natur": 51.4 }, "geometry": { "type": "Polygon", "coordinates": [ [ [ 9.836916, 57.055997 ], [ 9.842685, 57.055958 ], [ 9.842614, 57.052814 ], [ 9.836845, 57.052853 ], [ 9.836916, 57.055997 ] ] ] } },
{ "type": "Feature", "properties": { "cell_id": 515, "area_m2": 122500.0, "bund": 94.8, "dybde": 91.2, "stroem": 78.0, "natur": 55.1 }, "geometry": { "type": "Polygon", "coordinates": [ [ [ 9.836986, 57.059141 ], [ 9.842757, 57.059102 ], [ 9.842685, 57.055958 ], [ 9.836916, 57.055997 ], [ 9.836986, 57.059141 ] ] ] } },
{ "type": "Feature", "properties": { "cell_id": 516, "area_m2": 122500.0, "bund": 93.9, "dybde": 93.2, "stroem": 77.2, "natur": 59.2 }, "geometry": { "type": "Polygon", "coordinates": [ [ [ 9.837057, 57.062284 ], [ 9.842828, 57.062246 ], [ 9.842757, 57.059102 ], [ 9.836986, 57.059141 ], [ 9.837057, 57.062284 ] ] ] } },
{ "type": "Feature", "properties": { "cell_id": 517, "area_m2": 122500.0, "bund": 91.9, "dybde": 94.8, "stroem": 76.4, "natur": 63.5 }, "geometry": { "type": "Polygon", "coordinates": [ [ [ 9.837128, 57.065428 ], [ 9.842899, 57.06539 ], [ 9.842828, 57.062246 ], [ 9.837057, 57.062284 ], [ 9.837128, 57.065428 ] ] ] } },
{ "type": "Feature", "properties": { "cell_id": 518, "area_m2": 122500.0, "bund": 89.0, "dybde": 96.1, "stroem": 75.7, "natur": 67.8 }, "geometry": { "type": "Polygon", "coordinates": [ [ [ 9.837199, 57.068572 ], [ 9.84297, 57.068533 ], [ 9.842899, 57.06539 ], [ 9.837128, 57.065428 ], [ 9.837199, 57.068572 ] ] ] } },
{ "type": "Feature", "properties": { "cell_id": 519, "area_m2": 122500.0, "bund": 85.6, "dybde": 96.9, "stroem": 75.2, "natur": 72.0 }, "geometry": { "type": "Polygon", "coordinates": [ [ [ 9.83727, 57.071716 ], [ 9.843042, 57.071677 ], [ 9.84297, 57.068533 ], [ 9.837199, 57.068572 ], [ 9.83727, 57.071716 ] ] ] } },
{ "type": "Feature", "properties": { "cell_id": 520, "area_m2": 122500.0, "bund": 81.7, "dybde": 97.3, "stroem": 74.3, "natur": 75.8 }, "geometry": { "type": "Polygon", "coordinates": [ [ [ 9.83734, 57.07486 ], [ 9.843113, 57.074821 ], [ 9.843042, 57.071677 ], [ 9.83727, 57.071716 ], [ 9.83734, 57.07486 ] ] ] } },
{ "type": "Feature", "properties": { "cell_id": 521, "area_m2": 122500.0, "bund": 77.7, "dybde": 97.3, "stroem": 73.0, "natur": 79.0 }, "geometry": { "type": "Polygon", "coordinates": [ [ [ 9.837411, 57.078004 ], [ 9.843184, 57.077965 ], [ 9.843113, 57.074821 ], [ 9.83734, 57.07486 ], [ 9.837411, 57.078004 ] ] ] } },
{ "type": "Feature", "properties": { "cell_id": 522, "area_m2": 122500.0, "bund": 73.7, "dybde": 96.7, "stroem": 71.8, "natur": 81.5 }, "geometry": { "type": "Polygon", "coordinates": [ [ [ 9.837482, 57.081147 ], [ 9.843256, 57.081109 ], [ 9.843184, 57.077965 ], [ 9.837411, 57.078004 ], [ 9.837482, 57.081147 ] ] ] } },
{ "type": "Feature", "properties": { "cell_id": 523, "area_m2": 122500.0, "bund": 69.9, "dybde": 95.8, "stroem": 71.1, "natur": 83.1 }, "geometry": { "type": "Polygon", "coordinates": [ [ [ 9.837553, 57.084291 ], [ 9.843327, 57.084253 ], [ 9.843256, 57.081109 ], [ 9.837482, 57.081147 ], [ 9.837553, 57.084291 ] ] ] } },
{ "type": "Feature", "properties": { "cell_id": 524, "area_m2": 122500.0, "bund": 66.1, "dybde": 94.3, "stroem": 70.9, "natur": 83.8 }, "geometry": { "type": "Polygon", "coordinates": [ [ [ 9.837624, 57.087435 ], [ 9.843398, 57.087396 ], [ 9.843327, 57.084253 ], [ 9.837553, 57.084291 ], [ 9.837624, 57.087435 ] ] ] } },
{ "type": "Feature", "properties": { "cell_id": 525, "area_m2": 122500.0, "bund": 62.5, "dybde": 92.6, "stroem": 70.8, "natur": 83.4 }, "geometry": { "type": "Polygon", "coordinates": [ [ [ 9.837695, 57.090579 ], [ 9.84347, 57.09054 ], [ 9.843398, 57.087396 ], [ 9.837624, 57.087435 ], [ 9.837695, 57.090579 ] ] ] } },
{ "type": "Feature", "properties": { "cell_id": 526, "area_m2": 122500.0, "bund": 59.1, "dybde": 90.4, "stroem": 70.9, "natur": 82.1 }, "geometry": { "type": "Polygon", "coordinates": [ [ [ 9.837766, 57.093723 ], [ 9.843541, 57.093684 ], [ 9.84347, 57.09054 ], [ 9.837695, 57.090579 ], [ 9.837766, 57.093723 ] ] ] } },
{ "type": "Feature", "properties": { "cell_id": 527, "area_m2": 116517.8, "bund": 55.9, "dybde": 88.1, "stroem": 70.9, "natur": 79.9 }, "geometry": { "type": "Polygon", "coordinates": [ [ [ 9.837766, 57.093723 ], [ 9.837836, 57.096867 ], [ 9.841516, 57.096842 ], [ 9.843593, 57.095982 ], [ 9.843541, 57.093684 ], [ 9.837766, 57.093723 ] ] ] } },
{ "type": "Feature", "properties": { "cell_id": 528, "area_m2": 83533.0, "bund": 53.4, "dybde": 73.2, "stroem": 72.8, "natur": 37.7 }, "geometry": { "type": "Polygon", "coordinates": [ [ [ 9.842116, 57.030807 ], [ 9.847882, 57.030768 ], [ 9.847864, 57.029989 ], [ 9.844485, 57.02836 ], [ 9.844409, 57.028327 ], [ 9.842713, 57.027659 ], [ 9.842045, 57.027663 ], [ 9.842116, 57.030807 ] ] ] } },
{ "type": "Feature", "properties": { "cell_id": 529, "area_m2": 122500.0, "bund": 58.3, "dybde": 75.1, "stroem": 73.2, "natur": 37.7 }, "geometry": { "type": "Polygon", "coordinates": [ [ [ 9.842187, 57.033951 ], [ 9.847953, 57.033912 ], [ 9.847882, 57.030768 ], [ 9.842116, 57.030807 ], [ 9.842187, 57.033951 ] ] ] } },
{ "type": "Feature", "properties": { "cell_id": 530, "area_m2": 122500.0, "bund": 64.5, "dybde": 77.0, "stroem": 73.7, "natur": 38.1 }, "geometry": { "type": "Polygon", "coordinates": [ [ [ 9.842258, 57.037095 ], [ 9.848025, 57.037056 ], [ 9.847953, 57.033912 ], [ 9.842187, 57.033951 ], [ 9.842258, 57.037095 ] ] ] } },
{ "type": "Feature", "properties": { "cell_id": 531, "area_m2": 122500.0, "bund": 70.5, "dybde": 79.1, "stroem": 74.4, "natur": 39.0 }, "geometry": { "type": "Polygon", "coordinates": [ [ [ 9.842329, 57.040239 ], [ 9.848097, 57.0402 ], [ 9.848025, 57.037056 ], [ 9.842258, 57.037095 ], [ 9.842329, 57.040239 ] ] ] } },
{ "type": "Feature", "properties": { "cell_id": 532, "area_m2": 122500.0, "bund": 76.2, "dybde": 81.2, "stroem": 75.3, "natur": 40.4 }, "geometry": { "type": "Polygon", "coordinates": [ [ [ 9.842401, 57.043383 ], [ 9.848168, 57.043344 ], [ 9.848097, 57.0402 ], [ 9.842329, 57.040239 ], [ 9.842401, 57.043383 ] ] ] } },
{ "type": "Feature", "properties": { "cell_id": 533, "area_m2": 122500.0, "bund": 81.3, "dybde": 83.3, "stroem": 76.5, "natur": 42.2 }, "geometry": { "type": "Polygon", "coordinates": [ [ [ 9.842472, 57.046526 ], [ 9.84824, 57.046488 ], [ 9.848168, 57.043344 ], [ 9.842401, 57.043383 ], [ 9.842472, 57.046526 ] ] ] } },
{ "type": "Feature", "properties": { "cell_id": 534, "area_m2": 122500.0, "bund": 85.4, "dybde": 85.4, "stroem": 77.5, "natur": 44.7 }, "geometry": { "type": "Polygon", "coordinates": [ [ [ 9.842543, 57.04967 ], [ 9.848311, 57.049631 ], [ 9.84824, 57.046488 ], [ 9.842472, 57.046526 ], [ 9.842543, 57.04967 ] ] ] } },
{ "type": "Feature", "properties": { "cell_id": 535, "area_m2": 122500.0, "bund": 88.4, "dybde": 87.5, "stroem": 78.2, "natur": 47.8 }, "geometry": { "type": "Polygon", "coordinates": [ [ [ 9.842614, 57.052814 ], [ 9.848383, 57.052775 ], [ 9.848311, 57.049631 ], [ 9.842543, 57.04967 ], [ 9.842614, 57.052814 ] ] ] } },
{ "type": "Feature", "properties": { "cell_id": 536, "area_m2": 122500.0, "bund": 90.1, "dybde": 89.5, "stroem": 78.2, "natur": 51.5 }, "geometry": { "type": "Polygon", "coordinates": [ [ [ 9.842685, 57.055958 ], [ 9.848455, 57.055919 ], [ 9.848383, 57.052775 ], [ 9.842614, 57.052814 ], [ 9.842685, 57.055958 ] ] ] } },
{ "type": "Feature", "properties": { "cell_id": 537, "area_m2": 122500.0, "bund": 90.6, "dybde": 91.3, "stroem": 77.5, "natur": 55.6 }, "geometry": { "type": "Polygon", "coordinates": [ [ [ 9.842757, 57.059102 ], [ 9.848527, 57.059063 ], [ 9.848455, 57.055919 ], [ 9.842685, 57.055958 ], [ 9.842757, 57.059102 ] ] ] } },
{ "type": "Feature", "properties": { "cell_id": 538, "area_m2": 122500.0, "bund": 89.9, "dybde": 92.8, "stroem": 76.1, "natur": 60.2 }, "geometry": { "type": "Polygon", "coordinates": [ [ [ 9.842828, 57.062246 ], [ 9.848598, 57.062207 ], [ 9.848527, 57.059063 ], [ 9.842757, 57.059102 ], [ 9.842828, 57.062246 ] ] ] } },
{ "type": "Feature", "properties": { "cell_id": 539, "area_m2": 122500.0, "bund": 88.1, "dybde": 94.1, "stroem": 74.4, "natur": 65.1 }, "geometry": { "type": "Polygon", "coordinates": [ [ [ 9.842899, 57.06539 ], [ 9.84867, 57.065351 ], [ 9.848598, 57.062207 ], [ 9.842828, 57.062246 ], [ 9.842899, 57.06539 ] ] ] } },
{ "type": "Feature", "properties": { "cell_id": 540, "area_m2": 122500.0, "bund": 85.6, "dybde": 95.0, "stroem": 72.7, "natur": 70.0 }, "geometry": { "type": "Polygon", "coordinates": [ [ [ 9.84297, 57.068533 ], [ 9.848742, 57.068494 ], [ 9.84867, 57.065351 ], [ 9.842899, 57.06539 ], [ 9.84297, 57.068533 ] ] ] } },
{ "type": "Feature", "properties": { "cell_id": 541, "area_m2": 122500.0, "bund": 82.5, "dybde": 95.6, "stroem": 71.5, "natur": 74.7 }, "geometry": { "type": "Polygon", "coordinates": [ [ [ 9.843042, 57.071677 ], [ 9.848814, 57.071638 ], [ 9.848742, 57.068494 ], [ 9.84297, 57.068533 ], [ 9.843042, 57.071677 ] ] ] } },
{ "type": "Feature", "properties": { "cell_id": 542, "area_m2": 122500.0, "bund": 79.1, "dybde": 95.7, "stroem": 70.6, "natur": 79.0 }, "geometry": { "type": "Polygon", "coordinates": [ [ [ 9.843113, 57.074821 ], [ 9.848885, 57.074782 ], [ 9.848814, 57.071638 ], [ 9.843042, 57.071677 ], [ 9.843113, 57.074821 ] ] ] } },
{ "type": "Feature", "properties": { "cell_id": 543, "area_m2": 122500.0, "bund": 75.4, "dybde": 95.5, "stroem": 70.1, "natur": 82.7 }, "geometry": { "type": "Polygon", "coordinates": [ [ [ 9.843184, 57.077965 ], [ 9.848957, 57.077926 ], [ 9.848885, 57.074782 ], [ 9.843113, 57.074821 ], [ 9.843184, 57.077965 ] ] ] } },
{ "type": "Feature", "properties": { "cell_id": 544, "area_m2": 122500.0, "bund": 71.8, "dybde": 94.8, "stroem": 69.9, "natur": 85.6 }, "geometry": { "type": "Polygon", "coordinates": [ [ [ 9.843256, 57.081109 ], [ 9.849029, 57.08107 ], [ 9.848957, 57.077926 ], [ 9.843184, 57.077965 ], [ 9.843256, 57.081109 ] ] ] } },
{ "type": "Feature", "properties": { "cell_id": 545, "area_m2": 122500.0, "bund": 68.2, "dybde": 93.7, "stroem": 70.1, "natur": 87.4 }, "geometry": { "type": "Polygon", "coordinates": [ [ [ 9.843327, 57.084253 ], [ 9.849101, 57.084214 ], [ 9.849029, 57.08107 ], [ 9.843256, 57.081109 ], [ 9.843327, 57.084253 ] ] ] } },
{ "type": "Feature", "properties": { "cell_id": 546, "area_m2": 122500.0, "bund": 64.7, "dybde": 92.2, "stroem": 70.3, "natur": 88.2 }, "geometry": { "type": "Polygon", "coordinates": [ [ [ 9.843398, 57.087396 ], [ 9.849173, 57.087357 ], [ 9.849101, 57.084214 ], [ 9.843327, 57.084253 ], [ 9.843398, 57.087396 ] ] ] } },
{ "type": "Feature", "properties": { "cell_id": 547, "area_m2": 122500.0, "bund": 61.3, "dybde": 90.4, "stroem": 70.5, "natur": 87.9 }, "geometry": { "type": "Polygon", "coordinates": [ [ [ 9.84347, 57.09054 ], [ 9.849245, 57.090501 ], [ 9.849173, 57.087357 ], [ 9.843398, 57.087396 ], [ 9.84347, 57.09054 ] ] ] } },
{ "type": "Feature", "properties": { "cell_id": 548, "area_m2": 121722.2, "bund": 58.1, "dybde": 88.4, "stroem": 70.7, "natur": 86.5 }, "geometry": { "type": "Polygon", "coordinates": [ [ [ 9.84347, 57.09054 ], [ 9.843541, 57.093684 ], [ 9.848633, 57.09365 ], [ 9.849309, 57.093308 ], [ 9.849245, 57.090501 ], [ 9.84347, 57.09054 ] ] ] } },
{ "type": "Feature", "properties": { "cell_id": 549, "area_m2": 41419.1, "bund": 55.9, "dybde": 87.1, "stroem": 70.8, "natur": 84.0 }, "geometry": { "type": "Polygon", "coordinates": [ [ [ 9.843593, 57.095982 ], [ 9.845924, 57.095016 ], [ 9.845999, 57.094982 ], [ 9.848633, 57.09365 ], [ 9.843541, 57.093684 ], [ 9.843593, 57.095982 ] ] ] } },
{ "type": "Feature", "properties": { "cell_id": 550, "area_m2": 89014.2, "bund": 55.8, "dybde": 77.5, "stroem": 75.0, "natur": 36.3 }, "geometry": { "type": "Polygon", "coordinates": [ [ [ 9.847953, 57.033912 ], [ 9.853719, 57.033873 ], [ 9.853703, 57.033164 ], [ 9.850295, 57.031164 ], [ 9.850226, 57.031128 ], [ 9.849458, 57.030758 ], [ 9.847882, 57.030768 ], [ 9.847953, 57.033912 ] ] ] } },
{ "type": "Feature", "properties": { "cell_id": 551, "area_m2": 122500.0, "bund": 60.6, "dybde": 79.3, "stroem": 75.3, "natur": 36.5 }, "geometry": { "type": "Polygon", "coordinates": [ [ [ 9.848025, 57.037056 ], [ 9.853792, 57.037017 ], [ 9.853719, 57.033873 ], [ 9.847953, 57.033912 ], [ 9.848025, 57.037056 ] ] ] } },
{ "type": "Feature", "properties": { "cell_id": 552, "area_m2": 122500.0, "bund": 66.3, "dybde": 81.2, "stroem": 75.6, "natur": 37.4 }, "geometry": { "type": "Polygon", "coordinates": [ [ [ 9.848097, 57.0402 ], [ 9.853864, 57.040161 ], [ 9.853792, 57.037017 ], [ 9.848025, 57.037056 ], [ 9.848097, 57.0402 ] ] ] } },
{ "type": "Feature", "properties": { "cell_id": 553, "area_m2": 122500.0, "bund": 71.6, "dybde": 83.0, "stroem": 76.2, "natur": 38.9 }, "geometry": { "type": "Polygon", "coordinates": [ [ [ 9.848168, 57.043344 ], [ 9.853936, 57.043304 ], [ 9.853864, 57.040161 ], [ 9.848097, 57.0402 ], [ 9.848168, 57.043344 ] ] ] } },
{ "type": "Feature", "properties": { "cell_id": 554, "area_m2": 122500.0, "bund": 76.3, "dybde": 84.8, "stroem": 76.9, "natur": 40.9 }, "geometry": { "type": "Polygon", "coordinates": [ [ [ 9.84824, 57.046488 ], [ 9.854008, 57.046448 ], [ 9.853936, 57.043304 ], [ 9.848168, 57.043344 ], [ 9.84824, 57.046488 ] ] ] } },
{ "type": "Feature", "properties": { "cell_id": 555, "area_m2": 122500.0, "bund": 80.2, "dybde": 86.5, "stroem": 77.6, "natur": 43.6 }, "geometry": { "type": "Polygon", "coordinates": [ [ [ 9.848311, 57.049631 ], [ 9.85408, 57.049592 ], [ 9.854008, 57.046448 ], [ 9.84824, 57.046488 ], [ 9.848311, 57.049631 ] ] ] } },
{ "type": "Feature", "properties": { "cell_id": 556, "area_m2": 122500.0, "bund": 83.0, "dybde": 88.2, "stroem": 77.8, "natur": 47.0 }, "geometry": { "type": "Polygon", "coordinates": [ [ [ 9.848383, 57.052775 ], [ 9.854152, 57.052736 ], [ 9.85408, 57.049592 ], [ 9.848311, 57.049631 ], [ 9.848383, 57.052775 ] ] ] } },
{ "type": "Feature", "properties": { "cell_id": 557, "area_m2": 122500.0, "bund": 84.7, "dybde": 89.7, "stroem": 77.3, "natur": 51.0 }, "geometry": { "type": "Polygon", "coordinates": [ [ [ 9.848455, 57.055919 ], [ 9.854224, 57.05588 ], [ 9.854152, 57.052736 ], [ 9.848383, 57.052775 ], [ 9.848455, 57.055919 ] ] ] } },
{ "type": "Feature", "properties": { "cell_id": 558, "area_m2": 122500.0, "bund": 85.3, "dybde": 91.0, "stroem": 75.8, "natur": 55.6 }, "geometry": { "type": "Polygon", "coordinates": [ [ [ 9.848527, 57.059063 ], [ 9.854297, 57.059024 ], [ 9.854224, 57.05588 ], [ 9.848455, 57.055919 ], [ 9.848527, 57.059063 ] ] ] } },
{ "type": "Feature", "properties": { "cell_id": 559, "area_m2": 122500.0, "bund": 84.8, "dybde": 92.2, "stroem": 73.8, "natur": 60.7 }, "geometry": { "type": "Polygon", "coordinates": [ [ [ 9.848598, 57.062207 ], [ 9.854369, 57.062168 ], [ 9.854297, 57.059024 ], [ 9.848527, 57.059063 ], [ 9.848598, 57.062207 ] ] ] } },
{ "type": "Feature", "properties": { "cell_id": 560, "area_m2": 122500.0, "bund": 83.4, "dybde": 93.0, "stroem": 71.4, "natur": 66.1 }, "geometry": { "type": "Polygon", "coordinates": [ [ [ 9.84867, 57.065351 ], [ 9.854441, 57.065311 ], [ 9.854369, 57.062168 ], [ 9.848598, 57.062207 ], [ 9.84867, 57.065351 ] ] ] } },
{ "type": "Feature", "properties": { "cell_id": 561, "area_m2": 122500.0, "bund": 81.2, "dybde": 93.6, "stroem": 69.4, "natur": 71.5 }, "geometry": { "type": "Polygon", "coordinates": [ [ [ 9.848742, 57.068494 ], [ 9.854513, 57.068455 ], [ 9.854441, 57.065311 ], [ 9.84867, 57.065351 ], [ 9.848742, 57.068494 ] ] ] } },
{ "type": "Feature", "properties": { "cell_id": 562, "area_m2": 122500.0, "bund": 78.5, "dybde": 93.8, "stroem": 68.0, "natur": 76.8 }, "geometry": { "type": "Polygon", "coordinates": [ [ [ 9.848814, 57.071638 ], [ 9.854586, 57.071599 ], [ 9.854513, 57.068455 ], [ 9.848742, 57.068494 ], [ 9.848814, 57.071638 ] ] ] } },
{ "type": "Feature", "properties": { "cell_id": 563, "area_m2": 122500.0, "bund": 75.5, "dybde": 93.6, "stroem": 67.4, "natur": 81.6 }, "geometry": { "type": "Polygon", "coordinates": [ [ [ 9.848885, 57.074782 ], [ 9.854658, 57.074743 ], [ 9.854586, 57.071599 ], [ 9.848814, 57.071638 ], [ 9.848885, 57.074782 ] ] ] } },
{ "type": "Feature", "properties": { "cell_id": 564, "area_m2": 122500.0, "bund": 72.3, "dybde": 93.2, "stroem": 67.5, "natur": 85.7 }, "geometry": { "type": "Polygon", "coordinates": [ [ [ 9.848957, 57.077926 ], [ 9.85473, 57.077887 ], [ 9.854658, 57.074743 ], [ 9.848885, 57.074782 ], [ 9.848957, 57.077926 ] ] ] } },
{ "type": "Feature", "properties": { "cell_id": 565, "area_m2": 122500.0, "bund": 69.0, "dybde": 92.3, "stroem": 68.1, "natur": 88.9 }, "geometry": { "type": "Polygon", "coordinates": [ [ [ 9.849029, 57.08107 ], [ 9.854802, 57.081031 ], [ 9.85473, 57.077887 ], [ 9.848957, 57.077926 ], [ 9.849029, 57.08107 ] ] ] } },
{ "type": "Feature", "properties": { "cell_id": 566, "area_m2": 122500.0, "bund": 65.7, "dybde": 91.1, "stroem": 68.8, "natur": 91.1 }, "geometry": { "type": "Polygon", "coordinates": [ [ [ 9.849101, 57.084214 ], [ 9.854875, 57.084174 ], [ 9.854802, 57.081031 ], [ 9.849029, 57.08107 ], [ 9.849101, 57.084214 ] ] ] } },
{ "type": "Feature", "properties": { "cell_id": 567, "area_m2": 122500.0, "bund": 62.5, "dybde": 89.7, "stroem": 69.5, "natur": 92.0 }, "geometry": { "type": "Polygon", "coordinates": [ [ [ 9.849173, 57.087357 ], [ 9.854947, 57.087318 ], [ 9.854875, 57.084174 ], [ 9.849101, 57.084214 ], [ 9.849173, 57.087357 ] ] ] } },
{ "type": "Feature", "properties": { "cell_id": 568, "area_m2": 121567.8, "bund": 59.4, "dybde": 87.9, "stroem": 70.1, "natur": 91.7 }, "geometry": { "type": "Polygon", "coordinates": [ [ [ 9.849173, 57.087357 ], [ 9.849245, 57.090501 ], [ 9.854341, 57.090467 ], [ 9.85501, 57.090055 ], [ 9.854947, 57.087318 ], [ 9.849173, 57.087357 ] ] ] } },
{ "type": "Feature", "properties": { "cell_id": 569, "area_m2": 50595.2, "bund": 57.3, "dybde": 86.8, "stroem": 70.5, "natur": 89.9 }, "geometry": { "type": "Polygon", "coordinates": [ [ [ 9.849309, 57.093308 ], [ 9.851622, 57.092138 ], [ 9.85169, 57.0921 ], [ 9.854341, 57.090467 ], [ 9.849245, 57.090501 ], [ 9.849309, 57.093308 ] ] ] } },
{ "type": "Feature", "properties": { "cell_id": 570, "area_m2": 72780.9, "bund": 57.5, "dybde": 81.4, "stroem": 77.6, "natur": 35.0 }, "geometry": { "type": "Polygon", "coordinates": [ [ [ 9.853792, 57.037017 ], [ 9.859363, 57.036979 ], [ 9.855575, 57.034266 ], [ 9.855512, 57.034225 ], [ 9.854898, 57.033865 ], [ 9.853719, 57.033873 ], [ 9.853792, 57.037017 ] ] ] } },
{ "type": "Feature", "properties": { "cell_id": 571, "area_m2": 122405.6, "bund": 61.4, "dybde": 83.1, "stroem": 77.6, "natur": 35.5 }, "geometry": { "type": "Polygon", "coordinates": [ [ [ 9.853864, 57.040161 ], [ 9.859631, 57.040121 ], [ 9.859561, 57.037121 ], [ 9.859363, 57.036979 ], [ 9.853792, 57.037017 ], [ 9.853864, 57.040161 ] ] ] } },
{ "type": "Feature", "properties": { "cell_id": 572, "area_m2": 122500.0, "bund": 66.3, "dybde": 84.6, "stroem": 77.2, "natur": 37.0 }, "geometry": { "type": "Polygon", "coordinates": [ [ [ 9.853936, 57.043304 ], [ 9.859703, 57.043265 ], [ 9.859631, 57.040121 ], [ 9.853864, 57.040161 ], [ 9.853936, 57.043304 ] ] ] } },
{ "type": "Feature", "properties": { "cell_id": 573, "area_m2": 122500.0, "bund": 70.6, "dybde": 86.1, "stroem": 77.2, "natur": 39.1 }, "geometry": { "type": "Polygon", "coordinates": [ [ [ 9.854008, 57.046448 ], [ 9.859776, 57.046409 ], [ 9.859703, 57.043265 ], [ 9.853936, 57.043304 ], [ 9.854008, 57.046448 ] ] ] } },
{ "type": "Feature", "properties": { "cell_id": 574, "area_m2": 122500.0, "bund": 74.2, "dybde": 87.4, "stroem": 77.2, "natur": 42.0 }, "geometry": { "type": "Polygon", "coordinates": [ [ [ 9.85408, 57.049592 ], [ 9.859849, 57.049553 ], [ 9.859776, 57.046409 ], [ 9.854008, 57.046448 ], [ 9.85408, 57.049592 ] ] ] } },
{ "type": "Feature", "properties": { "cell_id": 575, "area_m2": 122500.0, "bund": 76.9, "dybde": 88.6, "stroem": 76.8, "natur": 45.6 }, "geometry": { "type": "Polygon", "coordinates": [ [ [ 9.854152, 57.052736 ], [ 9.859921, 57.052697 ], [ 9.859849, 57.049553 ], [ 9.85408, 57.049592 ], [ 9.854152, 57.052736 ] ] ] } },
{ "type": "Feature", "properties": { "cell_id": 576, "area_m2": 122500.0, "bund": 78.6, "dybde": 89.6, "stroem": 75.5, "natur": 50.0 }, "geometry": { "type": "Polygon", "coordinates": [ [ [ 9.854224, 57.05588 ], [ 9.859994, 57.05584 ], [ 9.859921, 57.052697 ], [ 9.854152, 57.052736 ], [ 9.854224, 57.05588 ] ] ] } },
{ "type": "Feature", "properties": { "cell_id": 577, "area_m2": 122500.0, "bund": 79.2, "dybde": 90.5, "stroem": 73.3, "natur": 55.0 }, "geometry": { "type": "Polygon", "coordinates": [ [ [ 9.854297, 57.059024 ], [ 9.860067, 57.058984 ], [ 9.859994, 57.05584 ], [ 9.854224, 57.05588 ], [ 9.854297, 57.059024 ] ] ] } },
{ "type": "Feature", "properties": { "cell_id": 578, "area_m2": 122500.0, "bund": 78.9, "dybde": 91.2, "stroem": 70.5, "natur": 60.5 }, "geometry": { "type": "Polygon", "coordinates": [ [ [ 9.854369, 57.062168 ], [ 9.860139, 57.062128 ], [ 9.860067, 57.058984 ], [ 9.854297, 57.059024 ], [ 9.854369, 57.062168 ] ] ] } },
{ "type": "Feature", "properties": { "cell_id": 579, "area_m2": 122500.0, "bund": 77.8, "dybde": 91.6, "stroem": 67.6, "natur": 66.3 }, "geometry": { "type": "Polygon", "coordinates": [ [ [ 9.854441, 57.065311 ], [ 9.860212, 57.065272 ], [ 9.860139, 57.062128 ], [ 9.854369, 57.062168 ], [ 9.854441, 57.065311 ] ] ] } },
{ "type": "Feature", "properties": { "cell_id": 580, "area_m2": 122500.0, "bund": 76.0, "dybde": 91.7, "stroem": 65.3, "natur": 72.2 }, "geometry": { "type": "Polygon", "coordinates": [ [ [ 9.854513, 57.068455 ], [ 9.860285, 57.068416 ], [ 9.860212, 57.065272 ], [ 9.854441, 57.065311 ], [ 9.854513, 57.068455 ] ] ] } },
{ "type": "Feature", "properties": { "cell_id": 581, "area_m2": 122500.0, "bund": 73.7, "dybde": 91.5, "stroem": 64.1, "natur": 78.0 }, "geometry": { "type": "Polygon", "coordinates": [ [ [ 9.854586, 57.071599 ], [ 9.860358, 57.07156 ], [ 9.860285, 57.068416 ], [ 9.854513, 57.068455 ], [ 9.854586, 57.071599 ] ] ] } },
{ "type": "Feature", "properties": { "cell_id": 582, "area_m2": 122500.0, "bund": 71.2, "dybde": 91.1, "stroem": 63.9, "natur": 83.3 }, "geometry": { "type": "Polygon", "coordinates": [ [ [ 9.854658, 57.074743 ], [ 9.86043, 57.074703 ], [ 9.860358, 57.07156 ], [ 9.854586, 57.071599 ], [ 9.854658, 57.074743 ] ] ] } },
{ "type": "Feature", "properties": { "cell_id": 583, "area_m2": 122500.0, "bund": 68.4, "dybde": 90.4, "stroem": 64.7, "natur": 87.8 }, "geometry": { "type": "Polygon", "coordinates": [ [ [ 9.85473, 57.077887 ], [ 9.860503, 57.077847 ], [ 9.86043, 57.074703 ], [ 9.854658, 57.074743 ], [ 9.85473, 57.077887 ] ] ] } },
{ "type": "Feature", "properties": { "cell_id": 584, "area_m2": 122500.0, "bund": 65.5, "dybde": 89.4, "stroem": 66.0, "natur": 91.3 }, "geometry": { "type": "Polygon", "coordinates": [ [ [ 9.854802, 57.081031 ], [ 9.860576, 57.080991 ], [ 9.860503, 57.077847 ], [ 9.85473, 57.077887 ], [ 9.854802, 57.081031 ] ] ] } },
{ "type": "Feature", "properties": { "cell_id": 585, "area_m2": 122500.0, "bund": 62.5, "dybde": 88.1, "stroem": 67.4, "natur": 93.7 }, "geometry": { "type": "Polygon", "coordinates": [ [ [ 9.854875, 57.084174 ], [ 9.860649, 57.084135 ], [ 9.860576, 57.080991 ], [ 9.854802, 57.081031 ], [ 9.854875, 57.084174 ] ] ] } },
{ "type": "Feature", "properties": { "cell_id": 586, "area_m2": 115206.0, "bund": 59.7, "dybde": 86.7, "stroem": 68.7, "natur": 94.7 }, "geometry": { "type": "Polygon", "coordinates": [ [ [ 9.854875, 57.084174 ], [ 9.854947, 57.087318 ], [ 9.859005, 57.08729 ], [ 9.860692, 57.086019 ], [ 9.860649, 57.084135 ], [ 9.854875, 57.084174 ] ] ] } },
{ "type": "Feature", "properties": { "cell_id": 587, "area_m2": 39302.0, "bund": 58.0, "dybde": 86.1, "stroem": 69.6, "natur": 94.1 }, "geometry": { "type": "Polygon", "coordinates": [ [ [ 9.85501, 57.090055 ], [ 9.856773, 57.088969 ], [ 9.856833, 57.088928 ], [ 9.859005, 57.08729 ], [ 9.854947, 57.087318 ], [ 9.85501, 57.090055 ] ] ] } },
{ "type": "Feature", "properties": { "cell_id": 588, "area_m2": 35845.4, "bund": 58.5, "dybde": 84.6, "stroem": 79.4, "natur": 34.1 }, "geometry": { "type": "Polygon", "coordinates": [ [ [ 9.863059, 57.040098 ], [ 9.860272, 57.037634 ], [ 9.860218, 57.03759 ], [ 9.859561, 57.037121 ], [ 9.859631, 57.040121 ], [ 9.863059, 57.040098 ] ] ] } },
{ "type": "Feature", "properties": { "cell_id": 589, "area_m2": 104695.8, "bund": 61.1, "dybde": 86.1, "stroem": 78.7, "natur": 34.9 }, "geometry": { "type": "Polygon", "coordinates": [ [ [ 9.859703, 57.043265 ], [ 9.865471, 57.043225 ], [ 9.865453, 57.042477 ], [ 9.864342, 57.041237 ], [ 9.864296, 57.041191 ], [ 9.863059, 57.040098 ], [ 9.859631, 57.040121 ], [ 9.859703, 57.043265 ] ] ] } },
{ "type": "Feature", "properties": { "cell_id": 590, "area_m2": 122500.0, "bund": 64.6, "dybde": 87.1, "stroem": 77.6, "natur": 36.9 }, "geometry": { "type": "Polygon", "coordinates": [ [ [ 9.859776, 57.046409 ], [ 9.865544, 57.046369 ], [ 9.865471, 57.043225 ], [ 9.859703, 57.043265 ], [ 9.859776, 57.046409 ] ] ] } },
{ "type": "Feature", "properties": { "cell_id": 591, "area_m2": 122500.0, "bund": 67.9, "dybde": 88.0, "stroem": 76.6, "natur": 39.9 }, "geometry": { "type": "Polygon", "coordinates": [ [ [ 9.859849, 57.049553 ], [ 9.865617, 57.049513 ], [ 9.865544, 57.046369 ], [ 9.859776, 57.046409 ], [ 9.859849, 57.049553 ] ] ] } },
{ "type": "Feature", "properties": { "cell_id": 592, "area_m2": 122500.0, "bund": 70.4, "dybde": 88.7, "stroem": 75.2, "natur": 43.7 }, "geometry": { "type": "Polygon", "coordinates": [ [ [ 9.859921, 57.052697 ], [ 9.86569, 57.052657 ], [ 9.865617, 57.049513 ], [ 9.859849, 57.049553 ], [ 9.859921, 57.052697 ] ] ] } },
{ "type": "Feature", "properties": { "cell_id": 593, "area_m2": 122500.0, "bund": 72.0, "dybde": 89.3, "stroem": 73.1, "natur": 48.3 }, "geometry": { "type": "Polygon", "coordinates": [ [ [ 9.859994, 57.05584 ], [ 9.865763, 57.055801 ], [ 9.86569, 57.052657 ], [ 9.859921, 57.052697 ], [ 9.859994, 57.05584 ] ] ] } },
{ "type": "Feature", "properties": { "cell_id": 594, "area_m2": 122500.0, "bund": 72.7, "dybde": 89.6, "stroem": 70.2, "natur": 53.6 }, "geometry": { "type": "Polygon", "coordinates": [ [ [ 9.860067, 57.058984 ], [ 9.865837, 57.058945 ], [ 9.865763, 57.055801 ], [ 9.859994, 57.05584 ], [ 9.860067, 57.058984 ] ] ] } },
{ "type": "Feature", "properties": { "cell_id": 595, "area_m2": 122500.0, "bund": 72.6, "dybde": 89.8, "stroem": 66.8, "natur": 59.4 }, "geometry": { "type": "Polygon", "coordinates": [ [ [ 9.860139, 57.062128 ], [ 9.86591, 57.062088 ], [ 9.865837, 57.058945 ], [ 9.860067, 57.058984 ], [ 9.860139, 57.062128 ] ] ] } },
{ "type": "Feature", "properties": { "cell_id": 596, "area_m2": 122500.0, "bund": 71.8, "dybde": 89.7, "stroem": 63.6, "natur": 65.7 }, "geometry": { "type": "Polygon", "coordinates": [ [ [ 9.860212, 57.065272 ], [ 9.865983, 57.065232 ], [ 9.86591, 57.062088 ], [ 9.860139, 57.062128 ], [ 9.860212, 57.065272 ] ] ] } },
{ "type": "Feature", "properties": { "cell_id": 597, "area_m2": 122500.0, "bund": 70.3, "dybde": 89.4, "stroem": 61.2, "natur": 72.0 }, "geometry": { "type": "Polygon", "coordinates": [ [ [ 9.860285, 57.068416 ], [ 9.866056, 57.068376 ], [ 9.865983, 57.065232 ], [ 9.860212, 57.065272 ], [ 9.860285, 57.068416 ] ] ] } },
{ "type": "Feature", "properties": { "cell_id": 598, "area_m2": 122500.0, "bund": 68.5, "dybde": 88.9, "stroem": 60.2, "natur": 78.1 }, "geometry": { "type": "Polygon", "coordinates": [ [ [ 9.860358, 57.07156 ], [ 9.866129, 57.07152 ], [ 9.866056, 57.068376 ], [ 9.860285, 57.068416 ], [ 9.860358, 57.07156 ] ] ] } },
{ "type": "Feature", "properties": { "cell_id": 599, "area_m2": 122500.0, "bund": 66.3, "dybde": 88.1, "stroem": 60.5, "natur": 83.8 }, "geometry": { "type": "Polygon", "coordinates": [ [ [ 9.86043, 57.074703 ], [ 9.866203, 57.074664 ], [ 9.866129, 57.07152 ], [ 9.860358, 57.07156 ], [ 9.86043, 57.074703 ] ] ] } },
{ "type": "Feature", "properties": { "cell_id": 600, "area_m2": 122500.0, "bund": 64.0, "dybde": 87.2, "stroem": 62.0, "natur": 88.7 }, "geometry": { "type": "Polygon", "coordinates": [ [ [ 9.860503, 57.077847 ], [ 9.866276, 57.077807 ], [ 9.866203, 57.074664 ], [ 9.86043, 57.074703 ], [ 9.860503, 57.077847 ] ] ] } },
{ "type": "Feature", "properties": { "cell_id": 601, "area_m2": 122103.7, "bund": 61.5, "dybde": 86.0, "stroem": 64.0, "natur": 92.6 }, "geometry": { "type": "Polygon", "coordinates": [ [ [ 9.860503, 57.077847 ], [ 9.860576, 57.080991 ], [ 9.86603, 57.080953 ], [ 9.866341, 57.080584 ], [ 9.866276, 57.077807 ], [ 9.860503, 57.077847 ] ] ] } },
{ "type": "Feature", "properties": { "cell_id": 602, "area_m2": 82821.0, "bund": 59.6, "dybde": 85.3, "stroem": 66.1, "natur": 94.9 }, "geometry": { "type": "Polygon", "coordinates": [ [ [ 9.860649, 57.084135 ], [ 9.862852, 57.08412 ], [ 9.865242, 57.081885 ], [ 9.865287, 57.081838 ], [ 9.86603, 57.080953 ], [ 9.860576, 57.080991 ], [ 9.860649, 57.084135 ] ] ] } },
{ "type": "Feature", "properties": { "cell_id": 603, "area_m2": 90275.9, "bund": 58.9, "dybde": 87.9, "stroem": 77.9, "natur": 34.5 }, "geometry": { "type": "Polygon", "coordinates": [ [ [ 9.865544, 57.046369 ], [ 9.871312, 57.046329 ], [ 9.871257, 57.043999 ], [ 9.868888, 57.044337 ], [ 9.868699, 57.044359 ], [ 9.868506, 57.04437 ], [ 9.868312, 57.044371 ], [ 9.868119, 57.044362 ], [ 9.867929, 57.044343 ], [ 9.867743, 57.044313 ], [ 9.867563, 57.044274 ], [ 9.867391, 57.044225 ], [ 9.867228, 57.044168 ], [ 9.867077, 57.044102 ], [ 9.866938, 57.044028 ], [ 9.866814, 57.043947 ], [ 9.866704, 57.04386 ], [ 9.86661, 57.043767 ], [ 9.866121, 57.043221 ], [ 9.865471, 57.043225 ], [ 9.865544, 57.046369 ] ] ] } },
{ "type": "Feature", "properties": { "cell_id": 604, "area_m2": 122500.0, "bund": 61.4, "dybde": 88.3, "stroem": 75.9, "natur": 37.2 }, "geometry": { "type": "Polygon", "coordinates": [ [ [ 9.865617, 57.049513 ], [ 9.871386, 57.049473 ], [ 9.871312, 57.046329 ], [ 9.865544, 57.046369 ], [ 9.865617, 57.049513 ] ] ] } },
{ "type": "Feature", "properties": { "cell_id": 605, "area_m2": 122500.0, "bund": 63.7, "dybde": 88.5, "stroem": 73.6, "natur": 41.1 }, "geometry": { "type": "Polygon", "coordinates": [ [ [ 9.86569, 57.052657 ], [ 9.871459, 57.052617 ], [ 9.871386, 57.049473 ], [ 9.865617, 57.049513 ], [ 9.86569, 57.052657 ] ] ] } },
{ "type": "Feature", "properties": { "cell_id": 606, "area_m2": 122500.0, "bund": 65.3, "dybde": 88.5, "stroem": 70.8, "natur": 45.9 }, "geometry": { "type": "Polygon", "coordinates": [ [ [ 9.865763, 57.055801 ], [ 9.871533, 57.055761 ], [ 9.871459, 57.052617 ], [ 9.86569, 57.052657 ], [ 9.865763, 57.055801 ] ] ] } },
{ "type": "Feature", "properties": { "cell_id": 607, "area_m2": 122500.0, "bund": 66.0, "dybde": 88.3, "stroem": 67.3, "natur": 51.4 }, "geometry": { "type": "Polygon", "coordinates": [ [ [ 9.865837, 57.058945 ], [ 9.871607, 57.058904 ], [ 9.871533, 57.055761 ], [ 9.865763, 57.055801 ], [ 9.865837, 57.058945 ] ] ] } },
{ "type": "Feature", "properties": { "cell_id": 608, "area_m2": 122500.0, "bund": 66.1, "dybde": 88.0, "stroem": 63.5, "natur": 57.5 }, "geometry": { "type": "Polygon", "coordinates": [ [ [ 9.86591, 57.062088 ], [ 9.87168, 57.062048 ], [ 9.871607, 57.058904 ], [ 9.865837, 57.058945 ], [ 9.86591, 57.062088 ] ] ] } },
{ "type": "Feature", "properties": { "cell_id": 609, "area_m2": 122500.0, "bund": 65.6, "dybde": 87.4, "stroem": 60.1, "natur": 64.0 }, "geometry": { "type": "Polygon", "coordinates": [ [ [ 9.865983, 57.065232 ], [ 9.871754, 57.065192 ], [ 9.87168, 57.062048 ], [ 9.86591, 57.062088 ], [ 9.865983, 57.065232 ] ] ] } },
{ "type": "Feature", "properties": { "cell_id": 610, "area_m2": 122500.0, "bund": 64.5, "dybde": 86.7, "stroem": 57.8, "natur": 70.7 }, "geometry": { "type": "Polygon", "coordinates": [ [ [ 9.866056, 57.068376 ], [ 9.871828, 57.068336 ], [ 9.871754, 57.065192 ], [ 9.865983, 57.065232 ], [ 9.866056, 57.068376 ] ] ] } },
{ "type": "Feature", "properties": { "cell_id": 611, "area_m2": 122500.0, "bund": 63.1, "dybde": 85.7, "stroem": 57.0, "natur": 77.1 }, "geometry": { "type": "Polygon", "coordinates": [ [ [ 9.866129, 57.07152 ], [ 9.871901, 57.07148 ], [ 9.871828, 57.068336 ], [ 9.866056, 57.068376 ], [ 9.866129, 57.07152 ] ] ] } },
{ "type": "Feature", "properties": { "cell_id": 612, "area_m2": 111297.5, "bund": 61.6, "dybde": 84.9, "stroem": 57.9, "natur": 83.1 }, "geometry": { "type": "Polygon", "coordinates": [ [ [ 9.866129, 57.07152 ], [ 9.866203, 57.074664 ], [ 9.870632, 57.074633 ], [ 9.871008, 57.074037 ], [ 9.871035, 57.073987 ], [ 9.871913, 57.071968 ], [ 9.871901, 57.07148 ], [ 9.866129, 57.07152 ] ] ] } },
{ "type": "Feature", "properties": { "cell_id": 613, "area_m2": 72080.2, "bund": 60.4, "dybde": 84.3, "stroem": 60.1, "natur": 88.3 }, "geometry": { "type": "Polygon", "coordinates": [ [ [ 9.866276, 57.077807 ], [ 9.86864, 57.077791 ], [ 9.870632, 57.074633 ], [ 9.866203, 57.074664 ], [ 9.866276, 57.077807 ] ] ] } },
{ "type": "Feature", "properties": { "cell_id": 614, "area_m2": 22553.1, "bund": 59.2, "dybde": 83.9, "stroem": 62.5, "natur": 91.9 }, "geometry": { "type": "Polygon", "coordinates": [ [ [ 9.866341, 57.080584 ], [ 9.868479, 57.078038 ], [ 9.868515, 57.077989 ], [ 9.86864, 57.077791 ], [ 9.866276, 57.077807 ], [ 9.866341, 57.080584 ] ] ] } },
{ "type": "Feature", "properties": { "cell_id": 615, "area_m2": 106009.9, "bund": 52.3, "dybde": 88.3, "stroem": 78.7, "natur": 31.0 }, "geometry": { "type": "Polygon", "coordinates": [ [ [ 9.87708, 57.046289 ], [ 9.877007, 57.043178 ], [ 9.871257, 57.043999 ], [ 9.871312, 57.046329 ], [ 9.87708, 57.046289 ] ] ] } },
{ "type": "Feature", "properties": { "cell_id": 616, "area_m2": 122500.0, "bund": 55.1, "dybde": 88.2, "stroem": 75.3, "natur": 34.0 }, "geometry": { "type": "Polygon", "coordinates": [ [ [ 9.871386, 57.049473 ], [ 9.877154, 57.049433 ], [ 9.87708, 57.046289 ], [ 9.871312, 57.046329 ], [ 9.871386, 57.049473 ] ] ] } },
{ "type": "Feature", "properties": { "cell_id": 617, "area_m2": 122500.0, "bund": 57.3, "dybde": 87.9, "stroem": 72.2, "natur": 37.9 }, "geometry": { "type": "Polygon", "coordinates": [ [ [ 9.871459, 57.052617 ], [ 9.877228, 57.052577 ], [ 9.877154, 57.049433 ], [ 9.871386, 57.049473 ], [ 9.871459, 57.052617 ] ] ] } },
{ "type": "Feature", "properties": { "cell_id": 618, "area_m2": 122500.0, "bund": 58.8, "dybde": 87.4, "stroem": 68.9, "natur": 42.8 }, "geometry": { "type": "Polygon", "coordinates": [ [ [ 9.871533, 57.055761 ], [ 9.877302, 57.05572 ], [ 9.877228, 57.052577 ], [ 9.871459, 57.052617 ], [ 9.871533, 57.055761 ] ] ] } },
{ "type": "Feature", "properties": { "cell_id": 619, "area_m2": 122500.0, "bund": 59.6, "dybde": 86.7, "stroem": 65.1, "natur": 48.4 }, "geometry": { "type": "Polygon", "coordinates": [ [ [ 9.871607, 57.058904 ], [ 9.877377, 57.058864 ], [ 9.877302, 57.05572 ], [ 9.871533, 57.055761 ], [ 9.871607, 57.058904 ] ] ] } },
{ "type": "Feature", "properties": { "cell_id": 620, "area_m2": 101160.0, "bund": 60.2, "dybde": 86.0, "stroem": 61.6, "natur": 54.4 }, "geometry": { "type": "Polygon", "coordinates": [ [ [ 9.871607, 57.058904 ], [ 9.87168, 57.062048 ], [ 9.874101, 57.062031 ], [ 9.874101, 57.06203 ], [ 9.874117, 57.061924 ], [ 9.874153, 57.06182 ], [ 9.874207, 57.061718 ], [ 9.874279, 57.06162 ], [ 9.874369, 57.061526 ], [ 9.874475, 57.061437 ], [ 9.874597, 57.061354 ], [ 9.874732, 57.061278 ], [ 9.874881, 57.06121 ], [ 9.875042, 57.06115 ], [ 9.875212, 57.061099 ], [ 9.875391, 57.061058 ], [ 9.875577, 57.061026 ], [ 9.877421, 57.060763 ], [ 9.877377, 57.058864 ], [ 9.871607, 57.058904 ] ] ] } },
{ "type": "Feature", "properties": { "cell_id": 621, "area_m2": 48371.8, "bund": 61.3, "dybde": 85.6, "stroem": 58.4, "natur": 62.2 }, "geometry": { "type": "Polygon", "coordinates": [ [ [ 9.871754, 57.065192 ], [ 9.873891, 57.065177 ], [ 9.874101, 57.062031 ], [ 9.87168, 57.062048 ], [ 9.871754, 57.065192 ] ] ] } },
{ "type": "Feature", "properties": { "cell_id": 622, "area_m2": 38133.6, "bund": 60.8, "dybde": 84.7, "stroem": 56.3, "natur": 68.9 }, "geometry": { "type": "Polygon", "coordinates": [ [ [ 9.871828, 57.068336 ], [ 9.873204, 57.068326 ], [ 9.87385, 57.065728 ], [ 9.873858, 57.065675 ], [ 9.873891, 57.065177 ], [ 9.871754, 57.065192 ], [ 9.871828, 57.068336 ] ] ] } },
{ "type": "Feature", "properties": { "cell_id": 623, "area_m2": 18554.3, "bund": 60.0, "dybde": 83.9, "stroem": 55.8, "natur": 75.3 }, "geometry": { "type": "Polygon", "coordinates": [ [ [ 9.871901, 57.07148 ], [ 9.872126, 57.071478 ], [ 9.872803, 57.069921 ], [ 9.872821, 57.069869 ], [ 9.873204, 57.068326 ], [ 9.871828, 57.068336 ], [ 9.871901, 57.07148 ] ] ] } },
{ "type": "Feature", "properties": { "cell_id": 624, "area_m2": 122473.0, "bund": 46.5, "dybde": 88.3, "stroem": 79.6, "natur": 27.4 }, "geometry": { "type": "Polygon", "coordinates": [ [ [ 9.882848, 57.046248 ], [ 9.882773, 57.043105 ], [ 9.877249, 57.043143 ], [ 9.877007, 57.043178 ], [ 9.87708, 57.046289 ], [ 9.882848, 57.046248 ] ] ] } },
{ "type": "Feature", "properties": { "cell_id": 625, "area_m2": 122500.0, "bund": 49.3, "dybde": 87.7, "stroem": 74.9, "natur": 30.3 }, "geometry": { "type": "Polygon", "coordinates": [ [ [ 9.877154, 57.049433 ], [ 9.882923, 57.049392 ], [ 9.882848, 57.046248 ], [ 9.87708, 57.046289 ], [ 9.877154, 57.049433 ] ] ] } },
{ "type": "Feature", "properties": { "cell_id": 626, "area_m2": 122500.0, "bund": 51.3, "dybde": 86.9, "stroem": 71.2, "natur": 34.2 }, "geometry": { "type": "Polygon", "coordinates": [ [ [ 9.877228, 57.052577 ], [ 9.882997, 57.052536 ], [ 9.882923, 57.049392 ], [ 9.877154, 57.049433 ], [ 9.877228, 57.052577 ] ] ] } },
{ "type": "Feature", "properties": { "cell_id": 627, "area_m2": 122500.0, "bund": 52.8, "dybde": 85.9, "stroem": 67.7, "natur": 39.1 }, "geometry": { "type": "Polygon", "coordinates": [ [ [ 9.877302, 57.05572 ], [ 9.883072, 57.05568 ], [ 9.882997, 57.052536 ], [ 9.877228, 57.052577 ], [ 9.877302, 57.05572 ] ] ] } },
{ "type": "Feature", "properties": { "cell_id": 628, "area_m2": 122500.0, "bund": 53.7, "dybde": 84.6, "stroem": 64.0, "natur": 44.7 }, "geometry": { "type": "Polygon", "coordinates": [ [ [ 9.877377, 57.058864 ], [ 9.883146, 57.058824 ], [ 9.883072, 57.05568 ], [ 9.877302, 57.05572 ], [ 9.877377, 57.058864 ] ] ] } },
{ "type": "Feature", "properties": { "cell_id": 629, "area_m2": 58765.8, "bund": 54.2, "dybde": 83.7, "stroem": 61.3, "natur": 49.6 }, "geometry": { "type": "Polygon", "coordinates": [ [ [ 9.877377, 57.058864 ], [ 9.877421, 57.060763 ], [ 9.883173, 57.059942 ], [ 9.883146, 57.058824 ], [ 9.877377, 57.058864 ] ] ] } },
{ "type": "Feature", "properties": { "cell_id": 630, "area_m2": 44339.8, "bund": 38.9, "dybde": 88.3, "stroem": 84.7, "natur": 21.9 }, "geometry": { "type": "Polygon", "coordinates": [ [ [ 9.888541, 57.043064 ], [ 9.888504, 57.041536 ], [ 9.882756, 57.042357 ], [ 9.882773, 57.043105 ], [ 9.888541, 57.043064 ] ] ] } },
{ "type": "Feature", "properties": { "cell_id": 631, "area_m2": 122500.0, "bund": 41.4, "dybde": 87.8, "stroem": 79.7, "natur": 23.5 }, "geometry": { "type": "Polygon", "coordinates": [ [ [ 9.882848, 57.046248 ], [ 9.888616, 57.046208 ], [ 9.888541, 57.043064 ], [ 9.882773, 57.043105 ], [ 9.882848, 57.046248 ] ] ] } },
{ "type": "Feature", "properties": { "cell_id": 632, "area_m2": 122500.0, "bund": 44.0, "dybde": 86.8, "stroem": 74.5, "natur": 26.3 }, "geometry": { "type": "Polygon", "coordinates": [ [ [ 9.882923, 57.049392 ], [ 9.888691, 57.049351 ], [ 9.888616, 57.046208 ], [ 9.882848, 57.046248 ], [ 9.882923, 57.049392 ] ] ] } },
{ "type": "Feature", "properties": { "cell_id": 633, "area_m2": 122500.0, "bund": 46.0, "dybde": 85.5, "stroem": 70.6, "natur": 30.1 }, "geometry": { "type": "Polygon", "coordinates": [ [ [ 9.882997, 57.052536 ], [ 9.888766, 57.052495 ], [ 9.888691, 57.049351 ], [ 9.882923, 57.049392 ], [ 9.882997, 57.052536 ] ] ] } },
{ "type": "Feature", "properties": { "cell_id": 634, "area_m2": 122500.0, "bund": 47.5, "dybde": 84.0, "stroem": 67.3, "natur": 34.8 }, "geometry": { "type": "Polygon", "coordinates": [ [ [ 9.883072, 57.05568 ], [ 9.888841, 57.055639 ], [ 9.888766, 57.052495 ], [ 9.882997, 57.052536 ], [ 9.883072, 57.05568 ] ] ] } },
{ "type": "Feature", "properties": { "cell_id": 635, "area_m2": 122500.0, "bund": 48.4, "dybde": 82.2, "stroem": 64.0, "natur": 40.4 }, "geometry": { "type": "Polygon", "coordinates": [ [ [ 9.883146, 57.058824 ], [ 9.888916, 57.058783 ], [ 9.888841, 57.055639 ], [ 9.883072, 57.05568 ], [ 9.883146, 57.058824 ] ] ] } },
{ "type": "Feature", "properties": { "cell_id": 636, "area_m2": 28350.9, "bund": 49.2, "dybde": 81.2, "stroem": 61.9, "natur": 44.7 }, "geometry": { "type": "Polygon", "coordinates": [ [ [ 9.883146, 57.058824 ], [ 9.883173, 57.059942 ], [ 9.888924, 57.05912 ], [ 9.888916, 57.058783 ], [ 9.883146, 57.058824 ] ] ] } },
{ "type": "Feature", "properties": { "cell_id": 637, "area_m2": 74754.8, "bund": 34.2, "dybde": 87.7, "stroem": 84.8, "natur": 17.9 }, "geometry": { "type": "Polygon", "coordinates": [ [ [ 9.894308, 57.043023 ], [ 9.894253, 57.040714 ], [ 9.888504, 57.041536 ], [ 9.888541, 57.043064 ], [ 9.894308, 57.043023 ] ] ] } },
{ "type": "Feature", "properties": { "cell_id": 638, "area_m2": 122500.0, "bund": 36.9, "dybde": 86.9, "stroem": 78.9, "natur": 19.5 }, "geometry": { "type": "Polygon", "coordinates": [ [ [ 9.888616, 57.046208 ], [ 9.894384, 57.046167 ], [ 9.894308, 57.043023 ], [ 9.888541, 57.043064 ], [ 9.888616, 57.046208 ] ] ] } },
{ "type": "Feature", "properties": { "cell_id": 639, "area_m2": 122500.0, "bund": 39.5, "dybde": 85.4, "stroem": 73.7, "natur": 22.1 }, "geometry": { "type": "Polygon", "coordinates": [ [ [ 9.888691, 57.049351 ], [ 9.89446, 57.04931 ], [ 9.894384, 57.046167 ], [ 9.888616, 57.046208 ], [ 9.888691, 57.049351 ] ] ] } },
{ "type": "Feature", "properties": { "cell_id": 640, "area_m2": 122500.0, "bund": 41.5, "dybde": 83.7, "stroem": 70.2, "natur": 25.7 }, "geometry": { "type": "Polygon", "coordinates": [ [ [ 9.888766, 57.052495 ], [ 9.894535, 57.052454 ], [ 9.89446, 57.04931 ], [ 9.888691, 57.049351 ], [ 9.888766, 57.052495 ] ] ] } },
{ "type": "Feature", "properties": { "cell_id": 641, "area_m2": 122500.0, "bund": 42.9, "dybde": 81.6, "stroem": 67.4, "natur": 30.3 }, "geometry": { "type": "Polygon", "coordinates": [ [ [ 9.888841, 57.055639 ], [ 9.894611, 57.055598 ], [ 9.894535, 57.052454 ], [ 9.888766, 57.052495 ], [ 9.888841, 57.055639 ] ] ] } },
{ "type": "Feature", "properties": { "cell_id": 642, "area_m2": 117596.0, "bund": 43.9, "dybde": 79.5, "stroem": 64.8, "natur": 35.6 }, "geometry": { "type": "Polygon", "coordinates": [ [ [ 9.888841, 57.055639 ], [ 9.888916, 57.058783 ], [ 9.89141, 57.058765 ], [ 9.894676, 57.058299 ], [ 9.894611, 57.055598 ], [ 9.888841, 57.055639 ] ] ] } },
{ "type": "Feature", "properties": { "cell_id": 643, "area_m2": 105169.8, "bund": 30.1, "dybde": 86.7, "stroem": 82.9, "natur": 14.0 }, "geometry": { "type": "Polygon", "coordinates": [ [ [ 9.900076, 57.042981 ], [ 9.900001, 57.039892 ], [ 9.894253, 57.040714 ], [ 9.894308, 57.043023 ], [ 9.900076, 57.042981 ] ] ] } },
{ "type": "Feature", "properties": { "cell_id": 644, "area_m2": 122500.0, "bund": 33.3, "dybde": 85.4, "stroem": 76.9, "natur": 15.4 }, "geometry": { "type": "Polygon", "coordinates": [ [ [ 9.894384, 57.046167 ], [ 9.900152, 57.046125 ], [ 9.900076, 57.042981 ], [ 9.894308, 57.043023 ], [ 9.894384, 57.046167 ] ] ] } },
{ "type": "Feature", "properties": { "cell_id": 645, "area_m2": 122500.0, "bund": 35.9, "dybde": 83.6, "stroem": 72.5, "natur": 17.8 }, "geometry": { "type": "Polygon", "coordinates": [ [ [ 9.89446, 57.04931 ], [ 9.900228, 57.049269 ], [ 9.900152, 57.046125 ], [ 9.894384, 57.046167 ], [ 9.89446, 57.04931 ] ] ] } },
{ "type": "Feature", "properties": { "cell_id": 646, "area_m2": 122500.0, "bund": 37.9, "dybde": 81.4, "stroem": 69.7, "natur": 21.2 }, "geometry": { "type": "Polygon", "coordinates": [ [ [ 9.894535, 57.052454 ], [ 9.900304, 57.052413 ], [ 9.900228, 57.049269 ], [ 9.89446, 57.04931 ], [ 9.894535, 57.052454 ] ] ] } },
{ "type": "Feature", "properties": { "cell_id": 647, "area_m2": 122500.0, "bund": 39.3, "dybde": 79.0, "stroem": 67.6, "natur": 25.5 }, "geometry": { "type": "Polygon", "coordinates": [ [ [ 9.894611, 57.055598 ], [ 9.90038, 57.055557 ], [ 9.900304, 57.052413 ], [ 9.894535, 57.052454 ], [ 9.894611, 57.055598 ] ] ] } },
{ "type": "Feature", "properties": { "cell_id": 648, "area_m2": 90020.9, "bund": 40.2, "dybde": 76.7, "stroem": 65.9, "natur": 30.1 }, "geometry": { "type": "Polygon", "coordinates": [ [ [ 9.894611, 57.055598 ], [ 9.894676, 57.058299 ], [ 9.900427, 57.057477 ], [ 9.90038, 57.055557 ], [ 9.894611, 57.055598 ] ] ] } },
{ "type": "Feature", "properties": { "cell_id": 649, "area_m2": 18843.7, "bund": 24.2, "dybde": 85.6, "stroem": 81.8, "natur": 9.5 }, "geometry": { "type": "Polygon", "coordinates": [ [ [ 9.905742, 57.038762 ], [ 9.900395, 57.039831 ], [ 9.900371, 57.039835 ], [ 9.905767, 57.039796 ], [ 9.905742, 57.038762 ] ] ] } },
{ "type": "Feature", "properties": { "cell_id": 650, "area_m2": 122428.6, "bund": 27.1, "dybde": 85.2, "stroem": 79.0, "natur": 10.4 }, "geometry": { "type": "Polygon", "coordinates": [ [ [ 9.905843, 57.04294 ], [ 9.905767, 57.039796 ], [ 9.900371, 57.039835 ], [ 9.900216, 57.039861 ], [ 9.900001, 57.039892 ], [ 9.900076, 57.042981 ], [ 9.905843, 57.04294 ] ] ] } },
{ "type": "Feature", "properties": { "cell_id": 651, "area_m2": 122500.0, "bund": 30.4, "dybde": 83.5, "stroem": 73.9, "natur": 11.6 }, "geometry": { "type": "Polygon", "coordinates": [ [ [ 9.900152, 57.046125 ], [ 9.90592, 57.046084 ], [ 9.905843, 57.04294 ], [ 9.900076, 57.042981 ], [ 9.900152, 57.046125 ] ] ] } },
{ "type": "Feature", "properties": { "cell_id": 652, "area_m2": 122500.0, "bund": 33.1, "dybde": 81.3, "stroem": 70.8, "natur": 13.7 }, "geometry": { "type": "Polygon", "coordinates": [ [ [ 9.900228, 57.049269 ], [ 9.905996, 57.049227 ], [ 9.90592, 57.046084 ], [ 9.900152, 57.046125 ], [ 9.900228, 57.049269 ] ] ] } },
{ "type": "Feature", "properties": { "cell_id": 653, "area_m2": 122500.0, "bund": 35.0, "dybde": 78.8, "stroem": 68.9, "natur": 16.8 }, "geometry": { "type": "Polygon", "coordinates": [ [ [ 9.900304, 57.052413 ], [ 9.906073, 57.052371 ], [ 9.905996, 57.049227 ], [ 9.900228, 57.049269 ], [ 9.900304, 57.052413 ] ] ] } },
{ "type": "Feature", "properties": { "cell_id": 654, "area_m2": 122500.0, "bund": 36.4, "dybde": 76.0, "stroem": 67.5, "natur": 20.8 }, "geometry": { "type": "Polygon", "coordinates": [ [ [ 9.90038, 57.055557 ], [ 9.90615, 57.055515 ], [ 9.906073, 57.052371 ], [ 9.900304, 57.052413 ], [ 9.90038, 57.055557 ] ] ] } },
{ "type": "Feature", "properties": { "cell_id": 655, "area_m2": 59605.9, "bund": 37.3, "dybde": 73.9, "stroem": 66.7, "natur": 24.6 }, "geometry": { "type": "Polygon", "coordinates": [ [ [ 9.90038, 57.055557 ], [ 9.900427, 57.057477 ], [ 9.906177, 57.056655 ], [ 9.90615, 57.055515 ], [ 9.90038, 57.055557 ] ] ] } },
{ "type": "Feature", "properties": { "cell_id": 656, "area_m2": 61854.9, "bund": 21.9, "dybde": 84.0, "stroem": 76.5, "natur": 6.9 }, "geometry": { "type": "Polygon", "coordinates": [ [ [ 9.911534, 57.039754 ], [ 9.911481, 57.037614 ], [ 9.905742, 57.038762 ], [ 9.905767, 57.039796 ], [ 9.911534, 57.039754 ] ] ] } },
{ "type": "Feature", "properties": { "cell_id": 657, "area_m2": 122500.0, "bund": 25.1, "dybde": 83.0, "stroem": 73.5, "natur": 7.1 }, "geometry": { "type": "Polygon", "coordinates": [ [ [ 9.905843, 57.04294 ], [ 9.911611, 57.042898 ], [ 9.911534, 57.039754 ], [ 9.905767, 57.039796 ], [ 9.905843, 57.04294 ] ] ] } },
{ "type": "Feature", "properties": { "cell_id": 658, "area_m2": 122500.0, "bund": 28.5, "dybde": 81.1, "stroem": 70.3, "natur": 8.0 }, "geometry": { "type": "Polygon", "coordinates": [ [ [ 9.90592, 57.046084 ], [ 9.911688, 57.046042 ], [ 9.911611, 57.042898 ], [ 9.905843, 57.04294 ], [ 9.90592, 57.046084 ] ] ] } },
{ "type": "Feature", "properties": { "cell_id": 659, "area_m2": 122500.0, "bund": 31.1, "dybde": 78.7, "stroem": 68.4, "natur": 9.8 }, "geometry": { "type": "Polygon", "coordinates": [ [ [ 9.905996, 57.049227 ], [ 9.911765, 57.049186 ], [ 9.911688, 57.046042 ], [ 9.90592, 57.046084 ], [ 9.905996, 57.049227 ] ] ] } },
{ "type": "Feature", "properties": { "cell_id": 660, "area_m2": 122500.0, "bund": 33.0, "dybde": 75.9, "stroem": 67.5, "natur": 12.6 }, "geometry": { "type": "Polygon", "coordinates": [ [ [ 9.906073, 57.052371 ], [ 9.911842, 57.052329 ], [ 9.911765, 57.049186 ], [ 9.905996, 57.049227 ], [ 9.906073, 57.052371 ] ] ] } },
{ "type": "Feature", "properties": { "cell_id": 661, "area_m2": 122500.0, "bund": 34.4, "dybde": 72.7, "stroem": 67.0, "natur": 16.3 }, "geometry": { "type": "Polygon", "coordinates": [ [ [ 9.90615, 57.055515 ], [ 9.911919, 57.055473 ], [ 9.911842, 57.052329 ], [ 9.906073, 57.052371 ], [ 9.90615, 57.055515 ] ] ] } },
{ "type": "Feature", "properties": { "cell_id": 662, "area_m2": 28137.8, "bund": 35.2, "dybde": 71.0, "stroem": 66.8, "natur": 19.6 }, "geometry": { "type": "Polygon", "coordinates": [ [ [ 9.90615, 57.055515 ], [ 9.906177, 57.056655 ], [ 9.908952, 57.056258 ], [ 9.908997, 57.056251 ], [ 9.910371, 57.056016 ], [ 9.910416, 57.056007 ], [ 9.911925, 57.055706 ], [ 9.911919, 57.055473 ], [ 9.90615, 57.055515 ] ] ] } },
{ "type": "Feature", "properties": { "cell_id": 663, "area_m2": 104038.6, "bund": 20.2, "dybde": 81.6, "stroem": 69.7, "natur": 4.4 }, "geometry": { "type": "Polygon", "coordinates": [ [ [ 9.917301, 57.039712 ], [ 9.917224, 57.036603 ], [ 9.915972, 57.036755 ], [ 9.915887, 57.036767 ], [ 9.914627, 57.036985 ], [ 9.914585, 57.036993 ], [ 9.911481, 57.037614 ], [ 9.911534, 57.039754 ], [ 9.917301, 57.039712 ] ] ] } },
{ "type": "Feature", "properties": { "cell_id": 664, "area_m2": 122500.0, "bund": 24.0, "dybde": 80.2, "stroem": 67.6, "natur": 4.3 }, "geometry": { "type": "Polygon", "coordinates": [ [ [ 9.911611, 57.042898 ], [ 9.917378, 57.042856 ], [ 9.917301, 57.039712 ], [ 9.911534, 57.039754 ], [ 9.911611, 57.042898 ] ] ] } },
{ "type": "Feature", "properties": { "cell_id": 665, "area_m2": 122500.0, "bund": 27.3, "dybde": 78.1, "stroem": 66.1, "natur": 4.9 }, "geometry": { "type": "Polygon", "coordinates": [ [ [ 9.911688, 57.046042 ], [ 9.917456, 57.046 ], [ 9.917378, 57.042856 ], [ 9.911611, 57.042898 ], [ 9.911688, 57.046042 ] ] ] } },
{ "type": "Feature", "properties": { "cell_id": 666, "area_m2": 122500.0, "bund": 29.9, "dybde": 75.6, "stroem": 65.4, "natur": 6.5 }, "geometry": { "type": "Polygon", "coordinates": [ [ [ 9.911765, 57.049186 ], [ 9.917533, 57.049144 ], [ 9.917456, 57.046 ], [ 9.911688, 57.046042 ], [ 9.911765, 57.049186 ] ] ] } },
{ "type": "Feature", "properties": { "cell_id": 667, "area_m2": 122500.0, "bund": 31.7, "dybde": 72.6, "stroem": 65.4, "natur": 8.9 }, "geometry": { "type": "Polygon", "coordinates": [ [ [ 9.911842, 57.052329 ], [ 9.917611, 57.052287 ], [ 9.917533, 57.049144 ], [ 9.911765, 57.049186 ], [ 9.911842, 57.052329 ] ] ] } },
{ "type": "Feature", "properties": { "cell_id": 668, "area_m2": 109054.5, "bund": 33.1, "dybde": 69.6, "stroem": 65.7, "natur": 12.3 }, "geometry": { "type": "Polygon", "coordinates": [ [ [ 9.911842, 57.052329 ], [ 9.911919, 57.055473 ], [ 9.913131, 57.055464 ], [ 9.917667, 57.054557 ], [ 9.917611, 57.052287 ], [ 9.911842, 57.052329 ] ] ] } },
{ "type": "Feature", "properties": { "cell_id": 669, "area_m2": 122275.7, "bund": 19.8, "dybde": 78.6, "stroem": 62.6, "natur": 2.6 }, "geometry": { "type": "Polygon", "coordinates": [ [ [ 9.923068, 57.03967 ], [ 9.922991, 57.03658 ], [ 9.922051, 57.036533 ], [ 9.917716, 57.036565 ], [ 9.917327, 57.036592 ], [ 9.917241, 57.036601 ], [ 9.917224, 57.036603 ], [ 9.917301, 57.039712 ], [ 9.923068, 57.03967 ] ] ] } },
{ "type": "Feature", "properties": { "cell_id": 670, "area_m2": 122500.0, "bund": 23.7, "dybde": 76.9, "stroem": 61.5, "natur": 2.1 }, "geometry": { "type": "Polygon", "coordinates": [ [ [ 9.917378, 57.042856 ], [ 9.923146, 57.042814 ], [ 9.923068, 57.03967 ], [ 9.917301, 57.039712 ], [ 9.917378, 57.042856 ] ] ] } },
{ "type": "Feature", "properties": { "cell_id": 671, "area_m2": 122500.0, "bund": 26.9, "dybde": 74.8, "stroem": 61.3, "natur": 2.5 }, "geometry": { "type": "Polygon", "coordinates": [ [ [ 9.917456, 57.046 ], [ 9.923224, 57.045957 ], [ 9.923146, 57.042814 ], [ 9.917378, 57.042856 ], [ 9.917456, 57.046 ] ] ] } },
{ "type": "Feature", "properties": { "cell_id": 672, "area_m2": 122500.0, "bund": 29.3, "dybde": 72.1, "stroem": 61.7, "natur": 3.8 }, "geometry": { "type": "Polygon", "coordinates": [ [ [ 9.917533, 57.049144 ], [ 9.923302, 57.049101 ], [ 9.923224, 57.045957 ], [ 9.917456, 57.046 ], [ 9.917533, 57.049144 ] ] ] } },
{ "type": "Feature", "properties": { "cell_id": 673, "area_m2": 122500.0, "bund": 31.1, "dybde": 69.0, "stroem": 62.4, "natur": 6.0 }, "geometry": { "type": "Polygon", "coordinates": [ [ [ 9.917611, 57.052287 ], [ 9.92338, 57.052245 ], [ 9.923302, 57.049101 ], [ 9.917533, 57.049144 ], [ 9.917611, 57.052287 ] ] ] } },
{ "type": "Feature", "properties": { "cell_id": 674, "area_m2": 68455.8, "bund": 32.2, "dybde": 66.6, "stroem": 63.3, "natur": 8.4 }, "geometry": { "type": "Polygon", "coordinates": [ [ [ 9.917611, 57.052287 ], [ 9.917667, 57.054557 ], [ 9.921664, 57.053758 ], [ 9.921831, 57.053729 ], [ 9.922002, 57.053708 ], [ 9.922176, 57.053696 ], [ 9.922351, 57.053692 ], [ 9.922526, 57.053696 ], [ 9.923417, 57.053741 ], [ 9.92338, 57.052245 ], [ 9.917611, 57.052287 ] ] ] } },
{ "type": "Feature", "properties": { "cell_id": 675, "area_m2": 113936.5, "bund": 20.6, "dybde": 74.8, "stroem": 55.1, "natur": 1.2 }, "geometry": { "type": "Polygon", "coordinates": [ [ [ 9.928835, 57.039627 ], [ 9.928766, 57.036869 ], [ 9.922991, 57.03658 ], [ 9.923068, 57.03967 ], [ 9.928835, 57.039627 ] ] ] } },
{ "type": "Feature", "properties": { "cell_id": 676, "area_m2": 122500.0, "bund": 24.1, "dybde": 73.2, "stroem": 55.1, "natur": 0.6 }, "geometry": { "type": "Polygon", "coordinates": [ [ [ 9.923146, 57.042814 ], [ 9.928913, 57.042771 ], [ 9.928835, 57.039627 ], [ 9.923068, 57.03967 ], [ 9.923146, 57.042814 ] ] ] } },
{ "type": "Feature", "properties": { "cell_id": 677, "area_m2": 122500.0, "bund": 27.1, "dybde": 71.0, "stroem": 55.7, "natur": 0.8 }, "geometry": { "type": "Polygon", "coordinates": [ [ [ 9.923224, 57.045957 ], [ 9.928991, 57.045915 ], [ 9.928913, 57.042771 ], [ 9.923146, 57.042814 ], [ 9.923224, 57.045957 ] ] ] } },
{ "type": "Feature", "properties": { "cell_id": 678, "area_m2": 122500.0, "bund": 29.4, "dybde": 68.3, "stroem": 57.0, "natur": 1.9 }, "geometry": { "type": "Polygon", "coordinates": [ [ [ 9.923302, 57.049101 ], [ 9.92907, 57.049058 ], [ 9.928991, 57.045915 ], [ 9.923224, 57.045957 ], [ 9.923302, 57.049101 ] ] ] } },
{ "type": "Feature", "properties": { "cell_id": 679, "area_m2": 122500.0, "bund": 31.1, "dybde": 65.3, "stroem": 58.5, "natur": 3.8 }, "geometry": { "type": "Polygon", "coordinates": [ [ [ 9.92338, 57.052245 ], [ 9.929148, 57.052202 ], [ 9.92907, 57.049058 ], [ 9.923302, 57.049101 ], [ 9.92338, 57.052245 ] ] ] } },
{ "type": "Feature", "properties": { "cell_id": 680, "area_m2": 64753.1, "bund": 32.0, "dybde": 62.7, "stroem": 59.7, "natur": 5.8 }, "geometry": { "type": "Polygon", "coordinates": [ [ [ 9.92338, 57.052245 ], [ 9.923417, 57.053741 ], [ 9.929194, 57.05403 ], [ 9.929148, 57.052202 ], [ 9.92338, 57.052245 ] ] ] } },
{ "type": "Feature", "properties": { "cell_id": 681, "area_m2": 101014.4, "bund": 22.1, "dybde": 70.4, "stroem": 47.4, "natur": 0.7 }, "geometry": { "type": "Polygon", "coordinates": [ [ [ 9.934601, 57.039584 ], [ 9.934541, 57.037158 ], [ 9.928766, 57.036869 ], [ 9.928835, 57.039627 ], [ 9.934601, 57.039584 ] ] ] } },
{ "type": "Feature", "properties": { "cell_id": 682, "area_m2": 122500.0, "bund": 25.1, "dybde": 68.9, "stroem": 47.9, "natur": 0.0 }, "geometry": { "type": "Polygon", "coordinates": [ [ [ 9.928913, 57.042771 ], [ 9.93468, 57.042728 ], [ 9.934601, 57.039584 ], [ 9.928835, 57.039627 ], [ 9.928913, 57.042771 ] ] ] } },
{ "type": "Feature", "properties": { "cell_id": 683, "area_m2": 122500.0, "bund": 27.8, "dybde": 66.8, "stroem": 49.3, "natur": 0.0 }, "geometry": { "type": "Polygon", "coordinates": [ [ [ 9.928991, 57.045915 ], [ 9.934759, 57.045872 ], [ 9.93468, 57.042728 ], [ 9.928913, 57.042771 ], [ 9.928991, 57.045915 ] ] ] } },
{ "type": "Feature", "properties": { "cell_id": 684, "area_m2": 122500.0, "bund": 29.9, "dybde": 64.3, "stroem": 51.3, "natur": 0.9 }, "geometry": { "type": "Polygon", "coordinates": [ [ [ 9.92907, 57.049058 ], [ 9.934838, 57.049016 ], [ 9.934759, 57.045872 ], [ 9.928991, 57.045915 ], [ 9.92907, 57.049058 ] ] ] } },
{ "type": "Feature", "properties": { "cell_id": 685, "area_m2": 122500.0, "bund": 31.4, "dybde": 61.4, "stroem": 53.5, "natur": 2.6 }, "geometry": { "type": "Polygon", "coordinates": [ [ [ 9.929148, 57.052202 ], [ 9.934917, 57.052159 ], [ 9.934838, 57.049016 ], [ 9.92907, 57.049058 ], [ 9.929148, 57.052202 ] ] ] } },
{ "type": "Feature", "properties": { "cell_id": 686, "area_m2": 77675.2, "bund": 32.3, "dybde": 58.7, "stroem": 55.4, "natur": 4.5 }, "geometry": { "type": "Polygon", "coordinates": [ [ [ 9.929148, 57.052202 ], [ 9.929194, 57.05403 ], [ 9.934972, 57.054319 ], [ 9.934917, 57.052159 ], [ 9.929148, 57.052202 ] ] ] } },
{ "type": "Feature", "properties": { "cell_id": 687, "area_m2": 88092.4, "bund": 23.9, "dybde": 65.6, "stroem": 39.1, "natur": 0.9 }, "geometry": { "type": "Polygon", "coordinates": [ [ [ 9.940368, 57.039541 ], [ 9.940315, 57.037446 ], [ 9.934541, 57.037158 ], [ 9.934601, 57.039584 ], [ 9.940368, 57.039541 ] ] ] } },
{ "type": "Feature", "properties": { "cell_id": 688, "area_m2": 122500.0, "bund": 26.4, "dybde": 64.2, "stroem": 40.0, "natur": 0.3 }, "geometry": { "type": "Polygon", "coordinates": [ [ [ 9.93468, 57.042728 ], [ 9.940448, 57.042685 ], [ 9.940368, 57.039541 ], [ 9.934601, 57.039584 ], [ 9.93468, 57.042728 ] ] ] } },
{ "type": "Feature", "properties": { "cell_id": 689, "area_m2": 122500.0, "bund": 28.8, "dybde": 62.4, "stroem": 42.0, "natur": 0.2 }, "geometry": { "type": "Polygon", "coordinates": [ [ [ 9.934759, 57.045872 ], [ 9.940527, 57.045829 ], [ 9.940448, 57.042685 ], [ 9.93468, 57.042728 ], [ 9.934759, 57.045872 ] ] ] } },
{ "type": "Feature", "properties": { "cell_id": 690, "area_m2": 122500.0, "bund": 30.7, "dybde": 60.0, "stroem": 44.6, "natur": 0.9 }, "geometry": { "type": "Polygon", "coordinates": [ [ [ 9.934838, 57.049016 ], [ 9.940607, 57.048972 ], [ 9.940527, 57.045829 ], [ 9.934759, 57.045872 ], [ 9.934838, 57.049016 ] ] ] } },
{ "type": "Feature", "properties": { "cell_id": 691, "area_m2": 122500.0, "bund": 32.1, "dybde": 57.3, "stroem": 47.6, "natur": 2.3 }, "geometry": { "type": "Polygon", "coordinates": [ [ [ 9.934917, 57.052159 ], [ 9.940686, 57.052116 ], [ 9.940607, 57.048972 ], [ 9.934838, 57.049016 ], [ 9.934917, 57.052159 ] ] ] } },
{ "type": "Feature", "properties": { "cell_id": 692, "area_m2": 104165.0, "bund": 33.0, "dybde": 54.4, "stroem": 50.3, "natur": 4.4 }, "geometry": { "type": "Polygon", "coordinates": [ [ [ 9.940686, 57.052116 ], [ 9.934917, 57.052159 ], [ 9.934972, 57.054319 ], [ 9.935704, 57.054355 ], [ 9.935915, 57.054372 ], [ 9.936122, 57.054401 ], [ 9.936321, 57.054442 ], [ 9.939759, 57.055267 ], [ 9.940766, 57.05526 ], [ 9.940686, 57.052116 ] ] ] } },
{ "type": "Feature", "properties": { "cell_id": 693, "area_m2": 70706.3, "bund": 25.9, "dybde": 60.4, "stroem": 30.6, "natur": 2.0 }, "geometry": { "type": "Polygon", "coordinates": [ [ [ 9.946135, 57.039498 ], [ 9.946101, 57.038147 ], [ 9.944782, 57.037876 ], [ 9.94468, 57.037858 ], [ 9.94315, 57.037642 ], [ 9.943045, 57.037631 ], [ 9.941454, 57.037504 ], [ 9.941401, 57.0375 ], [ 9.940315, 57.037446 ], [ 9.940368, 57.039541 ], [ 9.946135, 57.039498 ] ] ] } },
{ "type": "Feature", "properties": { "cell_id": 694, "area_m2": 122500.0, "bund": 27.9, "dybde": 59.3, "stroem": 31.5, "natur": 1.4 }, "geometry": { "type": "Polygon", "coordinates": [ [ [ 9.940448, 57.042685 ], [ 9.946215, 57.042641 ], [ 9.946135, 57.039498 ], [ 9.940368, 57.039541 ], [ 9.940448, 57.042685 ] ] ] } },
{ "type": "Feature", "properties": { "cell_id": 695, "area_m2": 122500.0, "bund": 30.0, "dybde": 57.7, "stroem": 34.0, "natur": 1.3 }, "geometry": { "type": "Polygon", "coordinates": [ [ [ 9.940527, 57.045829 ], [ 9.946295, 57.045785 ], [ 9.946215, 57.042641 ], [ 9.940448, 57.042685 ], [ 9.940527, 57.045829 ] ] ] } },
{ "type": "Feature", "properties": { "cell_id": 696, "area_m2": 122500.0, "bund": 31.7, "dybde": 55.6, "stroem": 37.2, "natur": 1.9 }, "geometry": { "type": "Polygon", "coordinates": [ [ [ 9.940607, 57.048972 ], [ 9.946375, 57.048929 ], [ 9.946295, 57.045785 ], [ 9.940527, 57.045829 ], [ 9.940607, 57.048972 ] ] ] } },
{ "type": "Feature", "properties": { "cell_id": 697, "area_m2": 122500.0, "bund": 32.9, "dybde": 53.2, "stroem": 41.0, "natur": 3.2 }, "geometry": { "type": "Polygon", "coordinates": [ [ [ 9.940686, 57.052116 ], [ 9.946455, 57.052073 ], [ 9.946375, 57.048929 ], [ 9.940607, 57.048972 ], [ 9.940686, 57.052116 ] ] ] } },
{ "type": "Feature", "properties": { "cell_id": 698, "area_m2": 122500.0, "bund": 33.8, "dybde": 50.6, "stroem": 44.8, "natur": 5.2 }, "geometry": { "type": "Polygon", "coordinates": [ [ [ 9.940766, 57.05526 ], [ 9.946535, 57.055216 ], [ 9.946455, 57.052073 ], [ 9.940686, 57.052116 ], [ 9.940766, 57.05526 ] ] ] } },
{ "type": "Feature", "properties": { "cell_id": 699, "area_m2": 37773.6, "bund": 34.4, "dybde": 48.2, "stroem": 46.6, "natur": 7.1 }, "geometry": { "type": "Polygon", "coordinates": [ [ [ 9.940766, 57.05526 ], [ 9.940772, 57.055511 ], [ 9.946578, 57.056904 ], [ 9.946535, 57.055216 ], [ 9.940766, 57.05526 ] ] ] } },
{ "type": "Feature", "properties": { "cell_id": 700, "area_m2": 24994.3, "bund": 27.8, "dybde": 55.7, "stroem": 23.4, "natur": 3.5 }, "geometry": { "type": "Polygon", "coordinates": [ [ [ 9.951584, 57.039456 ], [ 9.946336, 57.038196 ], [ 9.946286, 57.038185 ], [ 9.946101, 57.038147 ], [ 9.946135, 57.039498 ], [ 9.951584, 57.039456 ] ] ] } },
{ "type": "Feature", "properties": { "cell_id": 701, "area_m2": 122415.1, "bund": 29.4, "dybde": 54.1, "stroem": 23.0, "natur": 3.5 }, "geometry": { "type": "Polygon", "coordinates": [ [ [ 9.946215, 57.042641 ], [ 9.951982, 57.042598 ], [ 9.951904, 57.039533 ], [ 9.951584, 57.039456 ], [ 9.946135, 57.039498 ], [ 9.946215, 57.042641 ] ] ] } },
{ "type": "Feature", "properties": { "cell_id": 702, "area_m2": 122500.0, "bund": 31.3, "dybde": 52.8, "stroem": 25.9, "natur": 3.4 }, "geometry": { "type": "Polygon", "coordinates": [ [ [ 9.946295, 57.045785 ], [ 9.952063, 57.045741 ], [ 9.951982, 57.042598 ], [ 9.946215, 57.042641 ], [ 9.946295, 57.045785 ] ] ] } },
{ "type": "Feature", "properties": { "cell_id": 703, "area_m2": 122500.0, "bund": 32.7, "dybde": 51.1, "stroem": 29.6, "natur": 3.9 }, "geometry": { "type": "Polygon", "coordinates": [ [ [ 9.946375, 57.048929 ], [ 9.952143, 57.048885 ], [ 9.952063, 57.045741 ], [ 9.946295, 57.045785 ], [ 9.946375, 57.048929 ] ] ] } },
{ "type": "Feature", "properties": { "cell_id": 704, "area_m2": 122500.0, "bund": 33.9, "dybde": 49.2, "stroem": 33.9, "natur": 5.1 }, "geometry": { "type": "Polygon", "coordinates": [ [ [ 9.946455, 57.052073 ], [ 9.952224, 57.052029 ], [ 9.952143, 57.048885 ], [ 9.946375, 57.048929 ], [ 9.946455, 57.052073 ] ] ] } },
{ "type": "Feature", "properties": { "cell_id": 705, "area_m2": 122500.0, "bund": 34.7, "dybde": 46.9, "stroem": 38.4, "natur": 6.9 }, "geometry": { "type": "Polygon", "coordinates": [ [ [ 9.946535, 57.055216 ], [ 9.952304, 57.055173 ], [ 9.952224, 57.052029 ], [ 9.946455, 57.052073 ], [ 9.946535, 57.055216 ] ] ] } },
{ "type": "Feature", "properties": { "cell_id": 706, "area_m2": 93771.0, "bund": 35.3, "dybde": 44.5, "stroem": 41.9, "natur": 9.2 }, "geometry": { "type": "Polygon", "coordinates": [ [ [ 9.946535, 57.055216 ], [ 9.946578, 57.056904 ], [ 9.952384, 57.058298 ], [ 9.952304, 57.055173 ], [ 9.946535, 57.055216 ] ] ] } },
{ "type": "Feature", "properties": { "cell_id": 707, "area_m2": 23911.0, "bund": 29.8, "dybde": 47.0, "stroem": 10.6, "natur": 8.5 }, "geometry": { "type": "Polygon", "coordinates": [ [ [ 9.957588, 57.036266 ], [ 9.957036, 57.03627 ], [ 9.956667, 57.037124 ], [ 9.95665, 57.037176 ], [ 9.956187, 57.039056 ], [ 9.956153, 57.03916 ], [ 9.956099, 57.039261 ], [ 9.956029, 57.039358 ], [ 9.955968, 57.039423 ], [ 9.957669, 57.03941 ], [ 9.957588, 57.036266 ] ] ] } },
{ "type": "Feature", "properties": { "cell_id": 708, "area_m2": 112257.6, "bund": 31.0, "dybde": 48.6, "stroem": 15.1, "natur": 6.5 }, "geometry": { "type": "Polygon", "coordinates": [ [ [ 9.95775, 57.042554 ], [ 9.957669, 57.03941 ], [ 9.955968, 57.039423 ], [ 9.95594, 57.039452 ], [ 9.955836, 57.03954 ], [ 9.955717, 57.039622 ], [ 9.955583, 57.039698 ], [ 9.955436, 57.039766 ], [ 9.955278, 57.039826 ], [ 9.95511, 57.039878 ], [ 9.954934, 57.03992 ], [ 9.954751, 57.039953 ], [ 9.954562, 57.039975 ], [ 9.954371, 57.039988 ], [ 9.954179, 57.039991 ], [ 9.953986, 57.039983 ], [ 9.953797, 57.039965 ], [ 9.953611, 57.039937 ], [ 9.953431, 57.0399 ], [ 9.951904, 57.039533 ], [ 9.951982, 57.042598 ], [ 9.95775, 57.042554 ] ] ] } },
{ "type": "Feature", "properties": { "cell_id": 709, "area_m2": 122500.0, "bund": 32.5, "dybde": 47.8, "stroem": 18.2, "natur": 6.4 }, "geometry": { "type": "Polygon", "coordinates": [ [ [ 9.952063, 57.045741 ], [ 9.957831, 57.045697 ], [ 9.95775, 57.042554 ], [ 9.951982, 57.042598 ], [ 9.952063, 57.045741 ] ] ] } },
{ "type": "Feature", "properties": { "cell_id": 710, "area_m2": 122500.0, "bund": 33.8, "dybde": 46.6, "stroem": 22.3, "natur": 6.9 }, "geometry": { "type": "Polygon", "coordinates": [ [ [ 9.952143, 57.048885 ], [ 9.957912, 57.048841 ], [ 9.957831, 57.045697 ], [ 9.952063, 57.045741 ], [ 9.952143, 57.048885 ] ] ] } },
{ "type": "Feature", "properties": { "cell_id": 711, "area_m2": 122500.0, "bund": 34.9, "dybde": 45.1, "stroem": 27.0, "natur": 8.0 }, "geometry": { "type": "Polygon", "coordinates": [ [ [ 9.952224, 57.052029 ], [ 9.957992, 57.051985 ], [ 9.957912, 57.048841 ], [ 9.952143, 57.048885 ], [ 9.952224, 57.052029 ] ] ] } },
{ "type": "Feature", "properties": { "cell_id": 712, "area_m2": 122500.0, "bund": 35.6, "dybde": 43.3, "stroem": 31.9, "natur": 9.7 }, "geometry": { "type": "Polygon", "coordinates": [ [ [ 9.952304, 57.055173 ], [ 9.958073, 57.055129 ], [ 9.957992, 57.051985 ], [ 9.952224, 57.052029 ], [ 9.952304, 57.055173 ] ] ] } },
{ "type": "Feature", "properties": { "cell_id": 713, "area_m2": 122495.2, "bund": 36.2, "dybde": 41.4, "stroem": 36.6, "natur": 11.9 }, "geometry": { "type": "Polygon", "coordinates": [ [ [ 9.958073, 57.055129 ], [ 9.952304, 57.055173 ], [ 9.952384, 57.058298 ], [ 9.95246, 57.058316 ], [ 9.958154, 57.058273 ], [ 9.958073, 57.055129 ] ] ] } },
{ "type": "Feature", "properties": { "cell_id": 714, "area_m2": 27273.2, "bund": 36.5, "dybde": 39.6, "stroem": 38.4, "natur": 14.1 }, "geometry": { "type": "Polygon", "coordinates": [ [ [ 9.95246, 57.058316 ], [ 9.958191, 57.059691 ], [ 9.958154, 57.058273 ], [ 9.95246, 57.058316 ] ] ] } },
{ "type": "Feature", "properties": { "cell_id": 715, "area_m2": 21702.2, "bund": 26.3, "dybde": 40.5, "stroem": 8.5, "natur": 16.0 }, "geometry": { "type": "Polygon", "coordinates": [ [ [ 9.963126, 57.027384 ], [ 9.962314, 57.028147 ], [ 9.962269, 57.028194 ], [ 9.960799, 57.029953 ], [ 9.963192, 57.029934 ], [ 9.963126, 57.027384 ] ] ] } },
{ "type": "Feature", "properties": { "cell_id": 716, "area_m2": 76820.4, "bund": 27.4, "dybde": 42.1, "stroem": 7.0, "natur": 13.9 }, "geometry": { "type": "Polygon", "coordinates": [ [ [ 9.963192, 57.029934 ], [ 9.960799, 57.029953 ], [ 9.959895, 57.031034 ], [ 9.959859, 57.031083 ], [ 9.958585, 57.033114 ], [ 9.963273, 57.033078 ], [ 9.963192, 57.029934 ] ] ] } },
{ "type": "Feature", "properties": { "cell_id": 717, "area_m2": 116048.4, "bund": 28.9, "dybde": 43.3, "stroem": 6.4, "natur": 12.0 }, "geometry": { "type": "Polygon", "coordinates": [ [ [ 9.963354, 57.036222 ], [ 9.963273, 57.033078 ], [ 9.958585, 57.033114 ], [ 9.958007, 57.034035 ], [ 9.95798, 57.034086 ], [ 9.957557, 57.035066 ], [ 9.957588, 57.036266 ], [ 9.963354, 57.036222 ] ] ] } },
{ "type": "Feature", "properties": { "cell_id": 718, "area_m2": 122500.0, "bund": 30.6, "dybde": 43.5, "stroem": 6.7, "natur": 10.9 }, "geometry": { "type": "Polygon", "coordinates": [ [ [ 9.957669, 57.03941 ], [ 9.963436, 57.039366 ], [ 9.963354, 57.036222 ], [ 9.957588, 57.036266 ], [ 9.957669, 57.03941 ] ] ] } },
{ "type": "Feature", "properties": { "cell_id": 719, "area_m2": 122500.0, "bund": 32.2, "dybde": 43.4, "stroem": 8.5, "natur": 10.3 }, "geometry": { "type": "Polygon", "coordinates": [ [ [ 9.95775, 57.042554 ], [ 9.963517, 57.04251 ], [ 9.963436, 57.039366 ], [ 9.957669, 57.03941 ], [ 9.95775, 57.042554 ] ] ] } },
{ "type": "Feature", "properties": { "cell_id": 720, "area_m2": 122500.0, "bund": 33.6, "dybde": 42.9, "stroem": 11.7, "natur": 10.3 }, "geometry": { "type": "Polygon", "coordinates": [ [ [ 9.957831, 57.045697 ], [ 9.963598, 57.045653 ], [ 9.963517, 57.04251 ], [ 9.95775, 57.042554 ], [ 9.957831, 57.045697 ] ] ] } },
{ "type": "Feature", "properties": { "cell_id": 721, "area_m2": 122500.0, "bund": 34.8, "dybde": 42.2, "stroem": 15.9, "natur": 10.8 }, "geometry": { "type": "Polygon", "coordinates": [ [ [ 9.957912, 57.048841 ], [ 9.96368, 57.048797 ], [ 9.963598, 57.045653 ], [ 9.957831, 57.045697 ], [ 9.957912, 57.048841 ] ] ] } },
{ "type": "Feature", "properties": { "cell_id": 722, "area_m2": 122500.0, "bund": 35.8, "dybde": 41.2, "stroem": 20.7, "natur": 11.9 }, "geometry": { "type": "Polygon", "coordinates": [ [ [ 9.957992, 57.051985 ], [ 9.963761, 57.051941 ], [ 9.96368, 57.048797 ], [ 9.957912, 57.048841 ], [ 9.957992, 57.051985 ] ] ] } },
{ "type": "Feature", "properties": { "cell_id": 723, "area_m2": 122500.0, "bund": 36.5, "dybde": 39.9, "stroem": 25.7, "natur": 13.5 }, "geometry": { "type": "Polygon", "coordinates": [ [ [ 9.958073, 57.055129 ], [ 9.963843, 57.055085 ], [ 9.963761, 57.051941 ], [ 9.957992, 57.051985 ], [ 9.958073, 57.055129 ] ] ] } },
{ "type": "Feature", "properties": { "cell_id": 724, "area_m2": 122500.0, "bund": 37.0, "dybde": 38.5, "stroem": 30.5, "natur": 15.5 }, "geometry": { "type": "Polygon", "coordinates": [ [ [ 9.958154, 57.058273 ], [ 9.963924, 57.058228 ], [ 9.963843, 57.055085 ], [ 9.958073, 57.055129 ], [ 9.958154, 57.058273 ] ] ] } },
{ "type": "Feature", "properties": { "cell_id": 725, "area_m2": 76075.8, "bund": 37.3, "dybde": 37.1, "stroem": 34.0, "natur": 17.6 }, "geometry": { "type": "Polygon", "coordinates": [ [ [ 9.958154, 57.058273 ], [ 9.958191, 57.059691 ], [ 9.958667, 57.059805 ], [ 9.958714, 57.059816 ], [ 9.960146, 57.060112 ], [ 9.960243, 57.060129 ], [ 9.961699, 57.060341 ], [ 9.961798, 57.060352 ], [ 9.963286, 57.060481 ], [ 9.963387, 57.060487 ], [ 9.963983, 57.060505 ], [ 9.963924, 57.058228 ], [ 9.958154, 57.058273 ] ] ] } },
{ "type": "Feature", "properties": { "cell_id": 726, "area_m2": 69087.8, "bund": 26.3, "dybde": 34.5, "stroem": 10.2, "natur": 20.9 }, "geometry": { "type": "Polygon", "coordinates": [ [ [ 9.968793, 57.023602 ], [ 9.967604, 57.023612 ], [ 9.965239, 57.025404 ], [ 9.965186, 57.025448 ], [ 9.963763, 57.026786 ], [ 9.968875, 57.026746 ], [ 9.968793, 57.023602 ] ] ] } },
{ "type": "Feature", "properties": { "cell_id": 727, "area_m2": 121191.8, "bund": 27.2, "dybde": 36.3, "stroem": 6.8, "natur": 18.7 }, "geometry": { "type": "Polygon", "coordinates": [ [ [ 9.968957, 57.02989 ], [ 9.968875, 57.026746 ], [ 9.963763, 57.026786 ], [ 9.963126, 57.027384 ], [ 9.963192, 57.029934 ], [ 9.968957, 57.02989 ] ] ] } },
{ "type": "Feature", "properties": { "cell_id": 728, "area_m2": 122500.0, "bund": 28.8, "dybde": 36.9, "stroem": 3.6, "natur": 17.2 }, "geometry": { "type": "Polygon", "coordinates": [ [ [ 9.963273, 57.033078 ], [ 9.969039, 57.033034 ], [ 9.968957, 57.02989 ], [ 9.963192, 57.029934 ], [ 9.963273, 57.033078 ] ] ] } },
{ "type": "Feature", "properties": { "cell_id": 729, "area_m2": 122500.0, "bund": 30.3, "dybde": 37.4, "stroem": 2.1, "natur": 16.0 }, "geometry": { "type": "Polygon", "coordinates": [ [ [ 9.963354, 57.036222 ], [ 9.969121, 57.036178 ], [ 9.969039, 57.033034 ], [ 9.963273, 57.033078 ], [ 9.963354, 57.036222 ] ] ] } },
{ "type": "Feature", "properties": { "cell_id": 730, "area_m2": 122500.0, "bund": 31.9, "dybde": 37.8, "stroem": 2.1, "natur": 15.2 }, "geometry": { "type": "Polygon", "coordinates": [ [ [ 9.963436, 57.039366 ], [ 9.969202, 57.039321 ], [ 9.969121, 57.036178 ], [ 9.963354, 57.036222 ], [ 9.963436, 57.039366 ] ] ] } },
{ "type": "Feature", "properties": { "cell_id": 731, "area_m2": 122500.0, "bund": 33.3, "dybde": 38.1, "stroem": 3.8, "natur": 14.9 }, "geometry": { "type": "Polygon", "coordinates": [ [ [ 9.963517, 57.04251 ], [ 9.969284, 57.042465 ], [ 9.969202, 57.039321 ], [ 9.963436, 57.039366 ], [ 9.963517, 57.04251 ] ] ] } },
{ "type": "Feature", "properties": { "cell_id": 732, "area_m2": 122500.0, "bund": 34.6, "dybde": 38.1, "stroem": 6.9, "natur": 15.0 }, "geometry": { "type": "Polygon", "coordinates": [ [ [ 9.963598, 57.045653 ], [ 9.969366, 57.045609 ], [ 9.969284, 57.042465 ], [ 9.963517, 57.04251 ], [ 9.963598, 57.045653 ] ] ] } },
{ "type": "Feature", "properties": { "cell_id": 733, "area_m2": 122500.0, "bund": 35.7, "dybde": 37.8, "stroem": 10.9, "natur": 15.6 }, "geometry": { "type": "Polygon", "coordinates": [ [ [ 9.96368, 57.048797 ], [ 9.969448, 57.048753 ], [ 9.969366, 57.045609 ], [ 9.963598, 57.045653 ], [ 9.96368, 57.048797 ] ] ] } },
{ "type": "Feature", "properties": { "cell_id": 734, "area_m2": 122500.0, "bund": 36.6, "dybde": 37.4, "stroem": 15.5, "natur": 16.6 }, "geometry": { "type": "Polygon", "coordinates": [ [ [ 9.963761, 57.051941 ], [ 9.96953, 57.051896 ], [ 9.969448, 57.048753 ], [ 9.96368, 57.048797 ], [ 9.963761, 57.051941 ] ] ] } },
{ "type": "Feature", "properties": { "cell_id": 735, "area_m2": 122500.0, "bund": 37.3, "dybde": 36.7, "stroem": 20.3, "natur": 18.1 }, "geometry": { "type": "Polygon", "coordinates": [ [ [ 9.963843, 57.055085 ], [ 9.969612, 57.05504 ], [ 9.96953, 57.051896 ], [ 9.963761, 57.051941 ], [ 9.963843, 57.055085 ] ] ] } },
{ "type": "Feature", "properties": { "cell_id": 736, "area_m2": 122500.0, "bund": 37.8, "dybde": 35.8, "stroem": 24.9, "natur": 20.0 }, "geometry": { "type": "Polygon", "coordinates": [ [ [ 9.963924, 57.058228 ], [ 9.969694, 57.058184 ], [ 9.969612, 57.05504 ], [ 9.963843, 57.055085 ], [ 9.963924, 57.058228 ] ] ] } },
{ "type": "Feature", "properties": { "cell_id": 737, "area_m2": 113559.9, "bund": 38.1, "dybde": 34.8, "stroem": 29.1, "natur": 22.2 }, "geometry": { "type": "Polygon", "coordinates": [ [ [ 9.969694, 57.058184 ], [ 9.963924, 57.058228 ], [ 9.963983, 57.060505 ], [ 9.964189, 57.060511 ], [ 9.964378, 57.060522 ], [ 9.964565, 57.060542 ], [ 9.964747, 57.060573 ], [ 9.964923, 57.060612 ], [ 9.965091, 57.060661 ], [ 9.965249, 57.060718 ], [ 9.965397, 57.060783 ], [ 9.965533, 57.060856 ], [ 9.965655, 57.060935 ], [ 9.965763, 57.06102 ], [ 9.966117, 57.061332 ], [ 9.966147, 57.061356 ], [ 9.969776, 57.061327 ], [ 9.969694, 57.058184 ] ] ] } },
{ "type": "Feature", "properties": { "cell_id": 738, "area_m2": 32708.3, "bund": 38.3, "dybde": 33.5, "stroem": 31.1, "natur": 25.3 }, "geometry": { "type": "Polygon", "coordinates": [ [ [ 9.966147, 57.061356 ], [ 9.966172, 57.061376 ], [ 9.969649, 57.063856 ], [ 9.969712, 57.063896 ], [ 9.969845, 57.063974 ], [ 9.969776, 57.061327 ], [ 9.966147, 57.061356 ] ] ] } },
{ "type": "Feature", "properties": { "cell_id": 739, "area_m2": 93008.8, "bund": 26.7, "dybde": 28.2, "stroem": 14.0, "natur": 25.7 }, "geometry": { "type": "Polygon", "coordinates": [ [ [ 9.974558, 57.023558 ], [ 9.974475, 57.020414 ], [ 9.972533, 57.020429 ], [ 9.972492, 57.02045 ], [ 9.972424, 57.020488 ], [ 9.968771, 57.02275 ], [ 9.968793, 57.023602 ], [ 9.974558, 57.023558 ] ] ] } },
{ "type": "Feature", "properties": { "cell_id": 740, "area_m2": 122500.0, "bund": 27.5, "dybde": 29.3, "stroem": 9.2, "natur": 24.0 }, "geometry": { "type": "Polygon", "coordinates": [ [ [ 9.968875, 57.026746 ], [ 9.97464, 57.026702 ], [ 9.974558, 57.023558 ], [ 9.968793, 57.023602 ], [ 9.968875, 57.026746 ] ] ] } },
{ "type": "Feature", "properties": { "cell_id": 741, "area_m2": 122500.0, "bund": 28.8, "dybde": 30.0, "stroem": 4.8, "natur": 22.6 }, "geometry": { "type": "Polygon", "coordinates": [ [ [ 9.968957, 57.02989 ], [ 9.974722, 57.029845 ], [ 9.97464, 57.026702 ], [ 9.968875, 57.026746 ], [ 9.968957, 57.02989 ] ] ] } },
{ "type": "Feature", "properties": { "cell_id": 742, "area_m2": 122500.0, "bund": 30.1, "dybde": 30.8, "stroem": 1.7, "natur": 21.4 }, "geometry": { "type": "Polygon", "coordinates": [ [ [ 9.969039, 57.033034 ], [ 9.974805, 57.032989 ], [ 9.974722, 57.029845 ], [ 9.968957, 57.02989 ], [ 9.969039, 57.033034 ] ] ] } },
{ "type": "Feature", "properties": { "cell_id": 743, "area_m2": 122500.0, "bund": 31.5, "dybde": 31.6, "stroem": 0.1, "natur": 20.6 }, "geometry": { "type": "Polygon", "coordinates": [ [ [ 9.969121, 57.036178 ], [ 9.974887, 57.036133 ], [ 9.974805, 57.032989 ], [ 9.969039, 57.033034 ], [ 9.969121, 57.036178 ] ] ] } },
{ "type": "Feature", "properties": { "cell_id": 744, "area_m2": 122500.0, "bund": 32.9, "dybde": 32.4, "stroem": 0.0, "natur": 20.1 }, "geometry": { "type": "Polygon", "coordinates": [ [ [ 9.969202, 57.039321 ], [ 9.974969, 57.039277 ], [ 9.974887, 57.036133 ], [ 9.969121, 57.036178 ], [ 9.969202, 57.039321 ] ] ] } },
{ "type": "Feature", "properties": { "cell_id": 745, "area_m2": 122500.0, "bund": 34.2, "dybde": 33.0, "stroem": 1.4, "natur": 20.0 }, "geometry": { "type": "Polygon", "coordinates": [ [ [ 9.969284, 57.042465 ], [ 9.975052, 57.04242 ], [ 9.974969, 57.039277 ], [ 9.969202, 57.039321 ], [ 9.969284, 57.042465 ] ] ] } },
{ "type": "Feature", "properties": { "cell_id": 746, "area_m2": 122500.0, "bund": 35.4, "dybde": 33.4, "stroem": 4.1, "natur": 20.3 }, "geometry": { "type": "Polygon", "coordinates": [ [ [ 9.969366, 57.045609 ], [ 9.975134, 57.045564 ], [ 9.975052, 57.04242 ], [ 9.969284, 57.042465 ], [ 9.969366, 57.045609 ] ] ] } },
{ "type": "Feature", "properties": { "cell_id": 747, "area_m2": 122500.0, "bund": 36.5, "dybde": 33.7, "stroem": 7.7, "natur": 21.0 }, "geometry": { "type": "Polygon", "coordinates": [ [ [ 9.969448, 57.048753 ], [ 9.975216, 57.048708 ], [ 9.975134, 57.045564 ], [ 9.969366, 57.045609 ], [ 9.969448, 57.048753 ] ] ] } },
{ "type": "Feature", "properties": { "cell_id": 748, "area_m2": 122500.0, "bund": 37.4, "dybde": 33.8, "stroem": 11.7, "natur": 22.1 }, "geometry": { "type": "Polygon", "coordinates": [ [ [ 9.96953, 57.051896 ], [ 9.975299, 57.051851 ], [ 9.975216, 57.048708 ], [ 9.969448, 57.048753 ], [ 9.96953, 57.051896 ] ] ] } },
{ "type": "Feature", "properties": { "cell_id": 749, "area_m2": 122500.0, "bund": 38.0, "dybde": 33.7, "stroem": 15.9, "natur": 23.6 }, "geometry": { "type": "Polygon", "coordinates": [ [ [ 9.969612, 57.05504 ], [ 9.975381, 57.054995 ], [ 9.975299, 57.051851 ], [ 9.96953, 57.051896 ], [ 9.969612, 57.05504 ] ] ] } },
{ "type": "Feature", "properties": { "cell_id": 750, "area_m2": 122500.0, "bund": 38.5, "dybde": 33.4, "stroem": 20.0, "natur": 25.3 }, "geometry": { "type": "Polygon", "coordinates": [ [ [ 9.969694, 57.058184 ], [ 9.975464, 57.058139 ], [ 9.975381, 57.054995 ], [ 9.969612, 57.05504 ], [ 9.969694, 57.058184 ] ] ] } },
{ "type": "Feature", "properties": { "cell_id": 751, "area_m2": 122500.0, "bund": 38.7, "dybde": 32.9, "stroem": 24.1, "natur": 27.2 }, "geometry": { "type": "Polygon", "coordinates": [ [ [ 9.969776, 57.061327 ], [ 9.975546, 57.061283 ], [ 9.975464, 57.058139 ], [ 9.969694, 57.058184 ], [ 9.969776, 57.061327 ] ] ] } },
{ "type": "Feature", "properties": { "cell_id": 752, "area_m2": 121110.1, "bund": 38.7, "dybde": 32.4, "stroem": 28.1, "natur": 29.3 }, "geometry": { "type": "Polygon", "coordinates": [ [ [ 9.975546, 57.061283 ], [ 9.969776, 57.061327 ], [ 9.969845, 57.063974 ], [ 9.970685, 57.064465 ], [ 9.975628, 57.064426 ], [ 9.975546, 57.061283 ] ] ] } },
{ "type": "Feature", "properties": { "cell_id": 753, "area_m2": 48102.9, "bund": 38.6, "dybde": 31.8, "stroem": 30.5, "natur": 32.0 }, "geometry": { "type": "Polygon", "coordinates": [ [ [ 9.970685, 57.064465 ], [ 9.973619, 57.066178 ], [ 9.973688, 57.066215 ], [ 9.975701, 57.067181 ], [ 9.975628, 57.064426 ], [ 9.970685, 57.064465 ] ] ] } },
{ "type": "Feature", "properties": { "cell_id": 754, "area_m2": 88222.5, "bund": 27.2, "dybde": 21.8, "stroem": 19.9, "natur": 30.3 }, "geometry": { "type": "Polygon", "coordinates": [ [ [ 9.980239, 57.020369 ], [ 9.980157, 57.017225 ], [ 9.979282, 57.017232 ], [ 9.97675, 57.018287 ], [ 9.976676, 57.018322 ], [ 9.97445, 57.019454 ], [ 9.974475, 57.020414 ], [ 9.980239, 57.020369 ] ] ] } },
{ "type": "Feature", "properties": { "cell_id": 755, "area_m2": 122500.0, "bund": 27.8, "dybde": 22.7, "stroem": 14.6, "natur": 28.9 }, "geometry": { "type": "Polygon", "coordinates": [ [ [ 9.974558, 57.023558 ], [ 9.980322, 57.023513 ], [ 9.980239, 57.020369 ], [ 9.974475, 57.020414 ], [ 9.974558, 57.023558 ] ] ] } },
{ "type": "Feature", "properties": { "cell_id": 756, "area_m2": 122500.0, "bund": 28.7, "dybde": 23.3, "stroem": 9.5, "natur": 27.8 }, "geometry": { "type": "Polygon", "coordinates": [ [ [ 9.97464, 57.026702 ], [ 9.980405, 57.026657 ], [ 9.980322, 57.023513 ], [ 9.974558, 57.023558 ], [ 9.97464, 57.026702 ] ] ] } },
{ "type": "Feature", "properties": { "cell_id": 757, "area_m2": 122500.0, "bund": 29.8, "dybde": 24.1, "stroem": 5.3, "natur": 26.9 }, "geometry": { "type": "Polygon", "coordinates": [ [ [ 9.974722, 57.029845 ], [ 9.980487, 57.0298 ], [ 9.980405, 57.026657 ], [ 9.97464, 57.026702 ], [ 9.974722, 57.029845 ] ] ] } },
{ "type": "Feature", "properties": { "cell_id": 758, "area_m2": 122500.0, "bund": 31.1, "dybde": 25.1, "stroem": 2.3, "natur": 26.1 }, "geometry": { "type": "Polygon", "coordinates": [ [ [ 9.974805, 57.032989 ], [ 9.98057, 57.032944 ], [ 9.980487, 57.0298 ], [ 9.974722, 57.029845 ], [ 9.974805, 57.032989 ] ] ] } },
{ "type": "Feature", "properties": { "cell_id": 759, "area_m2": 122500.0, "bund": 32.3, "dybde": 26.1, "stroem": 0.7, "natur": 25.7 }, "geometry": { "type": "Polygon", "coordinates": [ [ [ 9.974887, 57.036133 ], [ 9.980653, 57.036088 ], [ 9.98057, 57.032944 ], [ 9.974805, 57.032989 ], [ 9.974887, 57.036133 ] ] ] } },
{ "type": "Feature", "properties": { "cell_id": 760, "area_m2": 122500.0, "bund": 33.6, "dybde": 27.2, "stroem": 0.4, "natur": 25.5 }, "geometry": { "type": "Polygon", "coordinates": [ [ [ 9.974969, 57.039277 ], [ 9.980736, 57.039231 ], [ 9.980653, 57.036088 ], [ 9.974887, 57.036133 ], [ 9.974969, 57.039277 ] ] ] } },
{ "type": "Feature", "properties": { "cell_id": 761, "area_m2": 122500.0, "bund": 34.9, "dybde": 28.2, "stroem": 1.4, "natur": 25.7 }, "geometry": { "type": "Polygon", "coordinates": [ [ [ 9.975052, 57.04242 ], [ 9.980819, 57.042375 ], [ 9.980736, 57.039231 ], [ 9.974969, 57.039277 ], [ 9.975052, 57.04242 ] ] ] } },
{ "type": "Feature", "properties": { "cell_id": 762, "area_m2": 122500.0, "bund": 36.0, "dybde": 29.1, "stroem": 3.5, "natur": 26.2 }, "geometry": { "type": "Polygon", "coordinates": [ [ [ 9.975134, 57.045564 ], [ 9.980902, 57.045519 ], [ 9.980819, 57.042375 ], [ 9.975052, 57.04242 ], [ 9.975134, 57.045564 ] ] ] } },
{ "type": "Feature", "properties": { "cell_id": 763, "area_m2": 122500.0, "bund": 37.1, "dybde": 29.9, "stroem": 6.3, "natur": 27.1 }, "geometry": { "type": "Polygon", "coordinates": [ [ [ 9.975216, 57.048708 ], [ 9.980984, 57.048663 ], [ 9.980902, 57.045519 ], [ 9.975134, 57.045564 ], [ 9.975216, 57.048708 ] ] ] } },
{ "type": "Feature", "properties": { "cell_id": 764, "area_m2": 122500.0, "bund": 37.9, "dybde": 30.5, "stroem": 9.5, "natur": 28.2 }, "geometry": { "type": "Polygon", "coordinates": [ [ [ 9.975299, 57.051851 ], [ 9.981067, 57.051806 ], [ 9.980984, 57.048663 ], [ 9.975216, 57.048708 ], [ 9.975299, 57.051851 ] ] ] } },
{ "type": "Feature", "properties": { "cell_id": 765, "area_m2": 122500.0, "bund": 38.6, "dybde": 30.9, "stroem": 12.8, "natur": 29.6 }, "geometry": { "type": "Polygon", "coordinates": [ [ [ 9.975381, 57.054995 ], [ 9.98115, 57.05495 ], [ 9.981067, 57.051806 ], [ 9.975299, 57.051851 ], [ 9.975381, 57.054995 ] ] ] } },
{ "type": "Feature", "properties": { "cell_id": 766, "area_m2": 122500.0, "bund": 39.0, "dybde": 31.2, "stroem": 16.1, "natur": 31.2 }, "geometry": { "type": "Polygon", "coordinates": [ [ [ 9.975464, 57.058139 ], [ 9.981233, 57.058094 ], [ 9.98115, 57.05495 ], [ 9.975381, 57.054995 ], [ 9.975464, 57.058139 ] ] ] } },
{ "type": "Feature", "properties": { "cell_id": 767, "area_m2": 122500.0, "bund": 39.2, "dybde": 31.3, "stroem": 19.5, "natur": 32.9 }, "geometry": { "type": "Polygon", "coordinates": [ [ [ 9.975546, 57.061283 ], [ 9.981316, 57.061238 ], [ 9.981233, 57.058094 ], [ 9.975464, 57.058139 ], [ 9.975546, 57.061283 ] ] ] } },
{ "type": "Feature", "properties": { "cell_id": 768, "area_m2": 122500.0, "bund": 39.1, "dybde": 31.2, "stroem": 23.2, "natur": 34.7 }, "geometry": { "type": "Polygon", "coordinates": [ [ [ 9.975628, 57.064426 ], [ 9.981399, 57.064381 ], [ 9.981316, 57.061238 ], [ 9.975546, 57.061283 ], [ 9.975628, 57.064426 ] ] ] } },
{ "type": "Feature", "properties": { "cell_id": 769, "area_m2": 121461.9, "bund": 38.9, "dybde": 31.2, "stroem": 27.3, "natur": 36.5 }, "geometry": { "type": "Polygon", "coordinates": [ [ [ 9.981399, 57.064381 ], [ 9.975628, 57.064426 ], [ 9.975701, 57.067181 ], [ 9.9765, 57.067564 ], [ 9.981482, 57.067525 ], [ 9.981399, 57.064381 ] ] ] } },
{ "type": "Feature", "properties": { "cell_id": 770, "area_m2": 37705.8, "bund": 38.6, "dybde": 31.1, "stroem": 29.8, "natur": 38.7 }, "geometry": { "type": "Polygon", "coordinates": [ [ [ 9.9765, 57.067564 ], [ 9.977988, 57.068278 ], [ 9.978064, 57.06831 ], [ 9.981539, 57.069673 ], [ 9.981482, 57.067525 ], [ 9.9765, 57.067564 ] ] ] } },
{ "type": "Feature", "properties": { "cell_id": 771, "area_m2": 53750.7, "bund": 27.6, "dybde": 16.2, "stroem": 26.8, "natur": 34.4 }, "geometry": { "type": "Polygon", "coordinates": [ [ [ 9.98592, 57.01718 ], [ 9.985858, 57.014849 ], [ 9.981375, 57.016363 ], [ 9.981296, 57.016393 ], [ 9.980147, 57.016871 ], [ 9.980157, 57.017225 ], [ 9.98592, 57.01718 ] ] ] } },
{ "type": "Feature", "properties": { "cell_id": 772, "area_m2": 122500.0, "bund": 27.9, "dybde": 16.8, "stroem": 22.1, "natur": 33.4 }, "geometry": { "type": "Polygon", "coordinates": [ [ [ 9.980239, 57.020369 ], [ 9.986003, 57.020324 ], [ 9.98592, 57.01718 ], [ 9.980157, 57.017225 ], [ 9.980239, 57.020369 ] ] ] } },
{ "type": "Feature", "properties": { "cell_id": 773, "area_m2": 122500.0, "bund": 28.7, "dybde": 17.2, "stroem": 16.7, "natur": 32.6 }, "geometry": { "type": "Polygon", "coordinates": [ [ [ 9.980322, 57.023513 ], [ 9.986086, 57.023467 ], [ 9.986003, 57.020324 ], [ 9.980239, 57.020369 ], [ 9.980322, 57.023513 ] ] ] } },
{ "type": "Feature", "properties": { "cell_id": 774, "area_m2": 122500.0, "bund": 29.5, "dybde": 17.8, "stroem": 11.9, "natur": 31.9 }, "geometry": { "type": "Polygon", "coordinates": [ [ [ 9.980405, 57.026657 ], [ 9.98617, 57.026611 ], [ 9.986086, 57.023467 ], [ 9.980322, 57.023513 ], [ 9.980405, 57.026657 ] ] ] } },
{ "type": "Feature", "properties": { "cell_id": 775, "area_m2": 122500.0, "bund": 30.5, "dybde": 18.7, "stroem": 8.1, "natur": 31.4 }, "geometry": { "type": "Polygon", "coordinates": [ [ [ 9.980487, 57.0298 ], [ 9.986253, 57.029755 ], [ 9.98617, 57.026611 ], [ 9.980405, 57.026657 ], [ 9.980487, 57.0298 ] ] ] } },
{ "type": "Feature", "properties": { "cell_id": 776, "area_m2": 122500.0, "bund": 31.7, "dybde": 19.8, "stroem": 5.3, "natur": 31.1 }, "geometry": { "type": "Polygon", "coordinates": [ [ [ 9.98057, 57.032944 ], [ 9.986336, 57.032899 ], [ 9.986253, 57.029755 ], [ 9.980487, 57.0298 ], [ 9.98057, 57.032944 ] ] ] } },
{ "type": "Feature", "properties": { "cell_id": 777, "area_m2": 122500.0, "bund": 32.9, "dybde": 21.1, "stroem": 3.7, "natur": 31.1 }, "geometry": { "type": "Polygon", "coordinates": [ [ [ 9.980653, 57.036088 ], [ 9.986419, 57.036042 ], [ 9.986336, 57.032899 ], [ 9.98057, 57.032944 ], [ 9.980653, 57.036088 ] ] ] } },
{ "type": "Feature", "properties": { "cell_id": 778, "area_m2": 122500.0, "bund": 34.1, "dybde": 22.4, "stroem": 3.2, "natur": 31.3 }, "geometry": { "type": "Polygon", "coordinates": [ [ [ 9.980736, 57.039231 ], [ 9.986503, 57.039186 ], [ 9.986419, 57.036042 ], [ 9.980653, 57.036088 ], [ 9.980736, 57.039231 ] ] ] } },
{ "type": "Feature", "properties": { "cell_id": 779, "area_m2": 122500.0, "bund": 35.3, "dybde": 23.8, "stroem": 3.7, "natur": 31.8 }, "geometry": { "type": "Polygon", "coordinates": [ [ [ 9.980819, 57.042375 ], [ 9.986586, 57.04233 ], [ 9.986503, 57.039186 ], [ 9.980736, 57.039231 ], [ 9.980819, 57.042375 ] ] ] } },
{ "type": "Feature", "properties": { "cell_id": 780, "area_m2": 122500.0, "bund": 36.5, "dybde": 25.1, "stroem": 5.0, "natur": 32.6 }, "geometry": { "type": "Polygon", "coordinates": [ [ [ 9.980902, 57.045519 ], [ 9.986669, 57.045474 ], [ 9.986586, 57.04233 ], [ 9.980819, 57.042375 ], [ 9.980902, 57.045519 ] ] ] } },
{ "type": "Feature", "properties": { "cell_id": 781, "area_m2": 122500.0, "bund": 37.5, "dybde": 26.4, "stroem": 6.8, "natur": 33.6 }, "geometry": { "type": "Polygon", "coordinates": [ [ [ 9.980984, 57.048663 ], [ 9.986753, 57.048617 ], [ 9.986669, 57.045474 ], [ 9.980902, 57.045519 ], [ 9.980984, 57.048663 ] ] ] } },
{ "type": "Feature", "properties": { "cell_id": 782, "area_m2": 122500.0, "bund": 38.4, "dybde": 27.5, "stroem": 8.9, "natur": 34.8 }, "geometry": { "type": "Polygon", "coordinates": [ [ [ 9.981067, 57.051806 ], [ 9.986836, 57.051761 ], [ 9.986753, 57.048617 ], [ 9.980984, 57.048663 ], [ 9.981067, 57.051806 ] ] ] } },
{ "type": "Feature", "properties": { "cell_id": 783, "area_m2": 122500.0, "bund": 39.0, "dybde": 28.4, "stroem": 11.1, "natur": 36.1 }, "geometry": { "type": "Polygon", "coordinates": [ [ [ 9.98115, 57.05495 ], [ 9.986919, 57.054905 ], [ 9.986836, 57.051761 ], [ 9.981067, 57.051806 ], [ 9.98115, 57.05495 ] ] ] } },
{ "type": "Feature", "properties": { "cell_id": 784, "area_m2": 122500.0, "bund": 39.4, "dybde": 29.2, "stroem": 13.4, "natur": 37.6 }, "geometry": { "type": "Polygon", "coordinates": [ [ [ 9.981233, 57.058094 ], [ 9.987003, 57.058049 ], [ 9.986919, 57.054905 ], [ 9.98115, 57.05495 ], [ 9.981233, 57.058094 ] ] ] } },
{ "type": "Feature", "properties": { "cell_id": 785, "area_m2": 122500.0, "bund": 39.5, "dybde": 29.8, "stroem": 16.0, "natur": 39.1 }, "geometry": { "type": "Polygon", "coordinates": [ [ [ 9.981316, 57.061238 ], [ 9.987086, 57.061192 ], [ 9.987003, 57.058049 ], [ 9.981233, 57.058094 ], [ 9.981316, 57.061238 ] ] ] } },
{ "type": "Feature", "properties": { "cell_id": 786, "area_m2": 122500.0, "bund": 39.4, "dybde": 30.3, "stroem": 19.0, "natur": 40.6 }, "geometry": { "type": "Polygon", "coordinates": [ [ [ 9.981399, 57.064381 ], [ 9.98717, 57.064336 ], [ 9.987086, 57.061192 ], [ 9.981316, 57.061238 ], [ 9.981399, 57.064381 ] ] ] } },
{ "type": "Feature", "properties": { "cell_id": 787, "area_m2": 122500.0, "bund": 39.1, "dybde": 30.7, "stroem": 22.8, "natur": 42.0 }, "geometry": { "type": "Polygon", "coordinates": [ [ [ 9.981482, 57.067525 ], [ 9.987253, 57.06748 ], [ 9.98717, 57.064336 ], [ 9.981399, 57.064381 ], [ 9.981482, 57.067525 ] ] ] } },
{ "type": "Feature", "properties": { "cell_id": 788, "area_m2": 113691.9, "bund": 38.6, "dybde": 31.0, "stroem": 27.3, "natur": 43.4 }, "geometry": { "type": "Polygon", "coordinates": [ [ [ 9.987253, 57.06748 ], [ 9.981482, 57.067525 ], [ 9.981539, 57.069673 ], [ 9.982714, 57.070133 ], [ 9.982795, 57.070162 ], [ 9.984331, 57.070647 ], [ 9.987337, 57.070623 ], [ 9.987253, 57.06748 ] ] ] } },
{ "type": "Feature", "properties": { "cell_id": 789, "area_m2": 114421.9, "bund": 27.9, "dybde": 12.0, "stroem": 30.6, "natur": 37.3 }, "geometry": { "type": "Polygon", "coordinates": [ [ [ 9.991683, 57.017134 ], [ 9.991599, 57.013991 ], [ 9.988872, 57.014012 ], [ 9.986324, 57.014694 ], [ 9.986239, 57.01472 ], [ 9.985858, 57.014849 ], [ 9.98592, 57.01718 ], [ 9.991683, 57.017134 ] ] ] } },
{ "type": "Feature", "properties": { "cell_id": 790, "area_m2": 122500.0, "bund": 28.5, "dybde": 12.0, "stroem": 25.3, "natur": 36.8 }, "geometry": { "type": "Polygon", "coordinates": [ [ [ 9.986003, 57.020324 ], [ 9.991767, 57.020278 ], [ 9.991683, 57.017134 ], [ 9.98592, 57.01718 ], [ 9.986003, 57.020324 ] ] ] } },
{ "type": "Feature", "properties": { "cell_id": 791, "area_m2": 122500.0, "bund": 29.1, "dybde": 12.3, "stroem": 20.4, "natur": 36.4 }, "geometry": { "type": "Polygon", "coordinates": [ [ [ 9.986086, 57.023467 ], [ 9.991851, 57.023422 ], [ 9.991767, 57.020278 ], [ 9.986003, 57.020324 ], [ 9.986086, 57.023467 ] ] ] } },
{ "type": "Feature", "properties": { "cell_id": 792, "area_m2": 122500.0, "bund": 30.0, "dybde": 12.9, "stroem": 16.2, "natur": 36.2 }, "geometry": { "type": "Polygon", "coordinates": [ [ [ 9.98617, 57.026611 ], [ 9.991934, 57.026566 ], [ 9.991851, 57.023422 ], [ 9.986086, 57.023467 ], [ 9.98617, 57.026611 ] ] ] } },
{ "type": "Feature", "properties": { "cell_id": 793, "area_m2": 122500.0, "bund": 30.9, "dybde": 13.9, "stroem": 12.8, "natur": 36.2 }, "geometry": { "type": "Polygon", "coordinates": [ [ [ 9.986253, 57.029755 ], [ 9.992018, 57.029709 ], [ 9.991934, 57.026566 ], [ 9.98617, 57.026611 ], [ 9.986253, 57.029755 ] ] ] } },
{ "type": "Feature", "properties": { "cell_id": 794, "area_m2": 122500.0, "bund": 32.0, "dybde": 15.1, "stroem": 10.2, "natur": 36.4 }, "geometry": { "type": "Polygon", "coordinates": [ [ [ 9.986336, 57.032899 ], [ 9.992102, 57.032853 ], [ 9.992018, 57.029709 ], [ 9.986253, 57.029755 ], [ 9.986336, 57.032899 ] ] ] } },
{ "type": "Feature", "properties": { "cell_id": 795, "area_m2": 122500.0, "bund": 33.2, "dybde": 16.6, "stroem": 8.6, "natur": 36.8 }, "geometry": { "type": "Polygon", "coordinates": [ [ [ 9.986419, 57.036042 ], [ 9.992186, 57.035997 ], [ 9.992102, 57.032853 ], [ 9.986336, 57.032899 ], [ 9.986419, 57.036042 ] ] ] } },
{ "type": "Feature", "properties": { "cell_id": 796, "area_m2": 122500.0, "bund": 34.4, "dybde": 18.2, "stroem": 7.8, "natur": 37.4 }, "geometry": { "type": "Polygon", "coordinates": [ [ [ 9.986503, 57.039186 ], [ 9.992269, 57.039141 ], [ 9.992186, 57.035997 ], [ 9.986419, 57.036042 ], [ 9.986503, 57.039186 ] ] ] } },
{ "type": "Feature", "properties": { "cell_id": 797, "area_m2": 122500.0, "bund": 35.6, "dybde": 19.9, "stroem": 7.7, "natur": 38.2 }, "geometry": { "type": "Polygon", "coordinates": [ [ [ 9.986586, 57.04233 ], [ 9.992353, 57.042284 ], [ 9.992269, 57.039141 ], [ 9.986503, 57.039186 ], [ 9.986586, 57.04233 ] ] ] } },
{ "type": "Feature", "properties": { "cell_id": 798, "area_m2": 122500.0, "bund": 36.8, "dybde": 21.6, "stroem": 8.2, "natur": 39.2 }, "geometry": { "type": "Polygon", "coordinates": [ [ [ 9.986669, 57.045474 ], [ 9.992437, 57.045428 ], [ 9.992353, 57.042284 ], [ 9.986586, 57.04233 ], [ 9.986669, 57.045474 ] ] ] } },
{ "type": "Feature", "properties": { "cell_id": 799, "area_m2": 122500.0, "bund": 37.8, "dybde": 23.3, "stroem": 8.9, "natur": 40.4 }, "geometry": { "type": "Polygon", "coordinates": [ [ [ 9.986753, 57.048617 ], [ 9.992521, 57.048572 ], [ 9.992437, 57.045428 ], [ 9.986669, 57.045474 ], [ 9.986753, 57.048617 ] ] ] } },
{ "type": "Feature", "properties": { "cell_id": 800, "area_m2": 122500.0, "bund": 38.6, "dybde": 24.8, "stroem": 9.8, "natur": 41.6 }, "geometry": { "type": "Polygon", "coordinates": [ [ [ 9.986836, 57.051761 ], [ 9.992605, 57.051716 ], [ 9.992521, 57.048572 ], [ 9.986753, 57.048617 ], [ 9.986836, 57.051761 ] ] ] } },
{ "type": "Feature", "properties": { "cell_id": 801, "area_m2": 122500.0, "bund": 39.2, "dybde": 26.2, "stroem": 10.8, "natur": 43.0 }, "geometry": { "type": "Polygon", "coordinates": [ [ [ 9.986919, 57.054905 ], [ 9.992689, 57.054859 ], [ 9.992605, 57.051716 ], [ 9.986836, 57.051761 ], [ 9.986919, 57.054905 ] ] ] } },
{ "type": "Feature", "properties": { "cell_id": 802, "area_m2": 122500.0, "bund": 39.6, "dybde": 27.5, "stroem": 12.0, "natur": 44.4 }, "geometry": { "type": "Polygon", "coordinates": [ [ [ 9.987003, 57.058049 ], [ 9.992772, 57.058003 ], [ 9.992689, 57.054859 ], [ 9.986919, 57.054905 ], [ 9.987003, 57.058049 ] ] ] } },
{ "type": "Feature", "properties": { "cell_id": 803, "area_m2": 122500.0, "bund": 39.7, "dybde": 28.6, "stroem": 13.6, "natur": 45.7 }, "geometry": { "type": "Polygon", "coordinates": [ [ [ 9.987086, 57.061192 ], [ 9.992856, 57.061147 ], [ 9.992772, 57.058003 ], [ 9.987003, 57.058049 ], [ 9.987086, 57.061192 ] ] ] } },
{ "type": "Feature", "properties": { "cell_id": 804, "area_m2": 122500.0, "bund": 39.5, "dybde": 29.5, "stroem": 15.9, "natur": 46.9 }, "geometry": { "type": "Polygon", "coordinates": [ [ [ 9.98717, 57.064336 ], [ 9.99294, 57.06429 ], [ 9.992856, 57.061147 ], [ 9.987086, 57.061192 ], [ 9.98717, 57.064336 ] ] ] } },
{ "type": "Feature", "properties": { "cell_id": 805, "area_m2": 122500.0, "bund": 39.2, "dybde": 30.3, "stroem": 19.2, "natur": 48.0 }, "geometry": { "type": "Polygon", "coordinates": [ [ [ 9.987253, 57.06748 ], [ 9.993024, 57.067434 ], [ 9.99294, 57.06429 ], [ 9.98717, 57.064336 ], [ 9.987253, 57.06748 ] ] ] } },
{ "type": "Feature", "properties": { "cell_id": 806, "area_m2": 122500.0, "bund": 38.6, "dybde": 31.0, "stroem": 23.7, "natur": 48.9 }, "geometry": { "type": "Polygon", "coordinates": [ [ [ 9.987337, 57.070623 ], [ 9.993108, 57.070578 ], [ 9.993024, 57.067434 ], [ 9.987253, 57.06748 ], [ 9.987337, 57.070623 ] ] ] } },
{ "type": "Feature", "properties": { "cell_id": 807, "area_m2": 68309.4, "bund": 38.1, "dybde": 31.5, "stroem": 28.0, "natur": 49.8 }, "geometry": { "type": "Polygon", "coordinates": [ [ [ 9.987337, 57.070623 ], [ 9.987363, 57.071605 ], [ 9.987751, 57.071728 ], [ 9.987838, 57.071752 ], [ 9.993052, 57.073045 ], [ 9.993142, 57.073064 ], [ 9.993175, 57.073071 ], [ 9.993108, 57.070578 ], [ 9.987337, 57.070623 ] ] ] } },
{ "type": "Feature", "properties": { "cell_id": 808, "area_m2": 49121.9, "bund": 27.9, "dybde": 8.3, "stroem": 38.2, "natur": 40.5 }, "geometry": { "type": "Polygon", "coordinates": [ [ [ 9.997362, 57.013945 ], [ 9.997314, 57.012143 ], [ 9.996998, 57.012188 ], [ 9.996906, 57.012204 ], [ 9.991581, 57.013292 ], [ 9.991599, 57.013991 ], [ 9.997362, 57.013945 ] ] ] } },
{ "type": "Feature", "properties": { "cell_id": 809, "area_m2": 122500.0, "bund": 28.2, "dybde": 8.1, "stroem": 34.4, "natur": 40.3 }, "geometry": { "type": "Polygon", "coordinates": [ [ [ 9.991683, 57.017134 ], [ 9.997446, 57.017089 ], [ 9.997362, 57.013945 ], [ 9.991599, 57.013991 ], [ 9.991683, 57.017134 ] ] ] } },
{ "type": "Feature", "properties": { "cell_id": 810, "area_m2": 122500.0, "bund": 28.7, "dybde": 7.9, "stroem": 29.8, "natur": 40.3 }, "geometry": { "type": "Polygon", "coordinates": [ [ [ 9.991767, 57.020278 ], [ 9.997531, 57.020232 ], [ 9.997446, 57.017089 ], [ 9.991683, 57.017134 ], [ 9.991767, 57.020278 ] ] ] } },
{ "type": "Feature", "properties": { "cell_id": 811, "area_m2": 122500.0, "bund": 29.4, "dybde": 8.1, "stroem": 25.5, "natur": 40.4 }, "geometry": { "type": "Polygon", "coordinates": [ [ [ 9.991851, 57.023422 ], [ 9.997615, 57.023376 ], [ 9.997531, 57.020232 ], [ 9.991767, 57.020278 ], [ 9.991851, 57.023422 ] ] ] } },
{ "type": "Feature", "properties": { "cell_id": 812, "area_m2": 122500.0, "bund": 30.2, "dybde": 8.8, "stroem": 21.9, "natur": 40.7 }, "geometry": { "type": "Polygon", "coordinates": [ [ [ 9.991934, 57.026566 ], [ 9.997699, 57.02652 ], [ 9.997615, 57.023376 ], [ 9.991851, 57.023422 ], [ 9.991934, 57.026566 ] ] ] } },
{ "type": "Feature", "properties": { "cell_id": 813, "area_m2": 122500.0, "bund": 31.1, "dybde": 9.8, "stroem": 18.9, "natur": 41.1 }, "geometry": { "type": "Polygon", "coordinates": [ [ [ 9.992018, 57.029709 ], [ 9.997783, 57.029664 ], [ 9.997699, 57.02652 ], [ 9.991934, 57.026566 ], [ 9.992018, 57.029709 ] ] ] } },
{ "type": "Feature", "properties": { "cell_id": 814, "area_m2": 122500.0, "bund": 32.2, "dybde": 11.2, "stroem": 16.6, "natur": 41.8 }, "geometry": { "type": "Polygon", "coordinates": [ [ [ 9.992102, 57.032853 ], [ 9.997868, 57.032807 ], [ 9.997783, 57.029664 ], [ 9.992018, 57.029709 ], [ 9.992102, 57.032853 ] ] ] } },
{ "type": "Feature", "properties": { "cell_id": 815, "area_m2": 122500.0, "bund": 33.3, "dybde": 12.8, "stroem": 14.9, "natur": 42.6 }, "geometry": { "type": "Polygon", "coordinates": [ [ [ 9.992186, 57.035997 ], [ 9.997952, 57.035951 ], [ 9.997868, 57.032807 ], [ 9.992102, 57.032853 ], [ 9.992186, 57.035997 ] ] ] } },
{ "type": "Feature", "properties": { "cell_id": 816, "area_m2": 122500.0, "bund": 34.5, "dybde": 14.6, "stroem": 13.8, "natur": 43.5 }, "geometry": { "type": "Polygon", "coordinates": [ [ [ 9.992269, 57.039141 ], [ 9.998036, 57.039095 ], [ 9.997952, 57.035951 ], [ 9.992186, 57.035997 ], [ 9.992269, 57.039141 ] ] ] } },
{ "type": "Feature", "properties": { "cell_id": 817, "area_m2": 122500.0, "bund": 35.7, "dybde": 16.6, "stroem": 13.1, "natur": 44.7 }, "geometry": { "type": "Polygon", "coordinates": [ [ [ 9.992353, 57.042284 ], [ 9.99812, 57.042239 ], [ 9.998036, 57.039095 ], [ 9.992269, 57.039141 ], [ 9.992353, 57.042284 ] ] ] } },
{ "type": "Feature", "properties": { "cell_id": 818, "area_m2": 122500.0, "bund": 36.9, "dybde": 18.7, "stroem": 12.7, "natur": 45.9 }, "geometry": { "type": "Polygon", "coordinates": [ [ [ 9.992437, 57.045428 ], [ 9.998205, 57.045382 ], [ 9.99812, 57.042239 ], [ 9.992353, 57.042284 ], [ 9.992437, 57.045428 ] ] ] } },
{ "type": "Feature", "properties": { "cell_id": 819, "area_m2": 122500.0, "bund": 37.9, "dybde": 20.7, "stroem": 12.3, "natur": 47.3 }, "geometry": { "type": "Polygon", "coordinates": [ [ [ 9.992521, 57.048572 ], [ 9.998289, 57.048526 ], [ 9.998205, 57.045382 ], [ 9.992437, 57.045428 ], [ 9.992521, 57.048572 ] ] ] } },
{ "type": "Feature", "properties": { "cell_id": 820, "area_m2": 122500.0, "bund": 38.7, "dybde": 22.6, "stroem": 12.1, "natur": 48.7 }, "geometry": { "type": "Polygon", "coordinates": [ [ [ 9.992605, 57.051716 ], [ 9.998373, 57.05167 ], [ 9.998289, 57.048526 ], [ 9.992521, 57.048572 ], [ 9.992605, 57.051716 ] ] ] } },
{ "type": "Feature", "properties": { "cell_id": 821, "area_m2": 122500.0, "bund": 39.3, "dybde": 24.4, "stroem": 11.9, "natur": 50.0 }, "geometry": { "type": "Polygon", "coordinates": [ [ [ 9.992689, 57.054859 ], [ 9.998458, 57.054813 ], [ 9.998373, 57.05167 ], [ 9.992605, 57.051716 ], [ 9.992689, 57.054859 ] ] ] } },
{ "type": "Feature", "properties": { "cell_id": 822, "area_m2": 122500.0, "bund": 39.6, "dybde": 26.1, "stroem": 12.0, "natur": 51.3 }, "geometry": { "type": "Polygon", "coordinates": [ [ [ 9.992772, 57.058003 ], [ 9.998542, 57.057957 ], [ 9.998458, 57.054813 ], [ 9.992689, 57.054859 ], [ 9.992772, 57.058003 ] ] ] } },
{ "type": "Feature", "properties": { "cell_id": 823, "area_m2": 122500.0, "bund": 39.6, "dybde": 27.6, "stroem": 12.6, "natur": 52.4 }, "geometry": { "type": "Polygon", "coordinates": [ [ [ 9.992856, 57.061147 ], [ 9.998627, 57.061101 ], [ 9.998542, 57.057957 ], [ 9.992772, 57.058003 ], [ 9.992856, 57.061147 ] ] ] } },
{ "type": "Feature", "properties": { "cell_id": 824, "area_m2": 122500.0, "bund": 39.4, "dybde": 28.9, "stroem": 14.1, "natur": 53.4 }, "geometry": { "type": "Polygon", "coordinates": [ [ [ 9.99294, 57.06429 ], [ 9.998711, 57.064245 ], [ 9.998627, 57.061101 ], [ 9.992856, 57.061147 ], [ 9.99294, 57.06429 ] ] ] } },
{ "type": "Feature", "properties": { "cell_id": 825, "area_m2": 122500.0, "bund": 39.0, "dybde": 30.0, "stroem": 16.8, "natur": 54.1 }, "geometry": { "type": "Polygon", "coordinates": [ [ [ 9.993024, 57.067434 ], [ 9.998795, 57.067388 ], [ 9.998711, 57.064245 ], [ 9.99294, 57.06429 ], [ 9.993024, 57.067434 ] ] ] } },
{ "type": "Feature", "properties": { "cell_id": 826, "area_m2": 122500.0, "bund": 38.4, "dybde": 31.0, "stroem": 20.9, "natur": 54.7 }, "geometry": { "type": "Polygon", "coordinates": [ [ [ 9.993108, 57.070578 ], [ 9.99888, 57.070532 ], [ 9.998795, 57.067388 ], [ 9.993024, 57.067434 ], [ 9.993108, 57.070578 ] ] ] } },
{ "type": "Feature", "properties": { "cell_id": 827, "area_m2": 115158.8, "bund": 37.7, "dybde": 31.9, "stroem": 26.3, "natur": 55.0 }, "geometry": { "type": "Polygon", "coordinates": [ [ [ 9.99888, 57.070532 ], [ 9.993108, 57.070578 ], [ 9.993175, 57.073071 ], [ 9.996533, 57.073695 ], [ 9.998964, 57.073676 ], [ 9.99888, 57.070532 ] ] ] } },
{ "type": "Feature", "properties": { "cell_id": 828, "area_m2": 85531.5, "bund": 28.0, "dybde": 5.5, "stroem": 42.7, "natur": 43.2 }, "geometry": { "type": "Polygon", "coordinates": [ [ [ 10.003125, 57.013899 ], [ 10.003056, 57.011336 ], [ 10.002621, 57.011375 ], [ 10.002526, 57.011386 ], [ 9.997314, 57.012143 ], [ 9.997362, 57.013945 ], [ 10.003125, 57.013899 ] ] ] } },
{ "type": "Feature", "properties": { "cell_id": 829, "area_m2": 122500.0, "bund": 28.3, "dybde": 4.9, "stroem": 39.0, "natur": 43.4 }, "geometry": { "type": "Polygon", "coordinates": [ [ [ 9.997446, 57.017089 ], [ 10.00321, 57.017043 ], [ 10.003125, 57.013899 ], [ 9.997362, 57.013945 ], [ 9.997446, 57.017089 ] ] ] } },
{ "type": "Feature", "properties": { "cell_id": 830, "area_m2": 122500.0, "bund": 28.8, "dybde": 4.6, "stroem": 35.0, "natur": 43.9 }, "geometry": { "type": "Polygon", "coordinates": [ [ [ 9.997531, 57.020232 ], [ 10.003294, 57.020186 ], [ 10.00321, 57.017043 ], [ 9.997446, 57.017089 ], [ 9.997531, 57.020232 ] ] ] } },
{ "type": "Feature", "properties": { "cell_id": 831, "area_m2": 122500.0, "bund": 29.5, "dybde": 4.8, "stroem": 31.5, "natur": 44.6 }, "geometry": { "type": "Polygon", "coordinates": [ [ [ 9.997615, 57.023376 ], [ 10.003379, 57.02333 ], [ 10.003294, 57.020186 ], [ 9.997531, 57.020232 ], [ 9.997615, 57.023376 ] ] ] } },
{ "type": "Feature", "properties": { "cell_id": 832, "area_m2": 122500.0, "bund": 30.2, "dybde": 5.4, "stroem": 28.4, "natur": 45.3 }, "geometry": { "type": "Polygon", "coordinates": [ [ [ 9.997699, 57.02652 ], [ 10.003464, 57.026474 ], [ 10.003379, 57.02333 ], [ 9.997615, 57.023376 ], [ 9.997699, 57.02652 ] ] ] } },
{ "type": "Feature", "properties": { "cell_id": 833, "area_m2": 122500.0, "bund": 31.1, "dybde": 6.5, "stroem": 25.8, "natur": 46.2 }, "geometry": { "type": "Polygon", "coordinates": [ [ [ 9.997783, 57.029664 ], [ 10.003548, 57.029618 ], [ 10.003464, 57.026474 ], [ 9.997699, 57.02652 ], [ 9.997783, 57.029664 ] ] ] } },
{ "type": "Feature", "properties": { "cell_id": 834, "area_m2": 122500.0, "bund": 32.1, "dybde": 7.9, "stroem": 23.7, "natur": 47.2 }, "geometry": { "type": "Polygon", "coordinates": [ [ [ 9.997868, 57.032807 ], [ 10.003633, 57.032761 ], [ 10.003548, 57.029618 ], [ 9.997783, 57.029664 ], [ 9.997868, 57.032807 ] ] ] } },
{ "type": "Feature", "properties": { "cell_id": 835, "area_m2": 122500.0, "bund": 33.2, "dybde": 9.7, "stroem": 22.0, "natur": 48.4 }, "geometry": { "type": "Polygon", "coordinates": [ [ [ 9.997952, 57.035951 ], [ 10.003718, 57.035905 ], [ 10.003633, 57.032761 ], [ 9.997868, 57.032807 ], [ 9.997952, 57.035951 ] ] ] } },
{ "type": "Feature", "properties": { "cell_id": 836, "area_m2": 122500.0, "bund": 34.4, "dybde": 11.8, "stroem": 20.6, "natur": 49.8 }, "geometry": { "type": "Polygon", "coordinates": [ [ [ 9.998036, 57.039095 ], [ 10.003803, 57.039049 ], [ 10.003718, 57.035905 ], [ 9.997952, 57.035951 ], [ 9.998036, 57.039095 ] ] ] } },
{ "type": "Feature", "properties": { "cell_id": 837, "area_m2": 122500.0, "bund": 35.6, "dybde": 14.0, "stroem": 19.3, "natur": 51.2 }, "geometry": { "type": "Polygon", "coordinates": [ [ [ 9.99812, 57.042239 ], [ 10.003888, 57.042192 ], [ 10.003803, 57.039049 ], [ 9.998036, 57.039095 ], [ 9.99812, 57.042239 ] ] ] } },
{ "type": "Feature", "properties": { "cell_id": 838, "area_m2": 122500.0, "bund": 36.8, "dybde": 16.3, "stroem": 18.1, "natur": 52.7 }, "geometry": { "type": "Polygon", "coordinates": [ [ [ 9.998205, 57.045382 ], [ 10.003972, 57.045336 ], [ 10.003888, 57.042192 ], [ 9.99812, 57.042239 ], [ 9.998205, 57.045382 ] ] ] } },
{ "type": "Feature", "properties": { "cell_id": 839, "area_m2": 122500.0, "bund": 37.8, "dybde": 18.6, "stroem": 16.7, "natur": 54.2 }, "geometry": { "type": "Polygon", "coordinates": [ [ [ 9.998289, 57.048526 ], [ 10.004057, 57.04848 ], [ 10.003972, 57.045336 ], [ 9.998205, 57.045382 ], [ 9.998289, 57.048526 ] ] ] } },
{ "type": "Feature", "properties": { "cell_id": 840, "area_m2": 122500.0, "bund": 38.5, "dybde": 20.8, "stroem": 15.4, "natur": 55.7 }, "geometry": { "type": "Polygon", "coordinates": [ [ [ 9.998373, 57.05167 ], [ 10.004142, 57.051624 ], [ 10.004057, 57.04848 ], [ 9.998289, 57.048526 ], [ 9.998373, 57.05167 ] ] ] } },
{ "type": "Feature", "properties": { "cell_id": 841, "area_m2": 122500.0, "bund": 39.1, "dybde": 23.0, "stroem": 14.1, "natur": 57.0 }, "geometry": { "type": "Polygon", "coordinates": [ [ [ 9.998458, 57.054813 ], [ 10.004227, 57.054767 ], [ 10.004142, 57.051624 ], [ 9.998373, 57.05167 ], [ 9.998458, 57.054813 ] ] ] } },
{ "type": "Feature", "properties": { "cell_id": 842, "area_m2": 122500.0, "bund": 39.3, "dybde": 25.0, "stroem": 13.2, "natur": 58.2 }, "geometry": { "type": "Polygon", "coordinates": [ [ [ 9.998542, 57.057957 ], [ 10.004312, 57.057911 ], [ 10.004227, 57.054767 ], [ 9.998458, 57.054813 ], [ 9.998542, 57.057957 ] ] ] } },
{ "type": "Feature", "properties": { "cell_id": 843, "area_m2": 122500.0, "bund": 39.3, "dybde": 26.8, "stroem": 13.0, "natur": 59.2 }, "geometry": { "type": "Polygon", "coordinates": [ [ [ 9.998627, 57.061101 ], [ 10.004397, 57.061055 ], [ 10.004312, 57.057911 ], [ 9.998542, 57.057957 ], [ 9.998627, 57.061101 ] ] ] } },
{ "type": "Feature", "properties": { "cell_id": 844, "area_m2": 122500.0, "bund": 39.1, "dybde": 28.4, "stroem": 13.8, "natur": 59.9 }, "geometry": { "type": "Polygon", "coordinates": [ [ [ 9.998711, 57.064245 ], [ 10.004482, 57.064198 ], [ 10.004397, 57.061055 ], [ 9.998627, 57.061101 ], [ 9.998711, 57.064245 ] ] ] } },
{ "type": "Feature", "properties": { "cell_id": 845, "area_m2": 122500.0, "bund": 38.6, "dybde": 29.9, "stroem": 15.9, "natur": 60.3 }, "geometry": { "type": "Polygon", "coordinates": [ [ [ 9.998795, 57.067388 ], [ 10.004566, 57.067342 ], [ 10.004482, 57.064198 ], [ 9.998711, 57.064245 ], [ 9.998795, 57.067388 ] ] ] } },
{ "type": "Feature", "properties": { "cell_id": 846, "area_m2": 122500.0, "bund": 38.1, "dybde": 31.1, "stroem": 19.6, "natur": 60.5 }, "geometry": { "type": "Polygon", "coordinates": [ [ [ 9.99888, 57.070532 ], [ 10.004651, 57.070486 ], [ 10.004566, 57.067342 ], [ 9.998795, 57.067388 ], [ 9.99888, 57.070532 ] ] ] } },
{ "type": "Feature", "properties": { "cell_id": 847, "area_m2": 122500.0, "bund": 37.3, "dybde": 32.3, "stroem": 24.9, "natur": 60.3 }, "geometry": { "type": "Polygon", "coordinates": [ [ [ 9.998964, 57.073676 ], [ 10.004736, 57.07363 ], [ 10.004651, 57.070486 ], [ 9.99888, 57.070532 ], [ 9.998964, 57.073676 ] ] ] } },
{ "type": "Feature", "properties": { "cell_id": 848, "area_m2": 32930.3, "bund": 36.8, "dybde": 33.0, "stroem": 29.0, "natur": 60.5 }, "geometry": { "type": "Polygon", "coordinates": [ [ [ 9.998964, 57.073676 ], [ 9.998976, 57.074128 ], [ 10.004236, 57.074801 ], [ 10.004331, 57.074811 ], [ 10.004769, 57.074843 ], [ 10.004736, 57.07363 ], [ 9.998964, 57.073676 ] ] ] } },
{ "type": "Feature", "properties": { "cell_id": 849, "area_m2": 108907.6, "bund": 28.0, "dybde": 3.4, "stroem": 47.3, "natur": 46.0 }, "geometry": { "type": "Polygon", "coordinates": [ [ [ 10.008888, 57.013853 ], [ 10.008807, 57.01085 ], [ 10.008362, 57.010866 ], [ 10.008266, 57.010872 ], [ 10.003056, 57.011336 ], [ 10.003125, 57.013899 ], [ 10.008888, 57.013853 ] ] ] } },
{ "type": "Feature", "properties": { "cell_id": 850, "area_m2": 122500.0, "bund": 28.3, "dybde": 2.6, "stroem": 43.9, "natur": 46.8 }, "geometry": { "type": "Polygon", "coordinates": [ [ [ 10.00321, 57.017043 ], [ 10.008973, 57.016996 ], [ 10.008888, 57.013853 ], [ 10.003125, 57.013899 ], [ 10.00321, 57.017043 ] ] ] } },
{ "type": "Feature", "properties": { "cell_id": 851, "area_m2": 122500.0, "bund": 28.8, "dybde": 2.2, "stroem": 40.6, "natur": 47.8 }, "geometry": { "type": "Polygon", "coordinates": [ [ [ 10.003294, 57.020186 ], [ 10.009058, 57.02014 ], [ 10.008973, 57.016996 ], [ 10.00321, 57.017043 ], [ 10.003294, 57.020186 ] ] ] } },
{ "type": "Feature", "properties": { "cell_id": 852, "area_m2": 122500.0, "bund": 29.4, "dybde": 2.3, "stroem": 37.7, "natur": 48.8 }, "geometry": { "type": "Polygon", "coordinates": [ [ [ 10.003379, 57.02333 ], [ 10.009143, 57.023284 ], [ 10.009058, 57.02014 ], [ 10.003294, 57.020186 ], [ 10.003379, 57.02333 ] ] ] } },
{ "type": "Feature", "properties": { "cell_id": 853, "area_m2": 122500.0, "bund": 30.1, "dybde": 2.9, "stroem": 35.1, "natur": 50.0 }, "geometry": { "type": "Polygon", "coordinates": [ [ [ 10.003464, 57.026474 ], [ 10.009228, 57.026428 ], [ 10.009143, 57.023284 ], [ 10.003379, 57.02333 ], [ 10.003464, 57.026474 ] ] ] } },
{ "type": "Feature", "properties": { "cell_id": 854, "area_m2": 122500.0, "bund": 31.0, "dybde": 4.0, "stroem": 32.9, "natur": 51.3 }, "geometry": { "type": "Polygon", "coordinates": [ [ [ 10.003548, 57.029618 ], [ 10.009314, 57.029571 ], [ 10.009228, 57.026428 ], [ 10.003464, 57.026474 ], [ 10.003548, 57.029618 ] ] ] } },
{ "type": "Feature", "properties": { "cell_id": 855, "area_m2": 122500.0, "bund": 31.9, "dybde": 5.6, "stroem": 31.0, "natur": 52.8 }, "geometry": { "type": "Polygon", "coordinates": [ [ [ 10.003633, 57.032761 ], [ 10.009399, 57.032715 ], [ 10.009314, 57.029571 ], [ 10.003548, 57.029618 ], [ 10.003633, 57.032761 ] ] ] } },
{ "type": "Feature", "properties": { "cell_id": 856, "area_m2": 122500.0, "bund": 33.0, "dybde": 7.4, "stroem": 29.3, "natur": 54.3 }, "geometry": { "type": "Polygon", "coordinates": [ [ [ 10.003718, 57.035905 ], [ 10.009484, 57.035859 ], [ 10.009399, 57.032715 ], [ 10.003633, 57.032761 ], [ 10.003718, 57.035905 ] ] ] } },
{ "type": "Feature", "properties": { "cell_id": 857, "area_m2": 122500.0, "bund": 34.2, "dybde": 9.6, "stroem": 27.6, "natur": 56.0 }, "geometry": { "type": "Polygon", "coordinates": [ [ [ 10.003803, 57.039049 ], [ 10.009569, 57.039002 ], [ 10.009484, 57.035859 ], [ 10.003718, 57.035905 ], [ 10.003803, 57.039049 ] ] ] } },
{ "type": "Feature", "properties": { "cell_id": 858, "area_m2": 122500.0, "bund": 35.4, "dybde": 12.0, "stroem": 25.9, "natur": 57.7 }, "geometry": { "type": "Polygon", "coordinates": [ [ [ 10.003888, 57.042192 ], [ 10.009655, 57.042146 ], [ 10.009569, 57.039002 ], [ 10.003803, 57.039049 ], [ 10.003888, 57.042192 ] ] ] } },
{ "type": "Feature", "properties": { "cell_id": 859, "area_m2": 122500.0, "bund": 36.5, "dybde": 14.5, "stroem": 23.9, "natur": 59.4 }, "geometry": { "type": "Polygon", "coordinates": [ [ [ 10.003972, 57.045336 ], [ 10.00974, 57.04529 ], [ 10.009655, 57.042146 ], [ 10.003888, 57.042192 ], [ 10.003972, 57.045336 ] ] ] } },
{ "type": "Feature", "properties": { "cell_id": 860, "area_m2": 122500.0, "bund": 37.4, "dybde": 17.0, "stroem": 21.8, "natur": 61.0 }, "geometry": { "type": "Polygon", "coordinates": [ [ [ 10.004057, 57.04848 ], [ 10.009825, 57.048434 ], [ 10.00974, 57.04529 ], [ 10.003972, 57.045336 ], [ 10.004057, 57.04848 ] ] ] } },
{ "type": "Feature", "properties": { "cell_id": 861, "area_m2": 122500.0, "bund": 38.1, "dybde": 19.5, "stroem": 19.6, "natur": 62.6 }, "geometry": { "type": "Polygon", "coordinates": [ [ [ 10.004142, 57.051624 ], [ 10.009911, 57.051577 ], [ 10.009825, 57.048434 ], [ 10.004057, 57.04848 ], [ 10.004142, 57.051624 ] ] ] } },
{ "type": "Feature", "properties": { "cell_id": 862, "area_m2": 122500.0, "bund": 38.6, "dybde": 21.9, "stroem": 17.5, "natur": 63.9 }, "geometry": { "type": "Polygon", "coordinates": [ [ [ 10.004227, 57.054767 ], [ 10.009996, 57.054721 ], [ 10.009911, 57.051577 ], [ 10.004142, 57.051624 ], [ 10.004227, 57.054767 ] ] ] } },
{ "type": "Feature", "properties": { "cell_id": 863, "area_m2": 122500.0, "bund": 38.8, "dybde": 24.2, "stroem": 15.8, "natur": 65.0 }, "geometry": { "type": "Polygon", "coordinates": [ [ [ 10.004312, 57.057911 ], [ 10.010081, 57.057865 ], [ 10.009996, 57.054721 ], [ 10.004227, 57.054767 ], [ 10.004312, 57.057911 ] ] ] } },
{ "type": "Feature", "properties": { "cell_id": 864, "area_m2": 122500.0, "bund": 38.8, "dybde": 26.2, "stroem": 14.8, "natur": 65.8 }, "geometry": { "type": "Polygon", "coordinates": [ [ [ 10.004397, 57.061055 ], [ 10.010167, 57.061008 ], [ 10.010081, 57.057865 ], [ 10.004312, 57.057911 ], [ 10.004397, 57.061055 ] ] ] } },
{ "type": "Feature", "properties": { "cell_id": 865, "area_m2": 122500.0, "bund": 38.5, "dybde": 28.1, "stroem": 15.0, "natur": 66.3 }, "geometry": { "type": "Polygon", "coordinates": [ [ [ 10.004482, 57.064198 ], [ 10.010252, 57.064152 ], [ 10.010167, 57.061008 ], [ 10.004397, 57.061055 ], [ 10.004482, 57.064198 ] ] ] } },
{ "type": "Feature", "properties": { "cell_id": 866, "area_m2": 122500.0, "bund": 38.1, "dybde": 29.8, "stroem": 16.6, "natur": 66.4 }, "geometry": { "type": "Polygon", "coordinates": [ [ [ 10.004566, 57.067342 ], [ 10.010337, 57.067296 ], [ 10.010252, 57.064152 ], [ 10.004482, 57.064198 ], [ 10.004566, 57.067342 ] ] ] } },
{ "type": "Feature", "properties": { "cell_id": 867, "area_m2": 122500.0, "bund": 37.5, "dybde": 31.3, "stroem": 19.8, "natur": 66.2 }, "geometry": { "type": "Polygon", "coordinates": [ [ [ 10.004651, 57.070486 ], [ 10.010423, 57.070439 ], [ 10.010337, 57.067296 ], [ 10.004566, 57.067342 ], [ 10.004651, 57.070486 ] ] ] } },
{ "type": "Feature", "properties": { "cell_id": 868, "area_m2": 122500.0, "bund": 36.8, "dybde": 32.6, "stroem": 24.6, "natur": 65.7 }, "geometry": { "type": "Polygon", "coordinates": [ [ [ 10.004736, 57.07363 ], [ 10.010508, 57.073583 ], [ 10.010423, 57.070439 ], [ 10.004651, 57.070486 ], [ 10.004736, 57.07363 ] ] ] } },
{ "type": "Feature", "properties": { "cell_id": 869, "area_m2": 56306.4, "bund": 36.2, "dybde": 33.5, "stroem": 29.0, "natur": 65.2 }, "geometry": { "type": "Polygon", "coordinates": [ [ [ 10.004736, 57.07363 ], [ 10.004769, 57.074843 ], [ 10.010011, 57.075223 ], [ 10.010108, 57.075227 ], [ 10.010553, 57.075236 ], [ 10.010508, 57.073583 ], [ 10.004736, 57.07363 ] ] ] } },
{ "type": "Feature", "properties": { "cell_id": 870, "area_m2": 119970.8, "bund": 27.9, "dybde": 2.1, "stroem": 51.6, "natur": 49.0 }, "geometry": { "type": "Polygon", "coordinates": [ [ [ 10.014651, 57.013806 ], [ 10.014565, 57.010673 ], [ 10.014168, 57.010666 ], [ 10.014071, 57.010666 ], [ 10.008807, 57.01085 ], [ 10.008888, 57.013853 ], [ 10.014651, 57.013806 ] ] ] } },
{ "type": "Feature", "properties": { "cell_id": 871, "area_m2": 122500.0, "bund": 28.3, "dybde": 1.1, "stroem": 48.8, "natur": 50.3 }, "geometry": { "type": "Polygon", "coordinates": [ [ [ 10.008973, 57.016996 ], [ 10.014736, 57.01695 ], [ 10.014651, 57.013806 ], [ 10.008888, 57.013853 ], [ 10.008973, 57.016996 ] ] ] } },
{ "type": "Feature", "properties": { "cell_id": 872, "area_m2": 122500.0, "bund": 28.7, "dybde": 0.7, "stroem": 46.2, "natur": 51.8 }, "geometry": { "type": "Polygon", "coordinates": [ [ [ 10.009058, 57.02014 ], [ 10.014822, 57.020093 ], [ 10.014736, 57.01695 ], [ 10.008973, 57.016996 ], [ 10.009058, 57.02014 ] ] ] } },
{ "type": "Feature", "properties": { "cell_id": 873, "area_m2": 122500.0, "bund": 29.3, "dybde": 0.7, "stroem": 43.8, "natur": 53.3 }, "geometry": { "type": "Polygon", "coordinates": [ [ [ 10.009143, 57.023284 ], [ 10.014908, 57.023237 ], [ 10.014822, 57.020093 ], [ 10.009058, 57.02014 ], [ 10.009143, 57.023284 ] ] ] } },
{ "type": "Feature", "properties": { "cell_id": 874, "area_m2": 122500.0, "bund": 29.9, "dybde": 1.4, "stroem": 41.7, "natur": 54.8 }, "geometry": { "type": "Polygon", "coordinates": [ [ [ 10.009228, 57.026428 ], [ 10.014993, 57.026381 ], [ 10.014908, 57.023237 ], [ 10.009143, 57.023284 ], [ 10.009228, 57.026428 ] ] ] } },
{ "type": "Feature", "properties": { "cell_id": 875, "area_m2": 122500.0, "bund": 30.7, "dybde": 2.5, "stroem": 39.8, "natur": 56.5 }, "geometry": { "type": "Polygon", "coordinates": [ [ [ 10.009314, 57.029571 ], [ 10.015079, 57.029525 ], [ 10.014993, 57.026381 ], [ 10.009228, 57.026428 ], [ 10.009314, 57.029571 ] ] ] } },
{ "type": "Feature", "properties": { "cell_id": 876, "area_m2": 122500.0, "bund": 31.6, "dybde": 4.0, "stroem": 38.0, "natur": 58.3 }, "geometry": { "type": "Polygon", "coordinates": [ [ [ 10.009399, 57.032715 ], [ 10.015165, 57.032668 ], [ 10.015079, 57.029525 ], [ 10.009314, 57.029571 ], [ 10.009399, 57.032715 ] ] ] } },
{ "type": "Feature", "properties": { "cell_id": 877, "area_m2": 122500.0, "bund": 32.7, "dybde": 6.0, "stroem": 36.3, "natur": 60.1 }, "geometry": { "type": "Polygon", "coordinates": [ [ [ 10.009484, 57.035859 ], [ 10.01525, 57.035812 ], [ 10.015165, 57.032668 ], [ 10.009399, 57.032715 ], [ 10.009484, 57.035859 ] ] ] } },
{ "type": "Feature", "properties": { "cell_id": 878, "area_m2": 122500.0, "bund": 33.8, "dybde": 8.2, "stroem": 34.4, "natur": 62.0 }, "geometry": { "type": "Polygon", "coordinates": [ [ [ 10.009569, 57.039002 ], [ 10.015336, 57.038956 ], [ 10.01525, 57.035812 ], [ 10.009484, 57.035859 ], [ 10.009569, 57.039002 ] ] ] } },
{ "type": "Feature", "properties": { "cell_id": 879, "area_m2": 122500.0, "bund": 34.9, "dybde": 10.7, "stroem": 32.3, "natur": 64.0 }, "geometry": { "type": "Polygon", "coordinates": [ [ [ 10.009655, 57.042146 ], [ 10.015422, 57.042099 ], [ 10.015336, 57.038956 ], [ 10.009569, 57.039002 ], [ 10.009655, 57.042146 ] ] ] } },
{ "type": "Feature", "properties": { "cell_id": 880, "area_m2": 122500.0, "bund": 35.9, "dybde": 13.3, "stroem": 29.9, "natur": 65.8 }, "geometry": { "type": "Polygon", "coordinates": [ [ [ 10.00974, 57.04529 ], [ 10.015508, 57.045243 ], [ 10.015422, 57.042099 ], [ 10.009655, 57.042146 ], [ 10.00974, 57.04529 ] ] ] } },
{ "type": "Feature", "properties": { "cell_id": 881, "area_m2": 122500.0, "bund": 36.8, "dybde": 16.0, "stroem": 27.2, "natur": 67.6 }, "geometry": { "type": "Polygon", "coordinates": [ [ [ 10.009825, 57.048434 ], [ 10.015593, 57.048387 ], [ 10.015508, 57.045243 ], [ 10.00974, 57.04529 ], [ 10.009825, 57.048434 ] ] ] } },
{ "type": "Feature", "properties": { "cell_id": 882, "area_m2": 122500.0, "bund": 37.5, "dybde": 18.7, "stroem": 24.4, "natur": 69.2 }, "geometry": { "type": "Polygon", "coordinates": [ [ [ 10.009911, 57.051577 ], [ 10.015679, 57.051531 ], [ 10.015593, 57.048387 ], [ 10.009825, 57.048434 ], [ 10.009911, 57.051577 ] ] ] } },
{ "type": "Feature", "properties": { "cell_id": 883, "area_m2": 122500.0, "bund": 37.9, "dybde": 21.3, "stroem": 21.7, "natur": 70.5 }, "geometry": { "type": "Polygon", "coordinates": [ [ [ 10.009996, 57.054721 ], [ 10.015765, 57.054674 ], [ 10.015679, 57.051531 ], [ 10.009911, 57.051577 ], [ 10.009996, 57.054721 ] ] ] } },
{ "type": "Feature", "properties": { "cell_id": 884, "area_m2": 122500.0, "bund": 38.1, "dybde": 23.7, "stroem": 19.5, "natur": 71.5 }, "geometry": { "type": "Polygon", "coordinates": [ [ [ 10.010081, 57.057865 ], [ 10.015851, 57.057818 ], [ 10.015765, 57.054674 ], [ 10.009996, 57.054721 ], [ 10.010081, 57.057865 ] ] ] } },
{ "type": "Feature", "properties": { "cell_id": 885, "area_m2": 122500.0, "bund": 38.0, "dybde": 26.0, "stroem": 18.0, "natur": 72.1 }, "geometry": { "type": "Polygon", "coordinates": [ [ [ 10.010167, 57.061008 ], [ 10.015937, 57.060962 ], [ 10.015851, 57.057818 ], [ 10.010081, 57.057865 ], [ 10.010167, 57.061008 ] ] ] } },
{ "type": "Feature", "properties": { "cell_id": 886, "area_m2": 122500.0, "bund": 37.7, "dybde": 28.0, "stroem": 17.7, "natur": 72.4 }, "geometry": { "type": "Polygon", "coordinates": [ [ [ 10.010252, 57.064152 ], [ 10.016023, 57.064105 ], [ 10.015937, 57.060962 ], [ 10.010167, 57.061008 ], [ 10.010252, 57.064152 ] ] ] } },
{ "type": "Feature", "properties": { "cell_id": 887, "area_m2": 122500.0, "bund": 37.3, "dybde": 29.9, "stroem": 18.8, "natur": 72.3 }, "geometry": { "type": "Polygon", "coordinates": [ [ [ 10.010337, 57.067296 ], [ 10.016109, 57.067249 ], [ 10.016023, 57.064105 ], [ 10.010252, 57.064152 ], [ 10.010337, 57.067296 ] ] ] } },
{ "type": "Feature", "properties": { "cell_id": 888, "area_m2": 122500.0, "bund": 36.7, "dybde": 31.5, "stroem": 21.5, "natur": 71.8 }, "geometry": { "type": "Polygon", "coordinates": [ [ [ 10.010423, 57.070439 ], [ 10.016194, 57.070393 ], [ 10.016109, 57.067249 ], [ 10.010337, 57.067296 ], [ 10.010423, 57.070439 ] ] ] } },
{ "type": "Feature", "properties": { "cell_id": 889, "area_m2": 122500.0, "bund": 36.1, "dybde": 32.9, "stroem": 25.8, "natur": 70.9 }, "geometry": { "type": "Polygon", "coordinates": [ [ [ 10.010508, 57.073583 ], [ 10.01628, 57.073536 ], [ 10.016194, 57.070393 ], [ 10.010423, 57.070439 ], [ 10.010508, 57.073583 ] ] ] } },
{ "type": "Feature", "properties": { "cell_id": 890, "area_m2": 67369.6, "bund": 35.5, "dybde": 33.9, "stroem": 30.1, "natur": 69.9 }, "geometry": { "type": "Polygon", "coordinates": [ [ [ 10.010508, 57.073583 ], [ 10.010553, 57.075236 ], [ 10.015834, 57.075334 ], [ 10.015931, 57.075333 ], [ 10.016329, 57.07532 ], [ 10.01628, 57.073536 ], [ 10.010508, 57.073583 ] ] ] } },
{ "type": "Feature", "properties": { "cell_id": 891, "area_m2": 119046.3, "bund": 27.8, "dybde": 1.5, "stroem": 55.6, "natur": 52.3 }, "geometry": { "type": "Polygon", "coordinates": [ [ [ 10.020413, 57.013759 ], [ 10.020332, 57.010802 ], [ 10.019981, 57.010777 ], [ 10.019884, 57.010772 ], [ 10.014565, 57.010673 ], [ 10.014651, 57.013806 ], [ 10.020413, 57.013759 ] ] ] } },
{ "type": "Feature", "properties": { "cell_id": 892, "area_m2": 122500.0, "bund": 28.2, "dybde": 0.5, "stroem": 53.4, "natur": 54.1 }, "geometry": { "type": "Polygon", "coordinates": [ [ [ 10.014736, 57.01695 ], [ 10.020499, 57.016903 ], [ 10.020413, 57.013759 ], [ 10.014651, 57.013806 ], [ 10.014736, 57.01695 ] ] ] } },
{ "type": "Feature", "properties": { "cell_id": 893, "area_m2": 122500.0, "bund": 28.6, "dybde": 0.0, "stroem": 51.3, "natur": 55.9 }, "geometry": { "type": "Polygon", "coordinates": [ [ [ 10.014822, 57.020093 ], [ 10.020586, 57.020047 ], [ 10.020499, 57.016903 ], [ 10.014736, 57.01695 ], [ 10.014822, 57.020093 ] ] ] } },
{ "type": "Feature", "properties": { "cell_id": 894, "area_m2": 122500.0, "bund": 29.1, "dybde": 0.0, "stroem": 49.4, "natur": 57.8 }, "geometry": { "type": "Polygon", "coordinates": [ [ [ 10.014908, 57.023237 ], [ 10.020672, 57.02319 ], [ 10.020586, 57.020047 ], [ 10.014822, 57.020093 ], [ 10.014908, 57.023237 ] ] ] } },
{ "type": "Feature", "properties": { "cell_id": 895, "area_m2": 122500.0, "bund": 29.7, "dybde": 0.6, "stroem": 47.7, "natur": 59.8 }, "geometry": { "type": "Polygon", "coordinates": [ [ [ 10.014993, 57.026381 ], [ 10.020758, 57.026334 ], [ 10.020672, 57.02319 ], [ 10.014908, 57.023237 ], [ 10.014993, 57.026381 ] ] ] } },
{ "type": "Feature", "properties": { "cell_id": 896, "area_m2": 122500.0, "bund": 30.4, "dybde": 1.7, "stroem": 46.1, "natur": 61.8 }, "geometry": { "type": "Polygon", "coordinates": [ [ [ 10.015079, 57.029525 ], [ 10.020844, 57.029478 ], [ 10.020758, 57.026334 ], [ 10.014993, 57.026381 ], [ 10.015079, 57.029525 ] ] ] } },
{ "type": "Feature", "properties": { "cell_id": 897, "area_m2": 122500.0, "bund": 31.2, "dybde": 3.3, "stroem": 44.5, "natur": 63.8 }, "geometry": { "type": "Polygon", "coordinates": [ [ [ 10.015165, 57.032668 ], [ 10.02093, 57.032621 ], [ 10.020844, 57.029478 ], [ 10.015079, 57.029525 ], [ 10.015165, 57.032668 ] ] ] } },
{ "type": "Feature", "properties": { "cell_id": 898, "area_m2": 122500.0, "bund": 32.2, "dybde": 5.3, "stroem": 42.8, "natur": 65.8 }, "geometry": { "type": "Polygon", "coordinates": [ [ [ 10.01525, 57.035812 ], [ 10.021016, 57.035765 ], [ 10.02093, 57.032621 ], [ 10.015165, 57.032668 ], [ 10.01525, 57.035812 ] ] ] } },
{ "type": "Feature", "properties": { "cell_id": 899, "area_m2": 122500.0, "bund": 33.2, "dybde": 7.6, "stroem": 40.8, "natur": 67.9 }, "geometry": { "type": "Polygon", "coordinates": [ [ [ 10.015336, 57.038956 ], [ 10.021103, 57.038909 ], [ 10.021016, 57.035765 ], [ 10.01525, 57.035812 ], [ 10.015336, 57.038956 ] ] ] } },
{ "type": "Feature", "properties": { "cell_id": 900, "area_m2": 122500.0, "bund": 34.2, "dybde": 10.1, "stroem": 38.5, "natur": 70.0 }, "geometry": { "type": "Polygon", "coordinates": [ [ [ 10.015422, 57.042099 ], [ 10.021189, 57.042053 ], [ 10.021103, 57.038909 ], [ 10.015336, 57.038956 ], [ 10.015422, 57.042099 ] ] ] } },
{ "type": "Feature", "properties": { "cell_id": 901, "area_m2": 122500.0, "bund": 35.2, "dybde": 12.8, "stroem": 35.8, "natur": 71.9 }, "geometry": { "type": "Polygon", "coordinates": [ [ [ 10.015508, 57.045243 ], [ 10.021275, 57.045196 ], [ 10.021189, 57.042053 ], [ 10.015422, 57.042099 ], [ 10.015508, 57.045243 ] ] ] } },
{ "type": "Feature", "properties": { "cell_id": 902, "area_m2": 122500.0, "bund": 36.0, "dybde": 15.6, "stroem": 32.8, "natur": 73.8 }, "geometry": { "type": "Polygon", "coordinates": [ [ [ 10.015593, 57.048387 ], [ 10.021361, 57.04834 ], [ 10.021275, 57.045196 ], [ 10.015508, 57.045243 ], [ 10.015593, 57.048387 ] ] ] } },
{ "type": "Feature", "properties": { "cell_id": 903, "area_m2": 122500.0, "bund": 36.6, "dybde": 18.3, "stroem": 29.7, "natur": 75.4 }, "geometry": { "type": "Polygon", "coordinates": [ [ [ 10.015679, 57.051531 ], [ 10.021448, 57.051484 ], [ 10.021361, 57.04834 ], [ 10.015593, 57.048387 ], [ 10.015679, 57.051531 ] ] ] } },
{ "type": "Feature", "properties": { "cell_id": 904, "area_m2": 122500.0, "bund": 37.0, "dybde": 21.0, "stroem": 26.7, "natur": 76.7 }, "geometry": { "type": "Polygon", "coordinates": [ [ [ 10.015765, 57.054674 ], [ 10.021534, 57.054627 ], [ 10.021448, 57.051484 ], [ 10.015679, 57.051531 ], [ 10.015765, 57.054674 ] ] ] } },
{ "type": "Feature", "properties": { "cell_id": 905, "area_m2": 122500.0, "bund": 37.1, "dybde": 23.6, "stroem": 24.1, "natur": 77.6 }, "geometry": { "type": "Polygon", "coordinates": [ [ [ 10.015851, 57.057818 ], [ 10.02162, 57.057771 ], [ 10.021534, 57.054627 ], [ 10.015765, 57.054674 ], [ 10.015851, 57.057818 ] ] ] } },
{ "type": "Feature", "properties": { "cell_id": 906, "area_m2": 122500.0, "bund": 37.1, "dybde": 25.9, "stroem": 22.4, "natur": 78.1 }, "geometry": { "type": "Polygon", "coordinates": [ [ [ 10.015937, 57.060962 ], [ 10.021707, 57.060915 ], [ 10.02162, 57.057771 ], [ 10.015851, 57.057818 ], [ 10.015937, 57.060962 ] ] ] } },
{ "type": "Feature", "properties": { "cell_id": 907, "area_m2": 122500.0, "bund": 36.8, "dybde": 28.1, "stroem": 21.7, "natur": 78.2 }, "geometry": { "type": "Polygon", "coordinates": [ [ [ 10.016023, 57.064105 ], [ 10.021793, 57.064058 ], [ 10.021707, 57.060915 ], [ 10.015937, 57.060962 ], [ 10.016023, 57.064105 ] ] ] } },
{ "type": "Feature", "properties": { "cell_id": 908, "area_m2": 122500.0, "bund": 36.4, "dybde": 30.1, "stroem": 22.5, "natur": 77.8 }, "geometry": { "type": "Polygon", "coordinates": [ [ [ 10.016109, 57.067249 ], [ 10.02188, 57.067202 ], [ 10.021793, 57.064058 ], [ 10.016023, 57.064105 ], [ 10.016109, 57.067249 ] ] ] } },
{ "type": "Feature", "properties": { "cell_id": 909, "area_m2": 122500.0, "bund": 35.9, "dybde": 31.8, "stroem": 24.7, "natur": 77.0 }, "geometry": { "type": "Polygon", "coordinates": [ [ [ 10.016194, 57.070393 ], [ 10.021966, 57.070346 ], [ 10.02188, 57.067202 ], [ 10.016109, 57.067249 ], [ 10.016194, 57.070393 ] ] ] } },
{ "type": "Feature", "properties": { "cell_id": 910, "area_m2": 122500.0, "bund": 35.2, "dybde": 33.3, "stroem": 28.4, "natur": 75.7 }, "geometry": { "type": "Polygon", "coordinates": [ [ [ 10.01628, 57.073536 ], [ 10.022052, 57.07349 ], [ 10.021966, 57.070346 ], [ 10.016194, 57.070393 ], [ 10.01628, 57.073536 ] ] ] } },
{ "type": "Feature", "properties": { "cell_id": 911, "area_m2": 66445.2, "bund": 34.7, "dybde": 34.3, "stroem": 32.1, "natur": 74.4 }, "geometry": { "type": "Polygon", "coordinates": [ [ [ 10.01628, 57.073536 ], [ 10.016329, 57.07532 ], [ 10.021649, 57.075134 ], [ 10.021746, 57.075128 ], [ 10.022097, 57.075097 ], [ 10.022052, 57.07349 ], [ 10.01628, 57.073536 ] ] ] } },
{ "type": "Feature", "properties": { "cell_id": 912, "area_m2": 106108.5, "bund": 27.7, "dybde": 1.6, "stroem": 59.0, "natur": 55.8 }, "geometry": { "type": "Polygon", "coordinates": [ [ [ 10.026176, 57.013712 ], [ 10.026108, 57.011244 ], [ 10.025746, 57.011198 ], [ 10.025651, 57.011188 ], [ 10.020332, 57.010802 ], [ 10.020413, 57.013759 ], [ 10.026176, 57.013712 ] ] ] } },
{ "type": "Feature", "properties": { "cell_id": 913, "area_m2": 122500.0, "bund": 28.0, "dybde": 0.7, "stroem": 57.5, "natur": 58.0 }, "geometry": { "type": "Polygon", "coordinates": [ [ [ 10.020499, 57.016903 ], [ 10.026263, 57.016856 ], [ 10.026176, 57.013712 ], [ 10.020413, 57.013759 ], [ 10.020499, 57.016903 ] ] ] } },
{ "type": "Feature", "properties": { "cell_id": 914, "area_m2": 122500.0, "bund": 28.4, "dybde": 0.2, "stroem": 55.9, "natur": 60.3 }, "geometry": { "type": "Polygon", "coordinates": [ [ [ 10.020586, 57.020047 ], [ 10.026349, 57.02 ], [ 10.026263, 57.016856 ], [ 10.020499, 57.016903 ], [ 10.020586, 57.020047 ] ] ] } },
{ "type": "Feature", "properties": { "cell_id": 915, "area_m2": 122500.0, "bund": 28.8, "dybde": 0.2, "stroem": 54.4, "natur": 62.6 }, "geometry": { "type": "Polygon", "coordinates": [ [ [ 10.020672, 57.02319 ], [ 10.026436, 57.023143 ], [ 10.026349, 57.02 ], [ 10.020586, 57.020047 ], [ 10.020672, 57.02319 ] ] ] } },
{ "type": "Feature", "properties": { "cell_id": 916, "area_m2": 122500.0, "bund": 29.4, "dybde": 0.7, "stroem": 53.0, "natur": 64.8 }, "geometry": { "type": "Polygon", "coordinates": [ [ [ 10.020758, 57.026334 ], [ 10.026523, 57.026287 ], [ 10.026436, 57.023143 ], [ 10.020672, 57.02319 ], [ 10.020758, 57.026334 ] ] ] } },
{ "type": "Feature", "properties": { "cell_id": 917, "area_m2": 122500.0, "bund": 30.0, "dybde": 1.8, "stroem": 51.6, "natur": 67.0 }, "geometry": { "type": "Polygon", "coordinates": [ [ [ 10.020844, 57.029478 ], [ 10.026609, 57.029431 ], [ 10.026523, 57.026287 ], [ 10.020758, 57.026334 ], [ 10.020844, 57.029478 ] ] ] } },
{ "type": "Feature", "properties": { "cell_id": 918, "area_m2": 122500.0, "bund": 30.8, "dybde": 3.3, "stroem": 50.2, "natur": 69.1 }, "geometry": { "type": "Polygon", "coordinates": [ [ [ 10.02093, 57.032621 ], [ 10.026696, 57.032574 ], [ 10.026609, 57.029431 ], [ 10.020844, 57.029478 ], [ 10.02093, 57.032621 ] ] ] } },
{ "type": "Feature", "properties": { "cell_id": 919, "area_m2": 122500.0, "bund": 31.6, "dybde": 5.3, "stroem": 48.5, "natur": 71.3 }, "geometry": { "type": "Polygon", "coordinates": [ [ [ 10.021016, 57.035765 ], [ 10.026783, 57.035718 ], [ 10.026696, 57.032574 ], [ 10.02093, 57.032621 ], [ 10.021016, 57.035765 ] ] ] } },
{ "type": "Feature", "properties": { "cell_id": 920, "area_m2": 122500.0, "bund": 32.5, "dybde": 7.6, "stroem": 46.5, "natur": 73.5 }, "geometry": { "type": "Polygon", "coordinates": [ [ [ 10.021103, 57.038909 ], [ 10.026869, 57.038862 ], [ 10.026783, 57.035718 ], [ 10.021016, 57.035765 ], [ 10.021103, 57.038909 ] ] ] } },
{ "type": "Feature", "properties": { "cell_id": 921, "area_m2": 122500.0, "bund": 33.4, "dybde": 10.1, "stroem": 44.1, "natur": 75.6 }, "geometry": { "type": "Polygon", "coordinates": [ [ [ 10.021189, 57.042053 ], [ 10.026956, 57.042005 ], [ 10.026869, 57.038862 ], [ 10.021103, 57.038909 ], [ 10.021189, 57.042053 ] ] ] } },
{ "type": "Feature", "properties": { "cell_id": 922, "area_m2": 122500.0, "bund": 34.3, "dybde": 12.8, "stroem": 41.4, "natur": 77.6 }, "geometry": { "type": "Polygon", "coordinates": [ [ [ 10.021275, 57.045196 ], [ 10.027043, 57.045149 ], [ 10.026956, 57.042005 ], [ 10.021189, 57.042053 ], [ 10.021275, 57.045196 ] ] ] } },
{ "type": "Feature", "properties": { "cell_id": 923, "area_m2": 122500.0, "bund": 35.0, "dybde": 15.6, "stroem": 38.3, "natur": 79.5 }, "geometry": { "type": "Polygon", "coordinates": [ [ [ 10.021361, 57.04834 ], [ 10.02713, 57.048293 ], [ 10.027043, 57.045149 ], [ 10.021275, 57.045196 ], [ 10.021361, 57.04834 ] ] ] } },
{ "type": "Feature", "properties": { "cell_id": 924, "area_m2": 122500.0, "bund": 35.6, "dybde": 18.4, "stroem": 35.1, "natur": 81.1 }, "geometry": { "type": "Polygon", "coordinates": [ [ [ 10.021448, 57.051484 ], [ 10.027216, 57.051437 ], [ 10.02713, 57.048293 ], [ 10.021361, 57.04834 ], [ 10.021448, 57.051484 ] ] ] } },
{ "type": "Feature", "properties": { "cell_id": 925, "area_m2": 122500.0, "bund": 35.9, "dybde": 21.1, "stroem": 32.1, "natur": 82.3 }, "geometry": { "type": "Polygon", "coordinates": [ [ [ 10.021534, 57.054627 ], [ 10.027303, 57.05458 ], [ 10.027216, 57.051437 ], [ 10.021448, 57.051484 ], [ 10.021534, 57.054627 ] ] ] } },
{ "type": "Feature", "properties": { "cell_id": 926, "area_m2": 122500.0, "bund": 36.0, "dybde": 23.7, "stroem": 29.4, "natur": 83.2 }, "geometry": { "type": "Polygon", "coordinates": [ [ [ 10.02162, 57.057771 ], [ 10.02739, 57.057724 ], [ 10.027303, 57.05458 ], [ 10.021534, 57.054627 ], [ 10.02162, 57.057771 ] ] ] } },
{ "type": "Feature", "properties": { "cell_id": 927, "area_m2": 122500.0, "bund": 36.0, "dybde": 26.1, "stroem": 27.5, "natur": 83.6 }, "geometry": { "type": "Polygon", "coordinates": [ [ [ 10.021707, 57.060915 ], [ 10.027477, 57.060868 ], [ 10.02739, 57.057724 ], [ 10.02162, 57.057771 ], [ 10.021707, 57.060915 ] ] ] } },
{ "type": "Feature", "properties": { "cell_id": 928, "area_m2": 122500.0, "bund": 35.7, "dybde": 28.4, "stroem": 26.7, "natur": 83.4 }, "geometry": { "type": "Polygon", "coordinates": [ [ [ 10.021793, 57.064058 ], [ 10.027564, 57.064011 ], [ 10.027477, 57.060868 ], [ 10.021707, 57.060915 ], [ 10.021793, 57.064058 ] ] ] } },
{ "type": "Feature", "properties": { "cell_id": 929, "area_m2": 122500.0, "bund": 35.4, "dybde": 30.4, "stroem": 27.2, "natur": 82.8 }, "geometry": { "type": "Polygon", "coordinates": [ [ [ 10.02188, 57.067202 ], [ 10.027651, 57.067155 ], [ 10.027564, 57.064011 ], [ 10.021793, 57.064058 ], [ 10.02188, 57.067202 ] ] ] } },
{ "type": "Feature", "properties": { "cell_id": 930, "area_m2": 122500.0, "bund": 34.9, "dybde": 32.1, "stroem": 29.0, "natur": 81.7 }, "geometry": { "type": "Polygon", "coordinates": [ [ [ 10.021966, 57.070346 ], [ 10.027737, 57.070299 ], [ 10.027651, 57.067155 ], [ 10.02188, 57.067202 ], [ 10.021966, 57.070346 ] ] ] } },
{ "type": "Feature", "properties": { "cell_id": 931, "area_m2": 122500.0, "bund": 34.3, "dybde": 33.7, "stroem": 32.1, "natur": 80.2 }, "geometry": { "type": "Polygon", "coordinates": [ [ [ 10.022052, 57.07349 ], [ 10.027824, 57.073442 ], [ 10.027737, 57.070299 ], [ 10.021966, 57.070346 ], [ 10.022052, 57.07349 ] ] ] } },
{ "type": "Feature", "properties": { "cell_id": 932, "area_m2": 53507.3, "bund": 33.9, "dybde": 34.7, "stroem": 35.0, "natur": 78.7 }, "geometry": { "type": "Polygon", "coordinates": [ [ [ 10.022052, 57.07349 ], [ 10.022097, 57.075097 ], [ 10.027401, 57.074624 ], [ 10.027495, 57.074613 ], [ 10.027855, 57.07456 ], [ 10.027824, 57.073442 ], [ 10.022052, 57.07349 ] ] ] } },
{ "type": "Feature", "properties": { "cell_id": 933, "area_m2": 80771.5, "bund": 27.7, "dybde": 2.4, "stroem": 61.9, "natur": 59.7 }, "geometry": { "type": "Polygon", "coordinates": [ [ [ 10.031939, 57.013665 ], [ 10.031893, 57.012015 ], [ 10.031408, 57.011925 ], [ 10.031315, 57.01191 ], [ 10.026108, 57.011244 ], [ 10.026176, 57.013712 ], [ 10.031939, 57.013665 ] ] ] } },
{ "type": "Feature", "properties": { "cell_id": 934, "area_m2": 122500.0, "bund": 27.9, "dybde": 1.6, "stroem": 61.0, "natur": 62.1 }, "geometry": { "type": "Polygon", "coordinates": [ [ [ 10.026263, 57.016856 ], [ 10.032026, 57.016808 ], [ 10.031939, 57.013665 ], [ 10.026176, 57.013712 ], [ 10.026263, 57.016856 ] ] ] } },
{ "type": "Feature", "properties": { "cell_id": 935, "area_m2": 122500.0, "bund": 28.2, "dybde": 1.1, "stroem": 59.7, "natur": 64.8 }, "geometry": { "type": "Polygon", "coordinates": [ [ [ 10.026349, 57.02 ], [ 10.032113, 57.019952 ], [ 10.032026, 57.016808 ], [ 10.026263, 57.016856 ], [ 10.026349, 57.02 ] ] ] } },
{ "type": "Feature", "properties": { "cell_id": 936, "area_m2": 122500.0, "bund": 28.6, "dybde": 1.1, "stroem": 58.6, "natur": 67.4 }, "geometry": { "type": "Polygon", "coordinates": [ [ [ 10.026436, 57.023143 ], [ 10.0322, 57.023096 ], [ 10.032113, 57.019952 ], [ 10.026349, 57.02 ], [ 10.026436, 57.023143 ] ] ] } },
{ "type": "Feature", "properties": { "cell_id": 937, "area_m2": 122500.0, "bund": 29.1, "dybde": 1.6, "stroem": 57.4, "natur": 69.8 }, "geometry": { "type": "Polygon", "coordinates": [ [ [ 10.026523, 57.026287 ], [ 10.032287, 57.02624 ], [ 10.0322, 57.023096 ], [ 10.026436, 57.023143 ], [ 10.026523, 57.026287 ] ] ] } },
{ "type": "Feature", "properties": { "cell_id": 938, "area_m2": 122500.0, "bund": 29.6, "dybde": 2.6, "stroem": 56.3, "natur": 72.1 }, "geometry": { "type": "Polygon", "coordinates": [ [ [ 10.026609, 57.029431 ], [ 10.032374, 57.029383 ], [ 10.032287, 57.02624 ], [ 10.026523, 57.026287 ], [ 10.026609, 57.029431 ] ] ] } },
{ "type": "Feature", "properties": { "cell_id": 939, "area_m2": 122500.0, "bund": 30.3, "dybde": 4.1, "stroem": 55.0, "natur": 74.3 }, "geometry": { "type": "Polygon", "coordinates": [ [ [ 10.026696, 57.032574 ], [ 10.032462, 57.032527 ], [ 10.032374, 57.029383 ], [ 10.026609, 57.029431 ], [ 10.026696, 57.032574 ] ] ] } },
{ "type": "Feature", "properties": { "cell_id": 940, "area_m2": 122500.0, "bund": 31.0, "dybde": 6.0, "stroem": 53.4, "natur": 76.5 }, "geometry": { "type": "Polygon", "coordinates": [ [ [ 10.026783, 57.035718 ], [ 10.032549, 57.035671 ], [ 10.032462, 57.032527 ], [ 10.026696, 57.032574 ], [ 10.026783, 57.035718 ] ] ] } },
{ "type": "Feature", "properties": { "cell_id": 941, "area_m2": 122500.0, "bund": 31.8, "dybde": 8.2, "stroem": 51.5, "natur": 78.6 }, "geometry": { "type": "Polygon", "coordinates": [ [ [ 10.026869, 57.038862 ], [ 10.032636, 57.038814 ], [ 10.032549, 57.035671 ], [ 10.026783, 57.035718 ], [ 10.026869, 57.038862 ] ] ] } },
{ "type": "Feature", "properties": { "cell_id": 942, "area_m2": 122500.0, "bund": 32.5, "dybde": 10.7, "stroem": 49.2, "natur": 80.7 }, "geometry": { "type": "Polygon", "coordinates": [ [ [ 10.026956, 57.042005 ], [ 10.032723, 57.041958 ], [ 10.032636, 57.038814 ], [ 10.026869, 57.038862 ], [ 10.026956, 57.042005 ] ] ] } },
{ "type": "Feature", "properties": { "cell_id": 943, "area_m2": 122500.0, "bund": 33.3, "dybde": 13.4, "stroem": 46.6, "natur": 82.8 }, "geometry": { "type": "Polygon", "coordinates": [ [ [ 10.027043, 57.045149 ], [ 10.03281, 57.045102 ], [ 10.032723, 57.041958 ], [ 10.026956, 57.042005 ], [ 10.027043, 57.045149 ] ] ] } },
{ "type": "Feature", "properties": { "cell_id": 944, "area_m2": 122500.0, "bund": 33.9, "dybde": 16.1, "stroem": 43.6, "natur": 84.6 }, "geometry": { "type": "Polygon", "coordinates": [ [ [ 10.02713, 57.048293 ], [ 10.032898, 57.048245 ], [ 10.03281, 57.045102 ], [ 10.027043, 57.045149 ], [ 10.02713, 57.048293 ] ] ] } },
{ "type": "Feature", "properties": { "cell_id": 945, "area_m2": 122500.0, "bund": 34.4, "dybde": 18.9, "stroem": 40.6, "natur": 86.2 }, "geometry": { "type": "Polygon", "coordinates": [ [ [ 10.027216, 57.051437 ], [ 10.032985, 57.051389 ], [ 10.032898, 57.048245 ], [ 10.02713, 57.048293 ], [ 10.027216, 57.051437 ] ] ] } },
{ "type": "Feature", "properties": { "cell_id": 946, "area_m2": 122500.0, "bund": 34.7, "dybde": 21.6, "stroem": 37.6, "natur": 87.4 }, "geometry": { "type": "Polygon", "coordinates": [ [ [ 10.027303, 57.05458 ], [ 10.033072, 57.054533 ], [ 10.032985, 57.051389 ], [ 10.027216, 57.051437 ], [ 10.027303, 57.05458 ] ] ] } },
{ "type": "Feature", "properties": { "cell_id": 947, "area_m2": 122500.0, "bund": 34.8, "dybde": 24.2, "stroem": 35.1, "natur": 88.1 }, "geometry": { "type": "Polygon", "coordinates": [ [ [ 10.02739, 57.057724 ], [ 10.033159, 57.057676 ], [ 10.033072, 57.054533 ], [ 10.027303, 57.05458 ], [ 10.02739, 57.057724 ] ] ] } },
{ "type": "Feature", "properties": { "cell_id": 948, "area_m2": 122500.0, "bund": 34.8, "dybde": 26.6, "stroem": 33.3, "natur": 88.4 }, "geometry": { "type": "Polygon", "coordinates": [ [ [ 10.027477, 57.060868 ], [ 10.033247, 57.06082 ], [ 10.033159, 57.057676 ], [ 10.02739, 57.057724 ], [ 10.027477, 57.060868 ] ] ] } },
{ "type": "Feature", "properties": { "cell_id": 949, "area_m2": 122500.0, "bund": 34.6, "dybde": 28.8, "stroem": 32.4, "natur": 88.1 }, "geometry": { "type": "Polygon", "coordinates": [ [ [ 10.027564, 57.064011 ], [ 10.033334, 57.063964 ], [ 10.033247, 57.06082 ], [ 10.027477, 57.060868 ], [ 10.027564, 57.064011 ] ] ] } },
{ "type": "Feature", "properties": { "cell_id": 950, "area_m2": 122500.0, "bund": 34.3, "dybde": 30.8, "stroem": 32.6, "natur": 87.3 }, "geometry": { "type": "Polygon", "coordinates": [ [ [ 10.027651, 57.067155 ], [ 10.033422, 57.067107 ], [ 10.033334, 57.063964 ], [ 10.027564, 57.064011 ], [ 10.027651, 57.067155 ] ] ] } },
{ "type": "Feature", "properties": { "cell_id": 951, "area_m2": 122500.0, "bund": 33.9, "dybde": 32.6, "stroem": 34.1, "natur": 86.0 }, "geometry": { "type": "Polygon", "coordinates": [ [ [ 10.027737, 57.070299 ], [ 10.033509, 57.070251 ], [ 10.033422, 57.067107 ], [ 10.027651, 57.067155 ], [ 10.027737, 57.070299 ] ] ] } },
{ "type": "Feature", "properties": { "cell_id": 952, "area_m2": 122500.0, "bund": 33.4, "dybde": 34.1, "stroem": 36.6, "natur": 84.1 }, "geometry": { "type": "Polygon", "coordinates": [ [ [ 10.027824, 57.073442 ], [ 10.033596, 57.073395 ], [ 10.033509, 57.070251 ], [ 10.027737, 57.070299 ], [ 10.027824, 57.073442 ] ] ] } },
{ "type": "Feature", "properties": { "cell_id": 953, "area_m2": 28170.3, "bund": 33.2, "dybde": 34.9, "stroem": 38.4, "natur": 82.4 }, "geometry": { "type": "Polygon", "coordinates": [ [ [ 10.027824, 57.073442 ], [ 10.027855, 57.07456 ], [ 10.033032, 57.073809 ], [ 10.033124, 57.073793 ], [ 10.033605, 57.073695 ], [ 10.033596, 57.073395 ], [ 10.027824, 57.073442 ] ] ] } },
{ "type": "Feature", "properties": { "cell_id": 954, "area_m2": 42223.9, "bund": 27.6, "dybde": 3.6, "stroem": 64.2, "natur": 63.7 }, "geometry": { "type": "Polygon", "coordinates": [ [ [ 10.037701, 57.013617 ], [ 10.037688, 57.013143 ], [ 10.036913, 57.012951 ], [ 10.036823, 57.012932 ], [ 10.031893, 57.012015 ], [ 10.031939, 57.013665 ], [ 10.037701, 57.013617 ] ] ] } },
{ "type": "Feature", "properties": { "cell_id": 955, "area_m2": 122500.0, "bund": 27.7, "dybde": 3.1, "stroem": 63.7, "natur": 66.2 }, "geometry": { "type": "Polygon", "coordinates": [ [ [ 10.032026, 57.016808 ], [ 10.037789, 57.016761 ], [ 10.037701, 57.013617 ], [ 10.031939, 57.013665 ], [ 10.032026, 57.016808 ] ] ] } },
{ "type": "Feature", "properties": { "cell_id": 956, "area_m2": 122500.0, "bund": 28.0, "dybde": 2.6, "stroem": 62.8, "natur": 69.3 }, "geometry": { "type": "Polygon", "coordinates": [ [ [ 10.032113, 57.019952 ], [ 10.037877, 57.019905 ], [ 10.037789, 57.016761 ], [ 10.032026, 57.016808 ], [ 10.032113, 57.019952 ] ] ] } },
{ "type": "Feature", "properties": { "cell_id": 957, "area_m2": 122500.0, "bund": 28.3, "dybde": 2.6, "stroem": 62.0, "natur": 72.1 }, "geometry": { "type": "Polygon", "coordinates": [ [ [ 10.0322, 57.023096 ], [ 10.037964, 57.023048 ], [ 10.037877, 57.019905 ], [ 10.032113, 57.019952 ], [ 10.0322, 57.023096 ] ] ] } },
{ "type": "Feature", "properties": { "cell_id": 958, "area_m2": 122500.0, "bund": 28.7, "dybde": 3.1, "stroem": 61.0, "natur": 74.6 }, "geometry": { "type": "Polygon", "coordinates": [ [ [ 10.032287, 57.02624 ], [ 10.038052, 57.026192 ], [ 10.037964, 57.023048 ], [ 10.0322, 57.023096 ], [ 10.032287, 57.02624 ] ] ] } },
{ "type": "Feature", "properties": { "cell_id": 959, "area_m2": 122500.0, "bund": 29.2, "dybde": 4.1, "stroem": 60.1, "natur": 77.0 }, "geometry": { "type": "Polygon", "coordinates": [ [ [ 10.032374, 57.029383 ], [ 10.038139, 57.029336 ], [ 10.038052, 57.026192 ], [ 10.032287, 57.02624 ], [ 10.032374, 57.029383 ] ] ] } },
{ "type": "Feature", "properties": { "cell_id": 960, "area_m2": 122500.0, "bund": 29.7, "dybde": 5.5, "stroem": 58.9, "natur": 79.1 }, "geometry": { "type": "Polygon", "coordinates": [ [ [ 10.032462, 57.032527 ], [ 10.038227, 57.032479 ], [ 10.038139, 57.029336 ], [ 10.032374, 57.029383 ], [ 10.032462, 57.032527 ] ] ] } },
{ "type": "Feature", "properties": { "cell_id": 961, "area_m2": 122500.0, "bund": 30.4, "dybde": 7.3, "stroem": 57.5, "natur": 81.2 }, "geometry": { "type": "Polygon", "coordinates": [ [ [ 10.032549, 57.035671 ], [ 10.038315, 57.035623 ], [ 10.038227, 57.032479 ], [ 10.032462, 57.032527 ], [ 10.032549, 57.035671 ] ] ] } },
{ "type": "Feature", "properties": { "cell_id": 962, "area_m2": 122500.0, "bund": 31.0, "dybde": 9.5, "stroem": 55.8, "natur": 83.3 }, "geometry": { "type": "Polygon", "coordinates": [ [ [ 10.032636, 57.038814 ], [ 10.038402, 57.038767 ], [ 10.038315, 57.035623 ], [ 10.032549, 57.035671 ], [ 10.032636, 57.038814 ] ] ] } },
{ "type": "Feature", "properties": { "cell_id": 963, "area_m2": 122500.0, "bund": 31.7, "dybde": 11.9, "stroem": 53.7, "natur": 85.3 }, "geometry": { "type": "Polygon", "coordinates": [ [ [ 10.032723, 57.041958 ], [ 10.03849, 57.04191 ], [ 10.038402, 57.038767 ], [ 10.032636, 57.038814 ], [ 10.032723, 57.041958 ] ] ] } },
{ "type": "Feature", "properties": { "cell_id": 964, "area_m2": 122500.0, "bund": 32.3, "dybde": 14.4, "stroem": 51.3, "natur": 87.2 }, "geometry": { "type": "Polygon", "coordinates": [ [ [ 10.03281, 57.045102 ], [ 10.038578, 57.045054 ], [ 10.03849, 57.04191 ], [ 10.032723, 57.041958 ], [ 10.03281, 57.045102 ] ] ] } },
{ "type": "Feature", "properties": { "cell_id": 965, "area_m2": 122500.0, "bund": 32.8, "dybde": 17.1, "stroem": 48.6, "natur": 89.0 }, "geometry": { "type": "Polygon", "coordinates": [ [ [ 10.032898, 57.048245 ], [ 10.038666, 57.048198 ], [ 10.038578, 57.045054 ], [ 10.03281, 57.045102 ], [ 10.032898, 57.048245 ] ] ] } },
{ "type": "Feature", "properties": { "cell_id": 966, "area_m2": 122500.0, "bund": 33.2, "dybde": 19.8, "stroem": 45.8, "natur": 90.5 }, "geometry": { "type": "Polygon", "coordinates": [ [ [ 10.032985, 57.051389 ], [ 10.038753, 57.051341 ], [ 10.038666, 57.048198 ], [ 10.032898, 57.048245 ], [ 10.032985, 57.051389 ] ] ] } },
{ "type": "Feature", "properties": { "cell_id": 967, "area_m2": 122500.0, "bund": 33.5, "dybde": 22.4, "stroem": 43.2, "natur": 91.7 }, "geometry": { "type": "Polygon", "coordinates": [ [ [ 10.033072, 57.054533 ], [ 10.038841, 57.054485 ], [ 10.038753, 57.051341 ], [ 10.032985, 57.051389 ], [ 10.033072, 57.054533 ] ] ] } },
{ "type": "Feature", "properties": { "cell_id": 968, "area_m2": 122500.0, "bund": 33.6, "dybde": 24.9, "stroem": 40.9, "natur": 92.3 }, "geometry": { "type": "Polygon", "coordinates": [ [ [ 10.033159, 57.057676 ], [ 10.038929, 57.057629 ], [ 10.038841, 57.054485 ], [ 10.033072, 57.054533 ], [ 10.033159, 57.057676 ] ] ] } },
{ "type": "Feature", "properties": { "cell_id": 969, "area_m2": 122500.0, "bund": 33.6, "dybde": 27.2, "stroem": 39.2, "natur": 92.5 }, "geometry": { "type": "Polygon", "coordinates": [ [ [ 10.033247, 57.06082 ], [ 10.039017, 57.060772 ], [ 10.038929, 57.057629 ], [ 10.033159, 57.057676 ], [ 10.033247, 57.06082 ] ] ] } },
{ "type": "Feature", "properties": { "cell_id": 970, "area_m2": 122500.0, "bund": 33.4, "dybde": 29.4, "stroem": 38.3, "natur": 92.1 }, "geometry": { "type": "Polygon", "coordinates": [ [ [ 10.033334, 57.063964 ], [ 10.039105, 57.063916 ], [ 10.039017, 57.060772 ], [ 10.033247, 57.06082 ], [ 10.033334, 57.063964 ] ] ] } },
{ "type": "Feature", "properties": { "cell_id": 971, "area_m2": 122500.0, "bund": 33.2, "dybde": 31.3, "stroem": 38.4, "natur": 91.1 }, "geometry": { "type": "Polygon", "coordinates": [ [ [ 10.033422, 57.067107 ], [ 10.039192, 57.06706 ], [ 10.039105, 57.063916 ], [ 10.033334, 57.063964 ], [ 10.033422, 57.067107 ] ] ] } },
{ "type": "Feature", "properties": { "cell_id": 972, "area_m2": 122500.0, "bund": 32.9, "dybde": 33.1, "stroem": 39.5, "natur": 89.5 }, "geometry": { "type": "Polygon", "coordinates": [ [ [ 10.033509, 57.070251 ], [ 10.03928, 57.070203 ], [ 10.039192, 57.06706 ], [ 10.033422, 57.067107 ], [ 10.033509, 57.070251 ] ] ] } },
{ "type": "Feature", "properties": { "cell_id": 973, "area_m2": 110566.6, "bund": 32.5, "dybde": 34.5, "stroem": 41.4, "natur": 87.4 }, "geometry": { "type": "Polygon", "coordinates": [ [ [ 10.033509, 57.070251 ], [ 10.033596, 57.073395 ], [ 10.035134, 57.073382 ], [ 10.038489, 57.072697 ], [ 10.038578, 57.072676 ], [ 10.039344, 57.072471 ], [ 10.03928, 57.070203 ], [ 10.033509, 57.070251 ] ] ] } },
{ "type": "Feature", "properties": { "cell_id": 974, "area_m2": 108642.7, "bund": 27.6, "dybde": 5.1, "stroem": 65.8, "natur": 70.2 }, "geometry": { "type": "Polygon", "coordinates": [ [ [ 10.037789, 57.016761 ], [ 10.043552, 57.016713 ], [ 10.043495, 57.014673 ], [ 10.042207, 57.014267 ], [ 10.042121, 57.014242 ], [ 10.039537, 57.013602 ], [ 10.037701, 57.013617 ], [ 10.037789, 57.016761 ] ] ] } },
{ "type": "Feature", "properties": { "cell_id": 975, "area_m2": 122500.0, "bund": 27.8, "dybde": 4.7, "stroem": 65.2, "natur": 73.5 }, "geometry": { "type": "Polygon", "coordinates": [ [ [ 10.037877, 57.019905 ], [ 10.04364, 57.019857 ], [ 10.043552, 57.016713 ], [ 10.037789, 57.016761 ], [ 10.037877, 57.019905 ] ] ] } },
{ "type": "Feature", "properties": { "cell_id": 976, "area_m2": 122500.0, "bund": 28.1, "dybde": 4.7, "stroem": 64.6, "natur": 76.5 }, "geometry": { "type": "Polygon", "coordinates": [ [ [ 10.037964, 57.023048 ], [ 10.043728, 57.023 ], [ 10.04364, 57.019857 ], [ 10.037877, 57.019905 ], [ 10.037964, 57.023048 ] ] ] } },
{ "type": "Feature", "properties": { "cell_id": 977, "area_m2": 122500.0, "bund": 28.4, "dybde": 5.2, "stroem": 63.9, "natur": 79.1 }, "geometry": { "type": "Polygon", "coordinates": [ [ [ 10.038052, 57.026192 ], [ 10.043816, 57.026144 ], [ 10.043728, 57.023 ], [ 10.037964, 57.023048 ], [ 10.038052, 57.026192 ] ] ] } },
{ "type": "Feature", "properties": { "cell_id": 978, "area_m2": 122500.0, "bund": 28.8, "dybde": 6.1, "stroem": 63.0, "natur": 81.4 }, "geometry": { "type": "Polygon", "coordinates": [ [ [ 10.038139, 57.029336 ], [ 10.043905, 57.029288 ], [ 10.043816, 57.026144 ], [ 10.038052, 57.026192 ], [ 10.038139, 57.029336 ] ] ] } },
{ "type": "Feature", "properties": { "cell_id": 979, "area_m2": 122500.0, "bund": 29.3, "dybde": 7.4, "stroem": 62.1, "natur": 83.5 }, "geometry": { "type": "Polygon", "coordinates": [ [ [ 10.038227, 57.032479 ], [ 10.043993, 57.032431 ], [ 10.043905, 57.029288 ], [ 10.038139, 57.029336 ], [ 10.038227, 57.032479 ] ] ] } },
{ "type": "Feature", "properties": { "cell_id": 980, "area_m2": 122500.0, "bund": 29.8, "dybde": 9.1, "stroem": 60.8, "natur": 85.4 }, "geometry": { "type": "Polygon", "coordinates": [ [ [ 10.038315, 57.035623 ], [ 10.044081, 57.035575 ], [ 10.043993, 57.032431 ], [ 10.038227, 57.032479 ], [ 10.038315, 57.035623 ] ] ] } },
{ "type": "Feature", "properties": { "cell_id": 981, "area_m2": 122500.0, "bund": 30.3, "dybde": 11.2, "stroem": 59.3, "natur": 87.3 }, "geometry": { "type": "Polygon", "coordinates": [ [ [ 10.038402, 57.038767 ], [ 10.044169, 57.038719 ], [ 10.044081, 57.035575 ], [ 10.038315, 57.035623 ], [ 10.038402, 57.038767 ] ] ] } },
{ "type": "Feature", "properties": { "cell_id": 982, "area_m2": 122500.0, "bund": 30.8, "dybde": 13.4, "stroem": 57.5, "natur": 89.1 }, "geometry": { "type": "Polygon", "coordinates": [ [ [ 10.03849, 57.04191 ], [ 10.044257, 57.041862 ], [ 10.044169, 57.038719 ], [ 10.038402, 57.038767 ], [ 10.03849, 57.04191 ] ] ] } },
{ "type": "Feature", "properties": { "cell_id": 983, "area_m2": 122500.0, "bund": 31.3, "dybde": 15.9, "stroem": 55.4, "natur": 90.9 }, "geometry": { "type": "Polygon", "coordinates": [ [ [ 10.038578, 57.045054 ], [ 10.044345, 57.045006 ], [ 10.044257, 57.041862 ], [ 10.03849, 57.04191 ], [ 10.038578, 57.045054 ] ] ] } },
{ "type": "Feature", "properties": { "cell_id": 984, "area_m2": 122500.0, "bund": 31.8, "dybde": 18.4, "stroem": 53.1, "natur": 92.6 }, "geometry": { "type": "Polygon", "coordinates": [ [ [ 10.038666, 57.048198 ], [ 10.044434, 57.04815 ], [ 10.044345, 57.045006 ], [ 10.038578, 57.045054 ], [ 10.038666, 57.048198 ] ] ] } },
{ "type": "Feature", "properties": { "cell_id": 985, "area_m2": 122500.0, "bund": 32.1, "dybde": 20.9, "stroem": 50.7, "natur": 94.0 }, "geometry": { "type": "Polygon", "coordinates": [ [ [ 10.038753, 57.051341 ], [ 10.044522, 57.051293 ], [ 10.044434, 57.04815 ], [ 10.038666, 57.048198 ], [ 10.038753, 57.051341 ] ] ] } },
{ "type": "Feature", "properties": { "cell_id": 986, "area_m2": 122500.0, "bund": 32.3, "dybde": 23.4, "stroem": 48.4, "natur": 95.1 }, "geometry": { "type": "Polygon", "coordinates": [ [ [ 10.038841, 57.054485 ], [ 10.04461, 57.054437 ], [ 10.044522, 57.051293 ], [ 10.038753, 57.051341 ], [ 10.038841, 57.054485 ] ] ] } },
{ "type": "Feature", "properties": { "cell_id": 987, "area_m2": 122500.0, "bund": 32.5, "dybde": 25.8, "stroem": 46.4, "natur": 95.7 }, "geometry": { "type": "Polygon", "coordinates": [ [ [ 10.038929, 57.057629 ], [ 10.044698, 57.057581 ], [ 10.04461, 57.054437 ], [ 10.038841, 57.054485 ], [ 10.038929, 57.057629 ] ] ] } },
{ "type": "Feature", "properties": { "cell_id": 988, "area_m2": 122500.0, "bund": 32.5, "dybde": 28.0, "stroem": 45.0, "natur": 95.8 }, "geometry": { "type": "Polygon", "coordinates": [ [ [ 10.039017, 57.060772 ], [ 10.044787, 57.060724 ], [ 10.044698, 57.057581 ], [ 10.038929, 57.057629 ], [ 10.039017, 57.060772 ] ] ] } },
{ "type": "Feature", "properties": { "cell_id": 989, "area_m2": 122500.0, "bund": 32.4, "dybde": 30.1, "stroem": 44.2, "natur": 95.2 }, "geometry": { "type": "Polygon", "coordinates": [ [ [ 10.039105, 57.063916 ], [ 10.044875, 57.063868 ], [ 10.044787, 57.060724 ], [ 10.039017, 57.060772 ], [ 10.039105, 57.063916 ] ] ] } },
{ "type": "Feature", "properties": { "cell_id": 990, "area_m2": 122500.0, "bund": 32.2, "dybde": 32.0, "stroem": 44.2, "natur": 94.1 }, "geometry": { "type": "Polygon", "coordinates": [ [ [ 10.039192, 57.06706 ], [ 10.044963, 57.067012 ], [ 10.044875, 57.063868 ], [ 10.039105, 57.063916 ], [ 10.039192, 57.06706 ] ] ] } },
{ "type": "Feature", "properties": { "cell_id": 991, "area_m2": 122500.0, "bund": 31.9, "dybde": 33.6, "stroem": 45.1, "natur": 92.3 }, "geometry": { "type": "Polygon", "coordinates": [ [ [ 10.03928, 57.070203 ], [ 10.045052, 57.070155 ], [ 10.044963, 57.067012 ], [ 10.039192, 57.06706 ], [ 10.03928, 57.070203 ] ] ] } },
{ "type": "Feature", "properties": { "cell_id": 992, "area_m2": 58981.5, "bund": 31.7, "dybde": 34.7, "stroem": 45.8, "natur": 90.4 }, "geometry": { "type": "Polygon", "coordinates": [ [ [ 10.03928, 57.070203 ], [ 10.039344, 57.072471 ], [ 10.04372, 57.071299 ], [ 10.043804, 57.071273 ], [ 10.045071, 57.070845 ], [ 10.045052, 57.070155 ], [ 10.03928, 57.070203 ] ] ] } },
{ "type": "Feature", "properties": { "cell_id": 993, "area_m2": 41617.3, "bund": 27.5, "dybde": 7.1, "stroem": 67.2, "natur": 74.2 }, "geometry": { "type": "Polygon", "coordinates": [ [ [ 10.049298, 57.016665 ], [ 10.047239, 57.015858 ], [ 10.047158, 57.01583 ], [ 10.043495, 57.014673 ], [ 10.043552, 57.016713 ], [ 10.049298, 57.016665 ] ] ] } },
{ "type": "Feature", "properties": { "cell_id": 994, "area_m2": 122499.6, "bund": 27.7, "dybde": 7.3, "stroem": 67.0, "natur": 77.2 }, "geometry": { "type": "Polygon", "coordinates": [ [ [ 10.04364, 57.019857 ], [ 10.049404, 57.019808 ], [ 10.049316, 57.016672 ], [ 10.049298, 57.016665 ], [ 10.043552, 57.016713 ], [ 10.04364, 57.019857 ] ] ] } },
{ "type": "Feature", "properties": { "cell_id": 995, "area_m2": 122500.0, "bund": 27.9, "dybde": 7.2, "stroem": 66.5, "natur": 80.4 }, "geometry": { "type": "Polygon", "coordinates": [ [ [ 10.043728, 57.023 ], [ 10.049492, 57.022952 ], [ 10.049404, 57.019808 ], [ 10.04364, 57.019857 ], [ 10.043728, 57.023 ] ] ] } },
{ "type": "Feature", "properties": { "cell_id": 996, "area_m2": 122500.0, "bund": 28.2, "dybde": 7.7, "stroem": 66.0, "natur": 83.0 }, "geometry": { "type": "Polygon", "coordinates": [ [ [ 10.043816, 57.026144 ], [ 10.049581, 57.026096 ], [ 10.049492, 57.022952 ], [ 10.043728, 57.023 ], [ 10.043816, 57.026144 ] ] ] } },
{ "type": "Feature", "properties": { "cell_id": 997, "area_m2": 122500.0, "bund": 28.5, "dybde": 8.5, "stroem": 65.3, "natur": 85.2 }, "geometry": { "type": "Polygon", "coordinates": [ [ [ 10.043905, 57.029288 ], [ 10.04967, 57.029239 ], [ 10.049581, 57.026096 ], [ 10.043816, 57.026144 ], [ 10.043905, 57.029288 ] ] ] } },
{ "type": "Feature", "properties": { "cell_id": 998, "area_m2": 122500.0, "bund": 28.8, "dybde": 9.7, "stroem": 64.5, "natur": 87.1 }, "geometry": { "type": "Polygon", "coordinates": [ [ [ 10.043993, 57.032431 ], [ 10.049758, 57.032383 ], [ 10.04967, 57.029239 ], [ 10.043905, 57.029288 ], [ 10.043993, 57.032431 ] ] ] } },
{ "type": "Feature", "properties": { "cell_id": 999, "area_m2": 122500.0, "bund": 29.2, "dybde": 11.3, "stroem": 63.5, "natur": 88.8 }, "geometry": { "type": "Polygon", "coordinates": [ [ [ 10.044081, 57.035575 ], [ 10.049847, 57.035527 ], [ 10.049758, 57.032383 ], [ 10.043993, 57.032431 ], [ 10.044081, 57.035575 ] ] ] } },
{ "type": "Feature", "properties": { "cell_id": 1000, "area_m2": 122500.0, "bund": 29.6, "dybde": 13.2, "stroem": 62.2, "natur": 90.5 }, "geometry": { "type": "Polygon", "coordinates": [ [ [ 10.044169, 57.038719 ], [ 10.049936, 57.038671 ], [ 10.049847, 57.035527 ], [ 10.044081, 57.035575 ], [ 10.044169, 57.038719 ] ] ] } },
{ "type": "Feature", "properties": { "cell_id": 1001, "area_m2": 122500.0, "bund": 30.1, "dybde": 15.3, "stroem": 60.7, "natur": 92.1 }, "geometry": { "type": "Polygon", "coordinates": [ [ [ 10.044257, 57.041862 ], [ 10.050024, 57.041814 ], [ 10.049936, 57.038671 ], [ 10.044169, 57.038719 ], [ 10.044257, 57.041862 ] ] ] } },
{ "type": "Feature", "properties": { "cell_id": 1002, "area_m2": 122500.0, "bund": 30.5, "dybde": 17.6, "stroem": 59.0, "natur": 93.7 }, "geometry": { "type": "Polygon", "coordinates": [ [ [ 10.044345, 57.045006 ], [ 10.050113, 57.044958 ], [ 10.050024, 57.041814 ], [ 10.044257, 57.041862 ], [ 10.044345, 57.045006 ] ] ] } },
{ "type": "Feature", "properties": { "cell_id": 1003, "area_m2": 122500.0, "bund": 30.8, "dybde": 20.0, "stroem": 57.0, "natur": 95.3 }, "geometry": { "type": "Polygon", "coordinates": [ [ [ 10.044434, 57.04815 ], [ 10.050202, 57.048102 ], [ 10.050113, 57.044958 ], [ 10.044345, 57.045006 ], [ 10.044434, 57.04815 ] ] ] } },
{ "type": "Feature", "properties": { "cell_id": 1004, "area_m2": 122500.0, "bund": 31.1, "dybde": 22.3, "stroem": 55.1, "natur": 96.6 }, "geometry": { "type": "Polygon", "coordinates": [ [ [ 10.044522, 57.051293 ], [ 10.05029, 57.051245 ], [ 10.050202, 57.048102 ], [ 10.044434, 57.04815 ], [ 10.044522, 57.051293 ] ] ] } },
{ "type": "Feature", "properties": { "cell_id": 1005, "area_m2": 122500.0, "bund": 31.3, "dybde": 24.7, "stroem": 53.2, "natur": 97.6 }, "geometry": { "type": "Polygon", "coordinates": [ [ [ 10.04461, 57.054437 ], [ 10.050379, 57.054389 ], [ 10.05029, 57.051245 ], [ 10.044522, 57.051293 ], [ 10.04461, 57.054437 ] ] ] } },
{ "type": "Feature", "properties": { "cell_id": 1006, "area_m2": 122500.0, "bund": 31.4, "dybde": 26.9, "stroem": 51.5, "natur": 98.1 }, "geometry": { "type": "Polygon", "coordinates": [ [ [ 10.044698, 57.057581 ], [ 10.050468, 57.057533 ], [ 10.050379, 57.054389 ], [ 10.04461, 57.054437 ], [ 10.044698, 57.057581 ] ] ] } },
{ "type": "Feature", "properties": { "cell_id": 1007, "area_m2": 122500.0, "bund": 31.4, "dybde": 29.0, "stroem": 50.3, "natur": 98.1 }, "geometry": { "type": "Polygon", "coordinates": [ [ [ 10.044787, 57.060724 ], [ 10.050557, 57.060676 ], [ 10.050468, 57.057533 ], [ 10.044698, 57.057581 ], [ 10.044787, 57.060724 ] ] ] } },
{ "type": "Feature", "properties": { "cell_id": 1008, "area_m2": 122500.0, "bund": 31.4, "dybde": 30.9, "stroem": 49.7, "natur": 97.5 }, "geometry": { "type": "Polygon", "coordinates": [ [ [ 10.044875, 57.063868 ], [ 10.050646, 57.06382 ], [ 10.050557, 57.060676 ], [ 10.044787, 57.060724 ], [ 10.044875, 57.063868 ] ] ] } },
{ "type": "Feature", "properties": { "cell_id": 1009, "area_m2": 122500.0, "bund": 31.2, "dybde": 32.7, "stroem": 49.6, "natur": 96.2 }, "geometry": { "type": "Polygon", "coordinates": [ [ [ 10.044963, 57.067012 ], [ 10.050734, 57.066964 ], [ 10.050646, 57.06382 ], [ 10.044875, 57.063868 ], [ 10.044963, 57.067012 ] ] ] } },
{ "type": "Feature", "properties": { "cell_id": 1010, "area_m2": 106596.9, "bund": 31.1, "dybde": 34.1, "stroem": 50.0, "natur": 94.4 }, "geometry": { "type": "Polygon", "coordinates": [ [ [ 10.044963, 57.067012 ], [ 10.045052, 57.070155 ], [ 10.047164, 57.070138 ], [ 10.048673, 57.069628 ], [ 10.048753, 57.069598 ], [ 10.050785, 57.06875 ], [ 10.050734, 57.066964 ], [ 10.044963, 57.067012 ] ] ] } },
{ "type": "Feature", "properties": { "cell_id": 1011, "area_m2": 73725.3, "bund": 27.5, "dybde": 9.7, "stroem": 68.2, "natur": 80.4 }, "geometry": { "type": "Polygon", "coordinates": [ [ [ 10.055167, 57.01976 ], [ 10.055153, 57.019241 ], [ 10.051962, 57.017712 ], [ 10.051886, 57.017679 ], [ 10.049316, 57.016672 ], [ 10.049404, 57.019808 ], [ 10.055167, 57.01976 ] ] ] } },
{ "type": "Feature", "properties": { "cell_id": 1012, "area_m2": 122500.0, "bund": 27.7, "dybde": 10.1, "stroem": 68.0, "natur": 83.3 }, "geometry": { "type": "Polygon", "coordinates": [ [ [ 10.049492, 57.022952 ], [ 10.055257, 57.022904 ], [ 10.055167, 57.01976 ], [ 10.049404, 57.019808 ], [ 10.049492, 57.022952 ] ] ] } },
{ "type": "Feature", "properties": { "cell_id": 1013, "area_m2": 122500.0, "bund": 27.9, "dybde": 10.5, "stroem": 67.6, "natur": 85.9 }, "geometry": { "type": "Polygon", "coordinates": [ [ [ 10.049581, 57.026096 ], [ 10.055346, 57.026047 ], [ 10.055257, 57.022904 ], [ 10.049492, 57.022952 ], [ 10.049581, 57.026096 ] ] ] } },
{ "type": "Feature", "properties": { "cell_id": 1014, "area_m2": 122500.0, "bund": 28.2, "dybde": 11.2, "stroem": 67.0, "natur": 88.0 }, "geometry": { "type": "Polygon", "coordinates": [ [ [ 10.04967, 57.029239 ], [ 10.055435, 57.029191 ], [ 10.055346, 57.026047 ], [ 10.049581, 57.026096 ], [ 10.04967, 57.029239 ] ] ] } },
{ "type": "Feature", "properties": { "cell_id": 1015, "area_m2": 122500.0, "bund": 28.4, "dybde": 12.4, "stroem": 66.4, "natur": 89.7 }, "geometry": { "type": "Polygon", "coordinates": [ [ [ 10.049758, 57.032383 ], [ 10.055524, 57.032335 ], [ 10.055435, 57.029191 ], [ 10.04967, 57.029239 ], [ 10.049758, 57.032383 ] ] ] } },
{ "type": "Feature", "properties": { "cell_id": 1016, "area_m2": 122500.0, "bund": 28.7, "dybde": 13.8, "stroem": 65.6, "natur": 91.2 }, "geometry": { "type": "Polygon", "coordinates": [ [ [ 10.049847, 57.035527 ], [ 10.055613, 57.035478 ], [ 10.055524, 57.032335 ], [ 10.049758, 57.032383 ], [ 10.049847, 57.035527 ] ] ] } },
{ "type": "Feature", "properties": { "cell_id": 1017, "area_m2": 122500.0, "bund": 29.1, "dybde": 15.6, "stroem": 64.6, "natur": 92.7 }, "geometry": { "type": "Polygon", "coordinates": [ [ [ 10.049936, 57.038671 ], [ 10.055702, 57.038622 ], [ 10.055613, 57.035478 ], [ 10.049847, 57.035527 ], [ 10.049936, 57.038671 ] ] ] } },
{ "type": "Feature", "properties": { "cell_id": 1018, "area_m2": 122500.0, "bund": 29.4, "dybde": 17.5, "stroem": 63.3, "natur": 94.1 }, "geometry": { "type": "Polygon", "coordinates": [ [ [ 10.050024, 57.041814 ], [ 10.055791, 57.041766 ], [ 10.055702, 57.038622 ], [ 10.049936, 57.038671 ], [ 10.050024, 57.041814 ] ] ] } },
{ "type": "Feature", "properties": { "cell_id": 1019, "area_m2": 122500.0, "bund": 29.7, "dybde": 19.6, "stroem": 61.9, "natur": 95.6 }, "geometry": { "type": "Polygon", "coordinates": [ [ [ 10.050113, 57.044958 ], [ 10.05588, 57.044909 ], [ 10.055791, 57.041766 ], [ 10.050024, 57.041814 ], [ 10.050113, 57.044958 ] ] ] } },
{ "type": "Feature", "properties": { "cell_id": 1020, "area_m2": 122500.0, "bund": 30.0, "dybde": 21.7, "stroem": 60.4, "natur": 97.0 }, "geometry": { "type": "Polygon", "coordinates": [ [ [ 10.050202, 57.048102 ], [ 10.05597, 57.048053 ], [ 10.05588, 57.044909 ], [ 10.050113, 57.044958 ], [ 10.050202, 57.048102 ] ] ] } },
{ "type": "Feature", "properties": { "cell_id": 1021, "area_m2": 122500.0, "bund": 30.2, "dybde": 23.9, "stroem": 58.8, "natur": 98.2 }, "geometry": { "type": "Polygon", "coordinates": [ [ [ 10.05029, 57.051245 ], [ 10.056059, 57.051197 ], [ 10.05597, 57.048053 ], [ 10.050202, 57.048102 ], [ 10.05029, 57.051245 ] ] ] } },
{ "type": "Feature", "properties": { "cell_id": 1022, "area_m2": 122500.0, "bund": 30.4, "dybde": 26.1, "stroem": 57.3, "natur": 99.1 }, "geometry": { "type": "Polygon", "coordinates": [ [ [ 10.050379, 57.054389 ], [ 10.056148, 57.05434 ], [ 10.056059, 57.051197 ], [ 10.05029, 57.051245 ], [ 10.050379, 57.054389 ] ] ] } },
{ "type": "Feature", "properties": { "cell_id": 1023, "area_m2": 122500.0, "bund": 30.5, "dybde": 28.1, "stroem": 56.0, "natur": 99.6 }, "geometry": { "type": "Polygon", "coordinates": [ [ [ 10.050468, 57.057533 ], [ 10.056237, 57.057484 ], [ 10.056148, 57.05434 ], [ 10.050379, 57.054389 ], [ 10.050468, 57.057533 ] ] ] } },
{ "type": "Feature", "properties": { "cell_id": 1024, "area_m2": 122500.0, "bund": 30.5, "dybde": 30.1, "stroem": 55.1, "natur": 99.5 }, "geometry": { "type": "Polygon", "coordinates": [ [ [ 10.050557, 57.060676 ], [ 10.056327, 57.060628 ], [ 10.056237, 57.057484 ], [ 10.050468, 57.057533 ], [ 10.050557, 57.060676 ] ] ] } },
{ "type": "Feature", "properties": { "cell_id": 1025, "area_m2": 122500.0, "bund": 30.5, "dybde": 31.8, "stroem": 54.5, "natur": 98.8 }, "geometry": { "type": "Polygon", "coordinates": [ [ [ 10.050646, 57.06382 ], [ 10.056416, 57.063771 ], [ 10.056327, 57.060628 ], [ 10.050557, 57.060676 ], [ 10.050646, 57.06382 ] ] ] } },
{ "type": "Feature", "properties": { "cell_id": 1026, "area_m2": 117782.3, "bund": 30.4, "dybde": 33.4, "stroem": 54.4, "natur": 97.4 }, "geometry": { "type": "Polygon", "coordinates": [ [ [ 10.050646, 57.06382 ], [ 10.050734, 57.066964 ], [ 10.054823, 57.066929 ], [ 10.056482, 57.066084 ], [ 10.056416, 57.063771 ], [ 10.050646, 57.06382 ] ] ] } },
{ "type": "Feature", "properties": { "cell_id": 1027, "area_m2": 25841.8, "bund": 30.5, "dybde": 34.3, "stroem": 53.6, "natur": 95.9 }, "geometry": { "type": "Polygon", "coordinates": [ [ [ 10.050785, 57.06875 ], [ 10.053301, 57.067701 ], [ 10.053375, 57.067666 ], [ 10.054823, 57.066929 ], [ 10.050734, 57.066964 ], [ 10.050785, 57.06875 ] ] ] } },
{ "type": "Feature", "properties": { "cell_id": 1028, "area_m2": 77331.8, "bund": 27.6, "dybde": 12.7, "stroem": 68.8, "natur": 85.3 }, "geometry": { "type": "Polygon", "coordinates": [ [ [ 10.055257, 57.022904 ], [ 10.061021, 57.022855 ], [ 10.061014, 57.022637 ], [ 10.0603, 57.022128 ], [ 10.060237, 57.022088 ], [ 10.05633, 57.019808 ], [ 10.05626, 57.019771 ], [ 10.056218, 57.019751 ], [ 10.055167, 57.01976 ], [ 10.055257, 57.022904 ] ] ] } },
{ "type": "Feature", "properties": { "cell_id": 1029, "area_m2": 122500.0, "bund": 27.7, "dybde": 13.5, "stroem": 68.7, "natur": 87.7 }, "geometry": { "type": "Polygon", "coordinates": [ [ [ 10.055346, 57.026047 ], [ 10.06111, 57.025999 ], [ 10.061021, 57.022855 ], [ 10.055257, 57.022904 ], [ 10.055346, 57.026047 ] ] ] } },
{ "type": "Feature", "properties": { "cell_id": 1030, "area_m2": 122500.0, "bund": 27.9, "dybde": 14.1, "stroem": 68.3, "natur": 89.7 }, "geometry": { "type": "Polygon", "coordinates": [ [ [ 10.055435, 57.029191 ], [ 10.0612, 57.029142 ], [ 10.06111, 57.025999 ], [ 10.055346, 57.026047 ], [ 10.055435, 57.029191 ] ] ] } },
{ "type": "Feature", "properties": { "cell_id": 1031, "area_m2": 122500.0, "bund": 28.1, "dybde": 15.2, "stroem": 67.8, "natur": 91.2 }, "geometry": { "type": "Polygon", "coordinates": [ [ [ 10.055524, 57.032335 ], [ 10.061289, 57.032286 ], [ 10.0612, 57.029142 ], [ 10.055435, 57.029191 ], [ 10.055524, 57.032335 ] ] ] } },
{ "type": "Feature", "properties": { "cell_id": 1032, "area_m2": 122500.0, "bund": 28.3, "dybde": 16.5, "stroem": 67.1, "natur": 92.5 }, "geometry": { "type": "Polygon", "coordinates": [ [ [ 10.055613, 57.035478 ], [ 10.061379, 57.03543 ], [ 10.061289, 57.032286 ], [ 10.055524, 57.032335 ], [ 10.055613, 57.035478 ] ] ] } },
{ "type": "Feature", "properties": { "cell_id": 1033, "area_m2": 122500.0, "bund": 28.6, "dybde": 18.0, "stroem": 66.4, "natur": 93.8 }, "geometry": { "type": "Polygon", "coordinates": [ [ [ 10.055702, 57.038622 ], [ 10.061469, 57.038573 ], [ 10.061379, 57.03543 ], [ 10.055613, 57.035478 ], [ 10.055702, 57.038622 ] ] ] } },
{ "type": "Feature", "properties": { "cell_id": 1034, "area_m2": 122500.0, "bund": 28.8, "dybde": 19.8, "stroem": 65.4, "natur": 95.0 }, "geometry": { "type": "Polygon", "coordinates": [ [ [ 10.055791, 57.041766 ], [ 10.061558, 57.041717 ], [ 10.061469, 57.038573 ], [ 10.055702, 57.038622 ], [ 10.055791, 57.041766 ] ] ] } },
{ "type": "Feature", "properties": { "cell_id": 1035, "area_m2": 122500.0, "bund": 29.1, "dybde": 21.7, "stroem": 64.3, "natur": 96.3 }, "geometry": { "type": "Polygon", "coordinates": [ [ [ 10.05588, 57.044909 ], [ 10.061648, 57.044861 ], [ 10.061558, 57.041717 ], [ 10.055791, 57.041766 ], [ 10.05588, 57.044909 ] ] ] } },
{ "type": "Feature", "properties": { "cell_id": 1036, "area_m2": 122500.0, "bund": 29.3, "dybde": 23.6, "stroem": 63.2, "natur": 97.6 }, "geometry": { "type": "Polygon", "coordinates": [ [ [ 10.05597, 57.048053 ], [ 10.061738, 57.048004 ], [ 10.061648, 57.044861 ], [ 10.05588, 57.044909 ], [ 10.05597, 57.048053 ] ] ] } },
{ "type": "Feature", "properties": { "cell_id": 1037, "area_m2": 122500.0, "bund": 29.5, "dybde": 25.6, "stroem": 62.0, "natur": 98.7 }, "geometry": { "type": "Polygon", "coordinates": [ [ [ 10.056059, 57.051197 ], [ 10.061827, 57.051148 ], [ 10.061738, 57.048004 ], [ 10.05597, 57.048053 ], [ 10.056059, 57.051197 ] ] ] } },
{ "type": "Feature", "properties": { "cell_id": 1038, "area_m2": 122500.0, "bund": 29.6, "dybde": 27.6, "stroem": 60.8, "natur": 99.6 }, "geometry": { "type": "Polygon", "coordinates": [ [ [ 10.056148, 57.05434 ], [ 10.061917, 57.054292 ], [ 10.061827, 57.051148 ], [ 10.056059, 57.051197 ], [ 10.056148, 57.05434 ] ] ] } },
{ "type": "Feature", "properties": { "cell_id": 1039, "area_m2": 122500.0, "bund": 29.7, "dybde": 29.4, "stroem": 59.8, "natur": 100.0 }, "geometry": { "type": "Polygon", "coordinates": [ [ [ 10.056237, 57.057484 ], [ 10.062007, 57.057435 ], [ 10.061917, 57.054292 ], [ 10.056148, 57.05434 ], [ 10.056237, 57.057484 ] ] ] } },
{ "type": "Feature", "properties": { "cell_id": 1040, "area_m2": 122500.0, "bund": 29.7, "dybde": 31.2, "stroem": 59.1, "natur": 99.9 }, "geometry": { "type": "Polygon", "coordinates": [ [ [ 10.056327, 57.060628 ], [ 10.062097, 57.060579 ], [ 10.062007, 57.057435 ], [ 10.056237, 57.057484 ], [ 10.056327, 57.060628 ] ] ] } },
{ "type": "Feature", "properties": { "cell_id": 1041, "area_m2": 116251.1, "bund": 29.7, "dybde": 32.7, "stroem": 58.6, "natur": 99.1 }, "geometry": { "type": "Polygon", "coordinates": [ [ [ 10.056327, 57.060628 ], [ 10.056416, 57.063771 ], [ 10.060466, 57.063737 ], [ 10.061408, 57.063153 ], [ 10.061468, 57.063111 ], [ 10.062154, 57.062591 ], [ 10.062097, 57.060579 ], [ 10.056327, 57.060628 ] ] ] } },
{ "type": "Feature", "properties": { "cell_id": 1042, "area_m2": 32823.4, "bund": 29.9, "dybde": 33.7, "stroem": 57.6, "natur": 98.1 }, "geometry": { "type": "Polygon", "coordinates": [ [ [ 10.056482, 57.066084 ], [ 10.05756, 57.065535 ], [ 10.057627, 57.065497 ], [ 10.060466, 57.063737 ], [ 10.056416, 57.063771 ], [ 10.056482, 57.066084 ] ] ] } },
{ "type": "Feature", "properties": { "cell_id": 1043, "area_m2": 50128.8, "bund": 27.6, "dybde": 15.8, "stroem": 69.2, "natur": 88.5 }, "geometry": { "type": "Polygon", "coordinates": [ [ [ 10.06111, 57.025999 ], [ 10.06533, 57.025963 ], [ 10.063835, 57.024649 ], [ 10.06378, 57.024605 ], [ 10.061317, 57.022852 ], [ 10.061021, 57.022855 ], [ 10.06111, 57.025999 ] ] ] } },
{ "type": "Feature", "properties": { "cell_id": 1044, "area_m2": 115163.8, "bund": 27.7, "dybde": 17.1, "stroem": 69.1, "natur": 90.1 }, "geometry": { "type": "Polygon", "coordinates": [ [ [ 10.0612, 57.029142 ], [ 10.066965, 57.029093 ], [ 10.066915, 57.027364 ], [ 10.0669, 57.027346 ], [ 10.066853, 57.0273 ], [ 10.06533, 57.025963 ], [ 10.06111, 57.025999 ], [ 10.0612, 57.029142 ] ] ] } },
{ "type": "Feature", "properties": { "cell_id": 1045, "area_m2": 122500.0, "bund": 27.8, "dybde": 18.0, "stroem": 68.8, "natur": 91.4 }, "geometry": { "type": "Polygon", "coordinates": [ [ [ 10.061289, 57.032286 ], [ 10.067055, 57.032237 ], [ 10.066965, 57.029093 ], [ 10.0612, 57.029142 ], [ 10.061289, 57.032286 ] ] ] } },
{ "type": "Feature", "properties": { "cell_id": 1046, "area_m2": 122500.0, "bund": 28.0, "dybde": 19.2, "stroem": 68.3, "natur": 92.6 }, "geometry": { "type": "Polygon", "coordinates": [ [ [ 10.061379, 57.03543 ], [ 10.067145, 57.035381 ], [ 10.067055, 57.032237 ], [ 10.061289, 57.032286 ], [ 10.061379, 57.03543 ] ] ] } },
{ "type": "Feature", "properties": { "cell_id": 1047, "area_m2": 122500.0, "bund": 28.2, "dybde": 20.6, "stroem": 67.7, "natur": 93.7 }, "geometry": { "type": "Polygon", "coordinates": [ [ [ 10.061469, 57.038573 ], [ 10.067235, 57.038524 ], [ 10.067145, 57.035381 ], [ 10.061379, 57.03543 ], [ 10.061469, 57.038573 ] ] ] } },
{ "type": "Feature", "properties": { "cell_id": 1048, "area_m2": 122500.0, "bund": 28.4, "dybde": 22.2, "stroem": 67.0, "natur": 94.8 }, "geometry": { "type": "Polygon", "coordinates": [ [ [ 10.061558, 57.041717 ], [ 10.067325, 57.041668 ], [ 10.067235, 57.038524 ], [ 10.061469, 57.038573 ], [ 10.061558, 57.041717 ] ] ] } },
{ "type": "Feature", "properties": { "cell_id": 1049, "area_m2": 122500.0, "bund": 28.6, "dybde": 23.8, "stroem": 66.2, "natur": 96.0 }, "geometry": { "type": "Polygon", "coordinates": [ [ [ 10.061648, 57.044861 ], [ 10.067415, 57.044812 ], [ 10.067325, 57.041668 ], [ 10.061558, 57.041717 ], [ 10.061648, 57.044861 ] ] ] } },
{ "type": "Feature", "properties": { "cell_id": 1050, "area_m2": 122500.0, "bund": 28.7, "dybde": 25.6, "stroem": 65.4, "natur": 97.2 }, "geometry": { "type": "Polygon", "coordinates": [ [ [ 10.061738, 57.048004 ], [ 10.067506, 57.047955 ], [ 10.067415, 57.044812 ], [ 10.061648, 57.044861 ], [ 10.061738, 57.048004 ] ] ] } },
{ "type": "Feature", "properties": { "cell_id": 1051, "area_m2": 122500.0, "bund": 28.9, "dybde": 27.4, "stroem": 64.5, "natur": 98.3 }, "geometry": { "type": "Polygon", "coordinates": [ [ [ 10.061827, 57.051148 ], [ 10.067596, 57.051099 ], [ 10.067506, 57.047955 ], [ 10.061738, 57.048004 ], [ 10.061827, 57.051148 ] ] ] } },
{ "type": "Feature", "properties": { "cell_id": 1052, "area_m2": 122500.0, "bund": 29.0, "dybde": 29.1, "stroem": 63.6, "natur": 99.1 }, "geometry": { "type": "Polygon", "coordinates": [ [ [ 10.061917, 57.054292 ], [ 10.067686, 57.054243 ], [ 10.067596, 57.051099 ], [ 10.061827, 57.051148 ], [ 10.061917, 57.054292 ] ] ] } },
{ "type": "Feature", "properties": { "cell_id": 1053, "area_m2": 122500.0, "bund": 29.1, "dybde": 30.8, "stroem": 62.9, "natur": 99.4 }, "geometry": { "type": "Polygon", "coordinates": [ [ [ 10.062007, 57.057435 ], [ 10.067776, 57.057386 ], [ 10.067686, 57.054243 ], [ 10.061917, 57.054292 ], [ 10.062007, 57.057435 ] ] ] } },
{ "type": "Feature", "properties": { "cell_id": 1054, "area_m2": 94302.1, "bund": 29.1, "dybde": 32.1, "stroem": 62.1, "natur": 99.4 }, "geometry": { "type": "Polygon", "coordinates": [ [ [ 10.062007, 57.057435 ], [ 10.062097, 57.060579 ], [ 10.064833, 57.060556 ], [ 10.064861, 57.060532 ], [ 10.067728, 57.057831 ], [ 10.067773, 57.057784 ], [ 10.067787, 57.057766 ], [ 10.067776, 57.057386 ], [ 10.062007, 57.057435 ] ] ] } },
{ "type": "Feature", "properties": { "cell_id": 1055, "area_m2": 18608.3, "bund": 29.3, "dybde": 33.0, "stroem": 61.0, "natur": 99.1 }, "geometry": { "type": "Polygon", "coordinates": [ [ [ 10.062154, 57.062591 ], [ 10.064808, 57.060576 ], [ 10.064833, 57.060556 ], [ 10.062097, 57.060579 ], [ 10.062154, 57.062591 ] ] ] } },
{ "type": "Feature", "properties": { "cell_id": 1056, "area_m2": 57861.4, "bund": 27.7, "dybde": 20.3, "stroem": 69.3, "natur": 90.8 }, "geometry": { "type": "Polygon", "coordinates": [ [ [ 10.067055, 57.032237 ], [ 10.07085, 57.032205 ], [ 10.069466, 57.030195 ], [ 10.069427, 57.030146 ], [ 10.068465, 57.029081 ], [ 10.066965, 57.029093 ], [ 10.067055, 57.032237 ] ] ] } },
{ "type": "Feature", "properties": { "cell_id": 1057, "area_m2": 99327.0, "bund": 27.8, "dybde": 21.7, "stroem": 69.1, "natur": 91.7 }, "geometry": { "type": "Polygon", "coordinates": [ [ [ 10.067145, 57.035381 ], [ 10.07257, 57.035334 ], [ 10.071508, 57.033166 ], [ 10.071478, 57.033116 ], [ 10.07085, 57.032205 ], [ 10.067055, 57.032237 ], [ 10.067145, 57.035381 ] ] ] } },
{ "type": "Feature", "properties": { "cell_id": 1058, "area_m2": 121645.7, "bund": 27.9, "dybde": 23.2, "stroem": 68.7, "natur": 92.5 }, "geometry": { "type": "Polygon", "coordinates": [ [ [ 10.067235, 57.038524 ], [ 10.073002, 57.038475 ], [ 10.072932, 57.036073 ], [ 10.07257, 57.035334 ], [ 10.067145, 57.035381 ], [ 10.067235, 57.038524 ] ] ] } },
{ "type": "Feature", "properties": { "cell_id": 1059, "area_m2": 122500.0, "bund": 28.0, "dybde": 24.5, "stroem": 68.2, "natur": 93.6 }, "geometry": { "type": "Polygon", "coordinates": [ [ [ 10.067325, 57.041668 ], [ 10.073092, 57.041619 ], [ 10.073002, 57.038475 ], [ 10.067235, 57.038524 ], [ 10.067325, 57.041668 ] ] ] } },
{ "type": "Feature", "properties": { "cell_id": 1060, "area_m2": 122500.0, "bund": 28.2, "dybde": 26.0, "stroem": 67.7, "natur": 94.7 }, "geometry": { "type": "Polygon", "coordinates": [ [ [ 10.067415, 57.044812 ], [ 10.073183, 57.044762 ], [ 10.073092, 57.041619 ], [ 10.067325, 57.041668 ], [ 10.067415, 57.044812 ] ] ] } },
{ "type": "Feature", "properties": { "cell_id": 1061, "area_m2": 122500.0, "bund": 28.3, "dybde": 27.5, "stroem": 67.0, "natur": 95.8 }, "geometry": { "type": "Polygon", "coordinates": [ [ [ 10.067506, 57.047955 ], [ 10.073274, 57.047906 ], [ 10.073183, 57.044762 ], [ 10.067415, 57.044812 ], [ 10.067506, 57.047955 ] ] ] } },
{ "type": "Feature", "properties": { "cell_id": 1062, "area_m2": 115707.8, "bund": 28.4, "dybde": 29.0, "stroem": 66.4, "natur": 96.9 }, "geometry": { "type": "Polygon", "coordinates": [ [ [ 10.067506, 57.047955 ], [ 10.067596, 57.051099 ], [ 10.072403, 57.051058 ], [ 10.073304, 57.048958 ], [ 10.073274, 57.047906 ], [ 10.067506, 57.047955 ] ] ] } },
{ "type": "Feature", "properties": { "cell_id": 1063, "area_m2": 83248.3, "bund": 28.5, "dybde": 30.3, "stroem": 65.5, "natur": 97.9 }, "geometry": { "type": "Polygon", "coordinates": [ [ [ 10.067686, 57.054243 ], [ 10.070597, 57.054218 ], [ 10.07202, 57.051938 ], [ 10.072047, 57.051888 ], [ 10.072403, 57.051058 ], [ 10.067596, 57.051099 ], [ 10.067686, 57.054243 ] ] ] } },
{ "type": "Feature", "properties": { "cell_id": 1064, "area_m2": 35625.0, "bund": 28.7, "dybde": 31.5, "stroem": 64.7, "natur": 98.5 }, "geometry": { "type": "Polygon", "coordinates": [ [ [ 10.067776, 57.057386 ], [ 10.068106, 57.057383 ], [ 10.07014, 57.054942 ], [ 10.070176, 57.054893 ], [ 10.070597, 57.054218 ], [ 10.067686, 57.054243 ], [ 10.067776, 57.057386 ] ] ] } },
{ "type": "Feature", "properties": { "cell_id": 1065, "area_m2": 20327.4, "bund": 27.8, "dybde": 25.9, "stroem": 68.8, "natur": 92.4 }, "geometry": { "type": "Polygon", "coordinates": [ [ [ 10.073092, 57.041619 ], [ 10.074213, 57.041609 ], [ 10.073946, 57.039365 ], [ 10.073935, 57.039312 ], [ 10.07368, 57.038469 ], [ 10.073002, 57.038475 ], [ 10.073092, 57.041619 ] ] ] } },
{ "type": "Feature", "properties": { "cell_id": 1066, "area_m2": 23738.2, "bund": 27.9, "dybde": 27.2, "stroem": 68.3, "natur": 93.5 }, "geometry": { "type": "Polygon", "coordinates": [ [ [ 10.073183, 57.044762 ], [ 10.074182, 57.044754 ], [ 10.074318, 57.042532 ], [ 10.074316, 57.042479 ], [ 10.074213, 57.041609 ], [ 10.073092, 57.041619 ], [ 10.073183, 57.044762 ] ] ] } }
]
}
